f_hz,distance_m,input_w,tx_radius_m,rx_radius_m,tx_wire_mm2,rx_wire_mm2,tx_copper_kg,rx_copper_kg,mutual_h,coupling_figure_x,load_ohm,tx_current_rms_a,rx_current_rms_a,rx_induced_emf_at_loaded_tx_current_rms_v,rx_open_circuit_at_fixed_input_rms_v,load_w,coil_efficiency,tx_heat_w,rx_heat_w,energy_balance_error_w,rx_field_rms_t,tx_radiation_resistance_ohm,tx_radiated_w,tx_q,required_r_each_for_50pct_ohm,ka_tx,kr
1,1000,100,10,1,0.5,0.5,0.2814867017616454,0.028148670176164545,9.869604401089359e-14,8.193415449993744e-25,0.21664422939155217,6.79401399665504,9.723641305459583e-12,4.213141555002315e-12,4.213141555002315e-12,2.0483538624984362e-23,2.048353862498436e-25,100.0,2.0483538624984362e-23,-2.0483538624984362e-23,2.1344024460277705e-13,3.8086091177776185e-25,1.7580016455892418e-23,0.0003720608023017339,2.1924748499986315e-13,2.0958450219516817e-07,2.0958450219516817e-05
1,3000,100,10,1,0.5,0.5,0.2814867017616454,0.028148670176164545,3.655409037440504e-15,1.1239253017824067e-27,0.21664422939155217,6.79401399665504,3.601348631651697e-13,1.5604227981490057e-13,1.5604227981490057e-13,2.809813254456017e-26,2.8098132544560168e-28,100.0,2.809813254456017e-26,-2.809813254456017e-26,7.905194244547299e-15,3.8086091177776185e-25,1.7580016455892418e-23,0.0003720608023017339,8.120277222217155e-15,2.0958450219516817e-07,6.287535065855045e-05
1,10000,100,10,1,0.5,0.5,0.2814867017616454,0.028148670176164545,9.86960440108936e-17,8.193415449993744e-31,0.21664422939155217,6.79401399665504,9.723641305459583e-15,4.2131415550023155e-15,4.2131415550023155e-15,2.0483538624984362e-29,2.048353862498436e-31,100.0,2.0483538624984362e-29,-2.0483538624984362e-29,2.1344024460277706e-16,3.8086091177776185e-25,1.7580016455892418e-23,0.0003720608023017339,2.1924748499986318e-16,2.0958450219516817e-07,0.00020958450219516817
1,30000,100,10,1,0.5,0.5,0.2814867017616454,0.028148670176164545,3.6554090374405034e-18,1.1239253017824065e-33,0.21664422939155217,6.79401399665504,3.601348631651697e-16,1.5604227981490054e-16,1.5604227981490054e-16,2.8098132544560163e-32,2.809813254456016e-34,100.0,2.8098132544560163e-32,-2.8098132544560163e-32,7.905194244547298e-18,3.8086091177776185e-25,1.7580016455892418e-23,0.0003720608023017339,8.120277222217153e-18,2.0958450219516817e-07,0.0006287535065855046
1,100000,100,10,1,0.5,0.5,0.2814867017616454,0.028148670176164545,9.869604401089359e-20,8.193415449993744e-37,0.21664422939155217,6.79401399665504,9.723641305459582e-18,4.213141555002315e-18,4.213141555002315e-18,2.0483538624984362e-35,2.048353862498436e-37,100.0,2.0483538624984362e-35,-2.0483538624984362e-35,2.1344024460277705e-19,3.8086091177776185e-25,1.7580016455892418e-23,0.0003720608023017339,2.1924748499986316e-19,2.0958450219516817e-07,0.0020958450219516816
1,1000,100,10,1,2.5,2.5,1.407433508808227,0.1407433508808227,9.869604401089359e-14,2.048353862498436e-23,0.043328845878310436,15.191877136605695,1.087136147391621e-10,9.420870915814344e-12,9.420870915814344e-12,5.12088465624609e-22,5.12088465624609e-24,100.0,5.12088465624609e-22,-5.12088465624609e-22,4.77266896065992e-13,3.8086091177776185e-25,8.790008227946208e-23,0.0017136625288488123,2.1924748499986315e-13,2.0958450219516817e-07,2.0958450219516817e-05
1,3000,100,10,1,2.5,2.5,1.407433508808227,0.1407433508808227,3.655409037440504e-15,2.809813254456017e-26,0.043328845878310436,15.191877136605695,4.0264301755245225e-12,3.489211450301609e-13,3.489211450301609e-13,7.024533136140041e-25,7.024533136140042e-27,100.0,7.024533136140041e-25,-7.024533136140041e-25,1.767655170614785e-14,3.8086091177776185e-25,8.790008227946208e-23,0.0017136625288488123,8.120277222217155e-15,2.0958450219516817e-07,6.287535065855045e-05
1,10000,100,10,1,2.5,2.5,1.407433508808227,0.1407433508808227,9.86960440108936e-17,2.0483538624984362e-29,0.043328845878310436,15.191877136605695,1.0871361473916212e-13,9.420870915814345e-15,9.420870915814345e-15,5.120884656246091e-28,5.1208846562460904e-30,100.0,5.120884656246091e-28,-5.120884656246091e-28,4.77266896065992e-16,3.8086091177776185e-25,8.790008227946208e-23,0.0017136625288488123,2.1924748499986318e-16,2.0958450219516817e-07,0.00020958450219516817
1,30000,100,10,1,2.5,2.5,1.407433508808227,0.1407433508808227,3.6554090374405034e-18,2.8098132544560163e-32,0.043328845878310436,15.191877136605695,4.0264301755245225e-15,3.4892114503016086e-16,3.4892114503016086e-16,7.02453313614004e-31,7.024533136140041e-33,100.0,7.02453313614004e-31,-7.02453313614004e-31,1.7676551706147848e-17,3.8086091177776185e-25,8.790008227946208e-23,0.0017136625288488123,8.120277222217153e-18,2.0958450219516817e-07,0.0006287535065855046
1,100000,100,10,1,2.5,2.5,1.407433508808227,0.1407433508808227,9.869604401089359e-20,2.048353862498436e-35,0.043328845878310436,15.191877136605695,1.0871361473916209e-16,9.420870915814344e-18,9.420870915814344e-18,5.120884656246089e-34,5.12088465624609e-36,100.0,5.120884656246089e-34,-5.120884656246089e-34,4.77266896065992e-19,3.8086091177776185e-25,8.790008227946208e-23,0.0017136625288488123,2.1924748499986316e-19,2.0958450219516817e-07,0.0020958450219516816
1,1000,100,10,1,10,10,5.629734035232908,0.5629734035232908,9.869604401089359e-14,3.2773661799974974e-22,0.010832211469577609,30.38375427321139,8.697089179132968e-10,1.884174183162869e-11,1.884174183162869e-11,8.193415449993743e-21,8.193415449993744e-23,100.0,8.193415449993743e-21,-8.193415449993743e-21,9.54533792131984e-13,3.8086091177776185e-25,3.516003291178483e-22,0.006349409723213439,2.1924748499986315e-13,2.0958450219516817e-07,2.0958450219516817e-05
1,3000,100,10,1,10,10,5.629734035232908,0.5629734035232908,3.655409037440504e-15,4.495701207129627e-25,0.010832211469577609,30.38375427321139,3.221144140419618e-11,6.978422900603218e-13,6.978422900603218e-13,1.1239253017824065e-23,1.1239253017824067e-25,100.0,1.1239253017824065e-23,-1.1239253017824065e-23,3.53531034122957e-14,3.8086091177776185e-25,3.516003291178483e-22,0.006349409723213439,8.120277222217155e-15,2.0958450219516817e-07,6.287535065855045e-05
1,10000,100,10,1,10,10,5.629734035232908,0.5629734035232908,9.86960440108936e-17,3.277366179997498e-28,0.010832211469577609,30.38375427321139,8.697089179132969e-13,1.884174183162869e-14,1.884174183162869e-14,8.193415449993746e-27,8.193415449993745e-29,100.0,8.193415449993746e-27,-8.193415449993746e-27,9.54533792131984e-16,3.8086091177776185e-25,3.516003291178483e-22,0.006349409723213439,2.1924748499986318e-16,2.0958450219516817e-07,0.00020958450219516817
1,30000,100,10,1,10,10,5.629734035232908,0.5629734035232908,3.6554090374405034e-18,4.495701207129626e-31,0.010832211469577609,30.38375427321139,3.221144140419618e-14,6.978422900603217e-16,6.978422900603217e-16,1.1239253017824064e-29,1.1239253017824065e-31,100.0,1.1239253017824064e-29,-1.1239253017824064e-29,3.5353103412295697e-17,3.8086091177776185e-25,3.516003291178483e-22,0.006349409723213439,8.120277222217153e-18,2.0958450219516817e-07,0.0006287535065855046
1,100000,100,10,1,10,10,5.629734035232908,0.5629734035232908,9.869604401089359e-20,3.2773661799974976e-34,0.010832211469577609,30.38375427321139,8.697089179132967e-16,1.8841741831628688e-17,1.8841741831628688e-17,8.193415449993743e-33,8.193415449993744e-35,100.0,8.193415449993743e-33,-8.193415449993743e-33,9.54533792131984e-19,3.8086091177776185e-25,3.516003291178483e-22,0.006349409723213439,2.1924748499986316e-19,2.0958450219516817e-07,0.0020958450219516816
1,1000,100,10,1,50,50,28.14867017616454,2.814867017616454,9.869604401089359e-14,8.193415449993743e-21,0.002166442293915522,67.94013996655039,9.72364130545958e-09,4.213141555002315e-11,4.213141555002315e-11,2.0483538624984356e-19,2.048353862498436e-21,100.0,2.0483538624984356e-19,-2.0483538624984356e-19,2.13440244602777e-12,3.8086091177776185e-25,1.7580016455892415e-21,0.028814218962870054,2.1924748499986315e-13,2.0958450219516817e-07,2.0958450219516817e-05
1,3000,100,10,1,50,50,28.14867017616454,2.814867017616454,3.655409037440504e-15,1.1239253017824065e-23,0.002166442293915522,67.94013996655039,3.6013486316516966e-10,1.5604227981490054e-12,1.5604227981490054e-12,2.8098132544560164e-22,2.8098132544560163e-24,100.0,2.8098132544560164e-22,-2.8098132544560164e-22,7.905194244547298e-14,3.8086091177776185e-25,1.7580016455892415e-21,0.028814218962870054,8.120277222217155e-15,2.0958450219516817e-07,6.287535065855045e-05
1,10000,100,10,1,50,50,28.14867017616454,2.814867017616454,9.86960440108936e-17,8.193415449993745e-27,0.002166442293915522,67.94013996655039,9.723641305459581e-12,4.213141555002315e-14,4.213141555002315e-14,2.048353862498436e-25,2.048353862498436e-27,100.0,2.048353862498436e-25,-2.048353862498436e-25,2.1344024460277703e-15,3.8086091177776185e-25,1.7580016455892415e-21,0.028814218962870054,2.1924748499986318e-16,2.0958450219516817e-07,0.00020958450219516817
1,30000,100,10,1,50,50,28.14867017616454,2.814867017616454,3.6554090374405034e-18,1.1239253017824063e-29,0.002166442293915522,67.94013996655039,3.601348631651696e-13,1.5604227981490052e-15,1.5604227981490052e-15,2.8098132544560154e-28,2.8098132544560157e-30,100.0,2.8098132544560154e-28,-2.8098132544560154e-28,7.905194244547295e-17,3.8086091177776185e-25,1.7580016455892415e-21,0.028814218962870054,8.120277222217153e-18,2.0958450219516817e-07,0.0006287535065855046
1,100000,100,10,1,50,50,28.14867017616454,2.814867017616454,9.869604401089359e-20,8.193415449993743e-33,0.002166442293915522,67.94013996655039,9.723641305459581e-15,4.2131415550023144e-17,4.2131415550023144e-17,2.048353862498436e-31,2.0483538624984357e-33,100.0,2.048353862498436e-31,-2.048353862498436e-31,2.1344024460277704e-18,3.8086091177776185e-25,1.7580016455892415e-21,0.028814218962870054,2.1924748499986316e-19,2.0958450219516817e-07,0.0020958450219516816
1,1000,100,10,1,100,100,56.29734035232908,5.629734035232908,9.869604401089359e-14,3.2773661799974973e-20,0.001083221146957761,96.08186737022191,2.750261081966433e-08,5.958281927281944e-11,5.958281927281944e-11,8.193415449993742e-19,8.193415449993743e-21,100.0,8.193415449993742e-19,-8.193415449993742e-19,3.0185008867347806e-12,3.8086091177776185e-25,3.516003291178483e-21,0.05510223596483107,2.1924748499986315e-13,2.0958450219516817e-07,2.0958450219516817e-05
1,3000,100,10,1,100,100,56.29734035232908,5.629734035232908,3.655409037440504e-15,4.495701207129626e-23,0.001083221146957761,96.08186737022191,1.0186152155431235e-09,2.206771084178498e-12,2.206771084178498e-12,1.1239253017824066e-21,1.1239253017824065e-23,100.0,1.1239253017824066e-21,-1.1239253017824066e-21,1.1179632913832522e-13,3.8086091177776185e-25,3.516003291178483e-21,0.05510223596483107,8.120277222217155e-15,2.0958450219516817e-07,6.287535065855045e-05
1,10000,100,10,1,100,100,56.29734035232908,5.629734035232908,9.86960440108936e-17,3.277366179997498e-26,0.001083221146957761,96.08186737022191,2.7502610819664332e-11,5.958281927281944e-14,5.958281927281944e-14,8.193415449993744e-25,8.193415449993745e-27,100.0,8.193415449993744e-25,-8.193415449993744e-25,3.0185008867347807e-15,3.8086091177776185e-25,3.516003291178483e-21,0.05510223596483107,2.1924748499986318e-16,2.0958450219516817e-07,0.00020958450219516817
1,30000,100,10,1,100,100,56.29734035232908,5.629734035232908,3.6554090374405034e-18,4.495701207129625e-29,0.001083221146957761,96.08186737022191,1.0186152155431234e-12,2.2067710841784976e-15,2.2067710841784976e-15,1.1239253017824062e-27,1.1239253017824063e-29,100.0,1.1239253017824062e-27,-1.1239253017824062e-27,1.117963291383252e-16,3.8086091177776185e-25,3.516003291178483e-21,0.05510223596483107,8.120277222217153e-18,2.0958450219516817e-07,0.0006287535065855046
1,100000,100,10,1,100,100,56.29734035232908,5.629734035232908,9.869604401089359e-20,3.277366179997497e-32,0.001083221146957761,96.08186737022191,2.7502610819664333e-14,5.958281927281945e-17,5.958281927281945e-17,8.193415449993744e-31,8.193415449993743e-33,100.0,8.193415449993744e-31,-8.193415449993744e-31,3.018500886734781e-18,3.8086091177776185e-25,3.516003291178483e-21,0.05510223596483107,2.1924748499986316e-19,2.0958450219516817e-07,0.0020958450219516816
1,1000,100,10,10,0.5,0.5,0.2814867017616454,0.2814867017616454,9.86960440108936e-12,8.193415449993745e-22,2.1664422939155217,6.79401399665504,9.723641305459583e-11,4.2131415550023155e-10,4.2131415550023155e-10,2.0483538624984363e-20,2.0483538624984362e-22,100.0,2.0483538624984363e-20,-2.0483538624984363e-20,2.1344024460277705e-13,3.8086091177776185e-25,1.7580016455892418e-23,0.0003720608023017339,2.1924748499986317e-11,2.0958450219516817e-07,2.0958450219516817e-05
1,3000,100,10,10,0.5,0.5,0.2814867017616454,0.2814867017616454,3.6554090374405037e-13,1.1239253017824066e-24,2.1664422939155217,6.79401399665504,3.601348631651697e-12,1.5604227981490058e-11,1.5604227981490058e-11,2.809813254456017e-23,2.8098132544560165e-25,100.0,2.809813254456017e-23,-2.809813254456017e-23,7.905194244547299e-15,3.8086091177776185e-25,1.7580016455892418e-23,0.0003720608023017339,8.120277222217154e-13,2.0958450219516817e-07,6.287535065855045e-05
1,10000,100,10,10,0.5,0.5,0.2814867017616454,0.2814867017616454,9.86960440108936e-15,8.193415449993745e-28,2.1664422939155217,6.79401399665504,9.723641305459582e-14,4.2131415550023153e-13,4.2131415550023153e-13,2.0483538624984364e-26,2.0483538624984363e-28,100.0,2.0483538624984364e-26,-2.0483538624984364e-26,2.1344024460277706e-16,3.8086091177776185e-25,1.7580016455892418e-23,0.0003720608023017339,2.1924748499986318e-14,2.0958450219516817e-07,0.00020958450219516817
1,30000,100,10,10,0.5,0.5,0.2814867017616454,0.2814867017616454,3.6554090374405037e-16,1.1239253017824064e-30,2.1664422939155217,6.79401399665504,3.601348631651697e-15,1.5604227981490054e-14,1.5604227981490054e-14,2.8098132544560164e-29,2.809813254456016e-31,100.0,2.8098132544560164e-29,-2.8098132544560164e-29,7.905194244547298e-18,3.8086091177776185e-25,1.7580016455892418e-23,0.0003720608023017339,8.120277222217154e-16,2.0958450219516817e-07,0.0006287535065855046
1,100000,100,10,10,0.5,0.5,0.2814867017616454,0.2814867017616454,9.86960440108936e-18,8.193415449993745e-34,2.1664422939155217,6.79401399665504,9.723641305459582e-17,4.2131415550023157e-16,4.2131415550023157e-16,2.0483538624984367e-32,2.0483538624984362e-34,100.0,2.0483538624984367e-32,-2.0483538624984367e-32,2.1344024460277705e-19,3.8086091177776185e-25,1.7580016455892418e-23,0.0003720608023017339,2.192474849998632e-17,2.0958450219516817e-07,0.0020958450219516816
1,1000,100,10,10,2.5,2.5,1.407433508808227,1.407433508808227,9.86960440108936e-12,2.0483538624984363e-20,0.43328845878310435,15.191877136605695,1.087136147391621e-09,9.420870915814346e-10,9.420870915814346e-10,5.12088465624609e-19,5.120884656246091e-21,100.0,5.12088465624609e-19,-5.12088465624609e-19,4.77266896065992e-13,3.8086091177776185e-25,8.790008227946208e-23,0.0017136625288488123,2.1924748499986317e-11,2.0958450219516817e-07,2.0958450219516817e-05
1,3000,100,10,10,2.5,2.5,1.407433508808227,1.407433508808227,3.6554090374405037e-13,2.809813254456017e-23,0.43328845878310435,15.191877136605695,4.0264301755245225e-11,3.489211450301609e-11,3.489211450301609e-11,7.024533136140041e-22,7.024533136140042e-24,100.0,7.024533136140041e-22,-7.024533136140041e-22,1.767655170614785e-14,3.8086091177776185e-25,8.790008227946208e-23,0.0017136625288488123,8.120277222217154e-13,2.0958450219516817e-07,6.287535065855045e-05
1,10000,100,10,10,2.5,2.5,1.407433508808227,1.407433508808227,9.86960440108936e-15,2.0483538624984364e-26,0.43328845878310435,15.191877136605695,1.0871361473916212e-12,9.420870915814346e-13,9.420870915814346e-13,5.120884656246091e-25,5.120884656246091e-27,100.0,5.120884656246091e-25,-5.120884656246091e-25,4.77266896065992e-16,3.8086091177776185e-25,8.790008227946208e-23,0.0017136625288488123,2.1924748499986318e-14,2.0958450219516817e-07,0.00020958450219516817
1,30000,100,10,10,2.5,2.5,1.407433508808227,1.407433508808227,3.6554090374405037e-16,2.8098132544560164e-29,0.43328845878310435,15.191877136605695,4.026430175524522e-14,3.489211450301609e-14,3.489211450301609e-14,7.02453313614004e-28,7.024533136140041e-30,100.0,7.02453313614004e-28,-7.02453313614004e-28,1.7676551706147848e-17,3.8086091177776185e-25,8.790008227946208e-23,0.0017136625288488123,8.120277222217154e-16,2.0958450219516817e-07,0.0006287535065855046
1,100000,100,10,10,2.5,2.5,1.407433508808227,1.407433508808227,9.86960440108936e-18,2.0483538624984364e-32,0.43328845878310435,15.191877136605695,1.087136147391621e-15,9.420870915814344e-16,9.420870915814344e-16,5.12088465624609e-31,5.120884656246091e-33,100.0,5.12088465624609e-31,-5.12088465624609e-31,4.77266896065992e-19,3.8086091177776185e-25,8.790008227946208e-23,0.0017136625288488123,2.192474849998632e-17,2.0958450219516817e-07,0.0020958450219516816
1,1000,100,10,10,10,10,5.629734035232908,5.629734035232908,9.86960440108936e-12,3.277366179997498e-19,0.10832211469577609,30.38375427321139,8.697089179132968e-09,1.884174183162869e-09,1.884174183162869e-09,8.193415449993744e-18,8.193415449993745e-20,100.0,8.193415449993744e-18,-8.193415449993744e-18,9.54533792131984e-13,3.8086091177776185e-25,3.516003291178483e-22,0.006349409723213439,2.1924748499986317e-11,2.0958450219516817e-07,2.0958450219516817e-05
1,3000,100,10,10,10,10,5.629734035232908,5.629734035232908,3.6554090374405037e-13,4.495701207129627e-22,0.10832211469577609,30.38375427321139,3.221144140419618e-10,6.978422900603218e-11,6.978422900603218e-11,1.1239253017824066e-20,1.1239253017824068e-22,100.0,1.1239253017824066e-20,-1.1239253017824066e-20,3.53531034122957e-14,3.8086091177776185e-25,3.516003291178483e-22,0.006349409723213439,8.120277222217154e-13,2.0958450219516817e-07,6.287535065855045e-05
1,10000,100,10,10,10,10,5.629734035232908,5.629734035232908,9.86960440108936e-15,3.277366179997498e-25,0.10832211469577609,30.38375427321139,8.69708917913297e-12,1.884174183162869e-12,1.884174183162869e-12,8.193415449993746e-24,8.193415449993745e-26,100.0,8.193415449993746e-24,-8.193415449993746e-24,9.54533792131984e-16,3.8086091177776185e-25,3.516003291178483e-22,0.006349409723213439,2.1924748499986318e-14,2.0958450219516817e-07,0.00020958450219516817
1,30000,100,10,10,10,10,5.629734035232908,5.629734035232908,3.6554090374405037e-16,4.495701207129626e-28,0.10832211469577609,30.38375427321139,3.2211441404196175e-13,6.978422900603218e-14,6.978422900603218e-14,1.1239253017824064e-26,1.1239253017824066e-28,100.0,1.1239253017824064e-26,-1.1239253017824064e-26,3.5353103412295697e-17,3.8086091177776185e-25,3.516003291178483e-22,0.006349409723213439,8.120277222217154e-16,2.0958450219516817e-07,0.0006287535065855046
1,100000,100,10,10,10,10,5.629734035232908,5.629734035232908,9.86960440108936e-18,3.2773661799974983e-31,0.10832211469577609,30.38375427321139,8.697089179132968e-15,1.884174183162869e-15,1.884174183162869e-15,8.193415449993745e-30,8.193415449993746e-32,100.0,8.193415449993745e-30,-8.193415449993745e-30,9.54533792131984e-19,3.8086091177776185e-25,3.516003291178483e-22,0.006349409723213439,2.192474849998632e-17,2.0958450219516817e-07,0.0020958450219516816
1,1000,100,10,10,50,50,28.14867017616454,28.14867017616454,9.86960440108936e-12,8.193415449993744e-18,0.021664422939155218,67.94013996655039,9.723641305459581e-08,4.213141555002315e-09,4.213141555002315e-09,2.048353862498436e-16,2.048353862498436e-18,100.0,2.048353862498436e-16,-2.048353862498436e-16,2.13440244602777e-12,3.8086091177776185e-25,1.7580016455892415e-21,0.028814218962870054,2.1924748499986317e-11,2.0958450219516817e-07,2.0958450219516817e-05
1,3000,100,10,10,50,50,28.14867017616454,28.14867017616454,3.6554090374405037e-13,1.1239253017824067e-20,0.021664422939155218,67.94013996655039,3.601348631651697e-09,1.5604227981490054e-10,1.5604227981490054e-10,2.8098132544560166e-19,2.8098132544560168e-21,100.0,2.8098132544560166e-19,-2.8098132544560166e-19,7.905194244547298e-14,3.8086091177776185e-25,1.7580016455892415e-21,0.028814218962870054,8.120277222217154e-13,2.0958450219516817e-07,6.287535065855045e-05
1,10000,100,10,10,50,50,28.14867017616454,28.14867017616454,9.86960440108936e-15,8.193415449993745e-24,0.021664422939155218,67.94013996655039,9.723641305459582e-11,4.213141555002315e-12,4.213141555002315e-12,2.0483538624984362e-22,2.048353862498436e-24,100.0,2.0483538624984362e-22,-2.0483538624984362e-22,2.1344024460277703e-15,3.8086091177776185e-25,1.7580016455892415e-21,0.028814218962870054,2.1924748499986318e-14,2.0958450219516817e-07,0.00020958450219516817
1,30000,100,10,10,50,50,28.14867017616454,28.14867017616454,3.6554090374405037e-16,1.1239253017824064e-26,0.021664422939155218,67.94013996655039,3.6013486316516968e-12,1.5604227981490054e-13,1.5604227981490054e-13,2.809813254456016e-25,2.809813254456016e-27,100.0,2.809813254456016e-25,-2.809813254456016e-25,7.905194244547295e-17,3.8086091177776185e-25,1.7580016455892415e-21,0.028814218962870054,8.120277222217154e-16,2.0958450219516817e-07,0.0006287535065855046
1,100000,100,10,10,50,50,28.14867017616454,28.14867017616454,9.86960440108936e-18,8.193415449993745e-30,0.021664422939155218,67.94013996655039,9.723641305459582e-14,4.213141555002315e-15,4.213141555002315e-15,2.0483538624984363e-28,2.048353862498436e-30,100.0,2.0483538624984363e-28,-2.0483538624984363e-28,2.1344024460277704e-18,3.8086091177776185e-25,1.7580016455892415e-21,0.028814218962870054,2.192474849998632e-17,2.0958450219516817e-07,0.0020958450219516816
1,1000,100,10,10,100,100,56.29734035232908,56.29734035232908,9.86960440108936e-12,3.277366179997498e-17,0.010832211469577609,96.08186737022191,2.750261081966433e-07,5.958281927281945e-09,5.958281927281945e-09,8.193415449993744e-16,8.193415449993744e-18,100.0,8.193415449993744e-16,-8.193415449993744e-16,3.0185008867347806e-12,3.8086091177776185e-25,3.516003291178483e-21,0.05510223596483107,2.1924748499986317e-11,2.0958450219516817e-07,2.0958450219516817e-05
1,3000,100,10,10,100,100,56.29734035232908,56.29734035232908,3.6554090374405037e-13,4.495701207129627e-20,0.010832211469577609,96.08186737022191,1.0186152155431236e-08,2.206771084178498e-10,2.206771084178498e-10,1.1239253017824066e-18,1.1239253017824067e-20,100.0,1.1239253017824066e-18,-1.1239253017824066e-18,1.1179632913832522e-13,3.8086091177776185e-25,3.516003291178483e-21,0.05510223596483107,8.120277222217154e-13,2.0958450219516817e-07,6.287535065855045e-05
1,10000,100,10,10,100,100,56.29734035232908,56.29734035232908,9.86960440108936e-15,3.277366179997498e-23,0.010832211469577609,96.08186737022191,2.7502610819664335e-10,5.958281927281945e-12,5.958281927281945e-12,8.193415449993745e-22,8.193415449993745e-24,100.0,8.193415449993745e-22,-8.193415449993745e-22,3.0185008867347807e-15,3.8086091177776185e-25,3.516003291178483e-21,0.05510223596483107,2.1924748499986318e-14,2.0958450219516817e-07,0.00020958450219516817
1,30000,100,10,10,100,100,56.29734035232908,56.29734035232908,3.6554090374405037e-16,4.4957012071296257e-26,0.010832211469577609,96.08186737022191,1.0186152155431235e-11,2.206771084178498e-13,2.206771084178498e-13,1.1239253017824064e-24,1.1239253017824064e-26,100.0,1.1239253017824064e-24,-1.1239253017824064e-24,1.117963291383252e-16,3.8086091177776185e-25,3.516003291178483e-21,0.05510223596483107,8.120277222217154e-16,2.0958450219516817e-07,0.0006287535065855046
1,100000,100,10,10,100,100,56.29734035232908,56.29734035232908,9.86960440108936e-18,3.277366179997498e-29,0.010832211469577609,96.08186737022191,2.7502610819664337e-13,5.958281927281945e-15,5.958281927281945e-15,8.193415449993745e-28,8.193415449993745e-30,100.0,8.193415449993745e-28,-8.193415449993745e-28,3.018500886734781e-18,3.8086091177776185e-25,3.516003291178483e-21,0.05510223596483107,2.192474849998632e-17,2.0958450219516817e-07,0.0020958450219516816
1,1000,100,10,100,0.5,0.5,0.2814867017616454,2.814867017616455,9.86960440108936e-10,8.193415449993744e-19,21.664422939155216,6.79401399665504,9.723641305459582e-10,4.213141555002315e-08,4.213141555002315e-08,2.0483538624984362e-17,2.048353862498436e-19,100.0,2.0483538624984362e-17,-2.0483538624984362e-17,2.1344024460277705e-13,3.8086091177776185e-25,1.7580016455892418e-23,0.0003720608023017339,2.1924748499986317e-09,2.0958450219516817e-07,2.0958450219516817e-05
1,3000,100,10,100,0.5,0.5,0.2814867017616454,2.814867017616455,3.6554090374405037e-11,1.1239253017824067e-21,21.664422939155216,6.79401399665504,3.6013486316516974e-11,1.5604227981490057e-09,1.5604227981490057e-09,2.809813254456017e-20,2.809813254456017e-22,100.0,2.809813254456017e-20,-2.809813254456017e-20,7.905194244547299e-15,3.8086091177776185e-25,1.7580016455892418e-23,0.0003720608023017339,8.120277222217155e-11,2.0958450219516817e-07,6.287535065855045e-05
1,10000,100,10,100,0.5,0.5,0.2814867017616454,2.814867017616455,9.869604401089358e-13,8.1934154499937445e-25,21.664422939155216,6.79401399665504,9.723641305459583e-13,4.213141555002315e-11,4.213141555002315e-11,2.0483538624984362e-23,2.0483538624984361e-25,100.0,2.0483538624984362e-23,-2.0483538624984362e-23,2.1344024460277706e-16,3.8086091177776185e-25,1.7580016455892418e-23,0.0003720608023017339,2.1924748499986314e-12,2.0958450219516817e-07,0.00020958450219516817
1,30000,100,10,100,0.5,0.5,0.2814867017616454,2.814867017616455,3.655409037440503e-14,1.1239253017824065e-27,21.664422939155216,6.79401399665504,3.6013486316516964e-14,1.5604227981490056e-12,1.5604227981490056e-12,2.809813254456016e-26,2.8098132544560163e-28,100.0,2.809813254456016e-26,-2.809813254456016e-26,7.905194244547298e-18,3.8086091177776185e-25,1.7580016455892418e-23,0.0003720608023017339,8.120277222217153e-14,2.0958450219516817e-07,0.0006287535065855046
1,100000,100,10,100,0.5,0.5,0.2814867017616454,2.814867017616455,9.869604401089359e-16,8.193415449993744e-31,21.664422939155216,6.79401399665504,9.723641305459581e-16,4.213141555002315e-14,4.213141555002315e-14,2.0483538624984362e-29,2.048353862498436e-31,100.0,2.0483538624984362e-29,-2.0483538624984362e-29,2.1344024460277705e-19,3.8086091177776185e-25,1.7580016455892418e-23,0.0003720608023017339,2.1924748499986315e-15,2.0958450219516817e-07,0.0020958450219516816
1,1000,100,10,100,2.5,2.5,1.407433508808227,14.074335088082274,9.86960440108936e-10,2.048353862498436e-17,4.332884587831043,15.191877136605695,1.087136147391621e-08,9.420870915814344e-08,9.420870915814344e-08,5.12088465624609e-16,5.12088465624609e-18,100.0,5.12088465624609e-16,-5.12088465624609e-16,4.77266896065992e-13,3.8086091177776185e-25,8.790008227946208e-23,0.0017136625288488123,2.1924748499986317e-09,2.0958450219516817e-07,2.0958450219516817e-05
1,3000,100,10,100,2.5,2.5,1.407433508808227,14.074335088082274,3.6554090374405037e-11,2.8098132544560163e-20,4.332884587831043,15.191877136605695,4.0264301755245226e-10,3.489211450301609e-09,3.489211450301609e-09,7.024533136140041e-19,7.024533136140041e-21,100.0,7.024533136140041e-19,-7.024533136140041e-19,1.767655170614785e-14,3.8086091177776185e-25,8.790008227946208e-23,0.0017136625288488123,8.120277222217155e-11,2.0958450219516817e-07,6.287535065855045e-05
1,10000,100,10,100,2.5,2.5,1.407433508808227,14.074335088082274,9.869604401089358e-13,2.048353862498436e-23,4.332884587831043,15.191877136605695,1.087136147391621e-11,9.420870915814344e-11,9.420870915814344e-11,5.12088465624609e-22,5.12088465624609e-24,100.0,5.12088465624609e-22,-5.12088465624609e-22,4.77266896065992e-16,3.8086091177776185e-25,8.790008227946208e-23,0.0017136625288488123,2.1924748499986314e-12,2.0958450219516817e-07,0.00020958450219516817
1,30000,100,10,100,2.5,2.5,1.407433508808227,14.074335088082274,3.655409037440503e-14,2.8098132544560157e-26,4.332884587831043,15.191877136605695,4.026430175524522e-13,3.4892114503016086e-12,3.4892114503016086e-12,7.024533136140039e-25,7.024533136140039e-27,100.0,7.024533136140039e-25,-7.024533136140039e-25,1.7676551706147848e-17,3.8086091177776185e-25,8.790008227946208e-23,0.0017136625288488123,8.120277222217153e-14,2.0958450219516817e-07,0.0006287535065855046
1,100000,100,10,100,2.5,2.5,1.407433508808227,14.074335088082274,9.869604401089359e-16,2.048353862498436e-29,4.332884587831043,15.191877136605695,1.087136147391621e-14,9.420870915814343e-14,9.420870915814343e-14,5.1208846562460895e-28,5.12088465624609e-30,100.0,5.1208846562460895e-28,-5.1208846562460895e-28,4.77266896065992e-19,3.8086091177776185e-25,8.790008227946208e-23,0.0017136625288488123,2.1924748499986315e-15,2.0958450219516817e-07,0.0020958450219516816
1,1000,100,10,100,10,10,5.629734035232908,56.297340352329094,9.86960440108936e-10,3.2773661799974974e-16,1.0832211469577608,30.38375427321139,8.697089179132967e-08,1.884174183162869e-07,1.884174183162869e-07,8.193415449993743e-15,8.193415449993743e-17,99.99999999999999,8.193415449993743e-15,-8.193415449993743e-15,9.54533792131984e-13,3.8086091177776185e-25,3.5160032911784827e-22,0.006349409723213439,2.1924748499986317e-09,2.0958450219516817e-07,2.0958450219516817e-05
1,3000,100,10,100,10,10,5.629734035232908,56.297340352329094,3.6554090374405037e-11,4.495701207129626e-19,1.0832211469577608,30.38375427321139,3.221144140419618e-09,6.978422900603218e-09,6.978422900603218e-09,1.1239253017824065e-17,1.1239253017824065e-19,100.0,1.1239253017824065e-17,-1.1239253017824065e-17,3.53531034122957e-14,3.8086091177776185e-25,3.516003291178483e-22,0.006349409723213439,8.120277222217155e-11,2.0958450219516817e-07,6.287535065855045e-05
1,10000,100,10,100,10,10,5.629734035232908,56.297340352329094,9.869604401089358e-13,3.2773661799974974e-22,1.0832211469577608,30.38375427321139,8.697089179132968e-11,1.8841741831628688e-10,1.8841741831628688e-10,8.193415449993743e-21,8.193415449993744e-23,100.0,8.193415449993743e-21,-8.193415449993743e-21,9.54533792131984e-16,3.8086091177776185e-25,3.516003291178483e-22,0.006349409723213439,2.1924748499986314e-12,2.0958450219516817e-07,0.00020958450219516817
1,30000,100,10,100,10,10,5.629734035232908,56.297340352329094,3.655409037440503e-14,4.495701207129625e-25,1.0832211469577608,30.38375427321139,3.2211441404196177e-12,6.978422900603217e-12,6.978422900603217e-12,1.1239253017824062e-23,1.1239253017824063e-25,100.0,1.1239253017824062e-23,-1.1239253017824062e-23,3.5353103412295697e-17,3.8086091177776185e-25,3.516003291178483e-22,0.006349409723213439,8.120277222217153e-14,2.0958450219516817e-07,0.0006287535065855046
1,100000,100,10,100,10,10,5.629734035232908,56.297340352329094,9.869604401089359e-16,3.2773661799974974e-28,1.0832211469577608,30.38375427321139,8.697089179132968e-14,1.8841741831628687e-13,1.8841741831628687e-13,8.193415449993743e-27,8.193415449993743e-29,100.0,8.193415449993743e-27,-8.193415449993743e-27,9.54533792131984e-19,3.8086091177776185e-25,3.516003291178483e-22,0.006349409723213439,2.1924748499986315e-15,2.0958450219516817e-07,0.0020958450219516816
1,1000,100,10,100,50,50,28.14867017616454,281.48670176164546,9.86960440108936e-10,8.193415449993744e-15,0.21664422939155303,67.94013996655025,9.723641305459541e-07,4.2131415550023054e-07,4.2131415550023144e-07,2.0483538624984277e-13,2.0483538624984277e-15,99.99999999999959,2.0483538624984194e-13,8.327434478188115e-15,2.1344024460277657e-12,3.8086091177776185e-25,1.758001645589234e-21,0.028814218962870054,2.1924748499986317e-09,2.0958450219516817e-07,2.0958450219516817e-05
1,3000,100,10,100,50,50,28.14867017616454,281.48670176164546,3.6554090374405037e-11,1.1239253017824065e-17,0.21664422939155217,67.94013996655039,3.6013486316516965e-08,1.5604227981490056e-08,1.5604227981490056e-08,2.8098132544560163e-16,2.8098132544560164e-18,100.0,2.8098132544560163e-16,-2.8098132544560163e-16,7.905194244547298e-14,3.8086091177776185e-25,1.7580016455892415e-21,0.028814218962870054,8.120277222217155e-11,2.0958450219516817e-07,6.287535065855045e-05
1,10000,100,10,100,50,50,28.14867017616454,281.48670176164546,9.869604401089358e-13,8.193415449993743e-21,0.21664422939155217,67.94013996655039,9.723641305459582e-10,4.2131415550023144e-10,4.2131415550023144e-10,2.0483538624984359e-19,2.048353862498436e-21,100.0,2.0483538624984359e-19,-2.0483538624984359e-19,2.1344024460277703e-15,3.8086091177776185e-25,1.7580016455892415e-21,0.028814218962870054,2.1924748499986314e-12,2.0958450219516817e-07,0.00020958450219516817
1,30000,100,10,100,50,50,28.14867017616454,281.48670176164546,3.655409037440503e-14,1.1239253017824064e-23,0.21664422939155217,67.94013996655039,3.601348631651696e-11,1.5604227981490054e-11,1.5604227981490054e-11,2.809813254456016e-22,2.809813254456016e-24,100.0,2.809813254456016e-22,-2.809813254456016e-22,7.905194244547295e-17,3.8086091177776185e-25,1.7580016455892415e-21,0.028814218962870054,8.120277222217153e-14,2.0958450219516817e-07,0.0006287535065855046
1,100000,100,10,100,50,50,28.14867017616454,281.48670176164546,9.869604401089359e-16,8.193415449993743e-27,0.21664422939155217,67.94013996655039,9.72364130545958e-13,4.2131415550023143e-13,4.2131415550023143e-13,2.0483538624984357e-25,2.0483538624984358e-27,100.0,2.0483538624984357e-25,-2.0483538624984357e-25,2.1344024460277704e-18,3.8086091177776185e-25,1.7580016455892415e-21,0.028814218962870054,2.1924748499986315e-15,2.0958450219516817e-07,0.0020958450219516816
1,1000,100,10,100,100,100,56.29734035232908,562.9734035232909,9.86960440108936e-10,3.2773661799974976e-14,0.10832211469577786,96.08186737022113,2.7502610819663883e-06,5.958281927281895e-07,5.958281927281944e-07,8.193415449993609e-13,8.19341544999361e-15,99.99999999999837,8.193415449993475e-13,-9.322826232833256e-15,3.018500886734756e-12,3.8086091177776185e-25,3.516003291178425e-21,0.05510223596483107,2.1924748499986317e-09,2.0958450219516817e-07,2.0958450219516817e-05
1,3000,100,10,100,100,100,56.29734035232908,562.9734035232909,3.6554090374405037e-11,4.495701207129626e-17,0.10832211469577609,96.08186737022191,1.0186152155431235e-07,2.206771084178498e-08,2.206771084178498e-08,1.1239253017824065e-15,1.1239253017824065e-17,100.0,1.1239253017824065e-15,-1.1239253017824065e-15,1.1179632913832522e-13,3.8086091177776185e-25,3.516003291178483e-21,0.05510223596483107,8.120277222217155e-11,2.0958450219516817e-07,6.287535065855045e-05
1,10000,100,10,100,100,100,56.29734035232908,562.9734035232909,9.869604401089358e-13,3.2773661799974973e-20,0.10832211469577609,96.08186737022191,2.750261081966433e-09,5.958281927281944e-10,5.958281927281944e-10,8.193415449993743e-19,8.193415449993743e-21,100.0,8.193415449993743e-19,-8.193415449993743e-19,3.0185008867347807e-15,3.8086091177776185e-25,3.516003291178483e-21,0.05510223596483107,2.1924748499986314e-12,2.0958450219516817e-07,0.00020958450219516817
1,30000,100,10,100,100,100,56.29734035232908,562.9734035232909,3.655409037440503e-14,4.4957012071296255e-23,0.10832211469577609,96.08186737022191,1.0186152155431234e-10,2.2067710841784978e-11,2.2067710841784978e-11,1.1239253017824064e-21,1.1239253017824064e-23,100.0,1.1239253017824064e-21,-1.1239253017824064e-21,1.117963291383252e-16,3.8086091177776185e-25,3.516003291178483e-21,0.05510223596483107,8.120277222217153e-14,2.0958450219516817e-07,0.0006287535065855046
1,100000,100,10,100,100,100,56.29734035232908,562.9734035232909,9.869604401089359e-16,3.277366179997497e-26,0.10832211469577609,96.08186737022191,2.7502610819664334e-12,5.958281927281944e-13,5.958281927281944e-13,8.193415449993743e-25,8.193415449993743e-27,100.0,8.193415449993743e-25,-8.193415449993743e-25,3.018500886734781e-18,3.8086091177776185e-25,3.516003291178483e-21,0.05510223596483107,2.1924748499986315e-15,2.0958450219516817e-07,0.0020958450219516816
1,1000,100,30,1,0.5,0.5,0.8444601052849363,0.028148670176164545,8.882643960980423e-13,2.2122221714983112e-23,0.21664422939155217,3.922525809846872,5.052552232689409e-11,2.1892125698231266e-11,2.1892125698231266e-11,5.530555428745778e-22,5.530555428745778e-24,100.0,5.530555428745778e-22,-5.530555428745778e-22,1.1090680440958157e-12,3.0849733853998704e-23,4.746604443090952e-22,0.0004121001560746248,1.9732273649987686e-12,6.287535065855045e-07,2.0958450219516817e-05
1,3000,100,30,1,0.5,0.5,0.8444601052849363,0.028148670176164545,3.289868133696453e-14,3.0345983148124983e-26,0.21664422939155217,3.922525809846872,1.871315641736818e-12,8.108194703048616e-13,8.108194703048616e-13,7.586495787031244e-25,7.586495787031246e-27,100.0,7.586495787031244e-25,-7.586495787031244e-25,4.107659422577096e-14,3.0849733853998704e-23,4.746604443090952e-22,0.0004121001560746248,7.308249499995439e-14,6.287535065855045e-07,6.287535065855045e-05
1,10000,100,30,1,0.5,0.5,0.8444601052849363,0.028148670176164545,8.882643960980423e-16,2.2122221714983105e-29,0.21664422939155217,3.922525809846872,5.0525522326894075e-14,2.189212569823126e-14,2.189212569823126e-14,5.530555428745776e-28,5.530555428745776e-30,100.0,5.530555428745776e-28,-5.530555428745776e-28,1.109068044095816e-15,3.0849733853998704e-23,4.746604443090952e-22,0.0004121001560746248,1.973227364998768e-15,6.287535065855045e-07,0.00020958450219516817
1,30000,100,30,1,0.5,0.5,0.8444601052849363,0.028148670176164545,3.289868133696453e-17,3.0345983148124976e-32,0.21664422939155217,3.922525809846872,1.871315641736818e-15,8.108194703048616e-16,8.108194703048616e-16,7.5864957870312435e-31,7.586495787031244e-33,100.0,7.5864957870312435e-31,-7.5864957870312435e-31,4.107659422577095e-17,3.0849733853998704e-23,4.746604443090952e-22,0.0004121001560746248,7.308249499995438e-17,6.287535065855045e-07,0.0006287535065855046
1,100000,100,30,1,0.5,0.5,0.8444601052849363,0.028148670176164545,8.882643960980423e-19,2.212222171498311e-35,0.21664422939155217,3.922525809846872,5.052552232689408e-17,2.1892125698231264e-17,2.1892125698231264e-17,5.5305554287457774e-34,5.5305554287457775e-36,100.0,5.5305554287457774e-34,-5.5305554287457774e-34,1.1090680440958158e-18,3.0849733853998704e-23,4.746604443090952e-22,0.0004121001560746248,1.9732273649987682e-18,6.287535065855045e-07,0.0020958450219516816
1,1000,100,30,1,2.5,2.5,4.222300526424681,0.1407433508808227,8.882643960980423e-13,5.530555428745778e-22,0.043328845878310436,8.77103435431502,5.648925126080926e-10,4.8952281233215155e-11,4.8952281233215155e-11,1.3826388571864447e-20,1.3826388571864444e-22,100.00000000000001,1.3826388571864447e-20,-1.4210868541590575e-14,2.4799515382709786e-12,3.0849733853998704e-23,2.373302221545476e-21,0.0019138592977132674,1.9732273649987686e-12,6.287535065855045e-07,2.0958450219516817e-05
1,3000,100,30,1,2.5,2.5,4.222300526424681,0.1407433508808227,3.289868133696453e-14,7.586495787031245e-25,0.043328845878310436,8.77103435431502,2.092194491141084e-11,1.8130474530820428e-12,1.8130474530820428e-12,1.8966239467578116e-23,1.8966239467578113e-25,100.00000000000001,1.8966239467578116e-23,-1.4210854734168243e-14,9.185005697299921e-14,3.0849733853998704e-23,2.373302221545476e-21,0.0019138592977132674,7.308249499995439e-14,6.287535065855045e-07,6.287535065855045e-05
1,10000,100,30,1,2.5,2.5,4.222300526424681,0.1407433508808227,8.882643960980423e-16,5.530555428745776e-28,0.043328845878310436,8.77103435431502,5.648925126080925e-13,4.895228123321515e-14,4.895228123321515e-14,1.3826388571864442e-26,1.382638857186444e-28,100.00000000000001,1.3826388571864442e-26,-1.421085471521583e-14,2.4799515382709787e-15,3.0849733853998704e-23,2.373302221545476e-21,0.0019138592977132674,1.973227364998768e-15,6.287535065855045e-07,0.00020958450219516817
1,30000,100,30,1,2.5,2.5,4.222300526424681,0.1407433508808227,3.289868133696453e-17,7.586495787031244e-31,0.043328845878310436,8.77103435431502,2.0921944911410836e-14,1.8130474530820427e-15,1.8130474530820427e-15,1.896623946757811e-29,1.896623946757811e-31,100.00000000000001,1.896623946757811e-29,-1.4210854715202023e-14,9.18500569729992e-17,3.0849733853998704e-23,2.373302221545476e-21,0.0019138592977132674,7.308249499995438e-17,6.287535065855045e-07,0.0006287535065855046
1,100000,100,30,1,2.5,2.5,4.222300526424681,0.1407433508808227,8.882643960980423e-19,5.5305554287457774e-34,0.043328845878310436,8.77103435431502,5.648925126080926e-16,4.8952281233215155e-17,4.8952281233215155e-17,1.3826388571864443e-32,1.3826388571864444e-34,100.00000000000001,1.3826388571864443e-32,-1.4210854715202004e-14,2.4799515382709787e-18,3.0849733853998704e-23,2.373302221545476e-21,0.0019138592977132674,1.9732273649987682e-18,6.287535065855045e-07,0.0020958450219516816
1,1000,100,30,1,10,10,16.889202105698725,0.5629734035232908,8.882643960980423e-13,8.848888685993244e-21,0.010832211469577609,17.54206870863004,4.519140100864741e-09,9.790456246643031e-11,9.790456246643031e-11,2.2122221714983115e-19,2.212222171498311e-21,100.00000000000001,2.2122221714983115e-19,-1.4211075937419152e-14,4.959903076541957e-12,3.0849733853998704e-23,9.493208886181904e-21,0.007150196798671258,1.9732273649987686e-12,6.287535065855045e-07,2.0958450219516817e-05
1,3000,100,30,1,10,10,16.889202105698725,0.5629734035232908,3.289868133696453e-14,1.2138393259249992e-23,0.010832211469577609,17.54206870863004,1.673755592912867e-10,3.6260949061640857e-12,3.6260949061640857e-12,3.0345983148124985e-22,3.034598314812498e-24,100.00000000000001,3.0345983148124985e-22,-1.4210855018661834e-14,1.8370011394599843e-13,3.0849733853998704e-23,9.493208886181904e-21,0.007150196798671258,7.308249499995439e-14,6.287535065855045e-07,6.287535065855045e-05
1,10000,100,30,1,10,10,16.889202105698725,0.5629734035232908,8.882643960980423e-16,8.848888685993242e-27,0.010832211469577609,17.54206870863004,4.51914010086474e-12,9.79045624664303e-14,9.79045624664303e-14,2.2122221714983108e-25,2.2122221714983105e-27,100.00000000000001,2.2122221714983108e-25,-1.4210854715423226e-14,4.9599030765419575e-15,3.0849733853998704e-23,9.493208886181904e-21,0.007150196798671258,1.973227364998768e-15,6.287535065855045e-07,0.00020958450219516817
1,30000,100,30,1,10,10,16.889202105698725,0.5629734035232908,3.289868133696453e-17,1.2138393259249991e-29,0.010832211469577609,17.54206870863004,1.673755592912867e-13,3.626094906164085e-15,3.626094906164085e-15,3.0345983148124978e-28,3.0345983148124978e-30,100.00000000000001,3.0345983148124978e-28,-1.4210854715202307e-14,1.837001139459984e-16,3.0849733853998704e-23,9.493208886181904e-21,0.007150196798671258,7.308249499995438e-17,6.287535065855045e-07,0.0006287535065855046
1,100000,100,30,1,10,10,16.889202105698725,0.5629734035232908,8.882643960980423e-19,8.848888685993244e-33,0.010832211469577609,17.54206870863004,4.519140100864741e-15,9.790456246643031e-17,9.790456246643031e-17,2.212222171498311e-31,2.212222171498311e-33,100.00000000000001,2.212222171498311e-31,-1.4210854715202004e-14,4.959903076541957e-18,3.0849733853998704e-23,9.493208886181904e-21,0.007150196798671258,1.9732273649987682e-18,6.287535065855045e-07,0.0020958450219516816
1,1000,100,30,1,50,50,84.44601052849363,2.814867017616454,8.882643960980423e-13,2.212222171498311e-19,0.002166442293915522,39.22525809846872,5.052552232689408e-08,2.1892125698231266e-10,2.1892125698231266e-10,5.530555428745777e-18,5.530555428745778e-20,100.0,5.530555428745777e-18,-5.530555428745777e-18,1.1090680440958157e-11,3.0849733853998704e-23,4.7466044430909516e-20,0.03281815434015916,1.9732273649987686e-12,6.287535065855045e-07,2.0958450219516817e-05
1,3000,100,30,1,50,50,84.44601052849363,2.814867017616454,3.289868133696453e-14,3.034598314812498e-22,0.002166442293915522,39.22525809846872,1.8713156417368176e-09,8.108194703048616e-12,8.108194703048616e-12,7.586495787031245e-21,7.586495787031245e-23,100.0,7.586495787031245e-21,-7.586495787031245e-21,4.107659422577096e-13,3.0849733853998704e-23,4.7466044430909516e-20,0.03281815434015916,7.308249499995439e-14,6.287535065855045e-07,6.287535065855045e-05
1,10000,100,30,1,50,50,84.44601052849363,2.814867017616454,8.882643960980423e-16,2.2122221714983108e-25,0.002166442293915522,39.22525809846872,5.0525522326894074e-11,2.189212569823126e-13,2.189212569823126e-13,5.530555428745776e-24,5.530555428745777e-26,100.0,5.530555428745776e-24,-5.530555428745776e-24,1.1090680440958159e-14,3.0849733853998704e-23,4.7466044430909516e-20,0.03281815434015916,1.973227364998768e-15,6.287535065855045e-07,0.00020958450219516817
1,30000,100,30,1,50,50,84.44601052849363,2.814867017616454,3.289868133696453e-17,3.0345983148124978e-28,0.002166442293915522,39.22525809846872,1.8713156417368175e-12,8.108194703048616e-15,8.108194703048616e-15,7.586495787031243e-27,7.586495787031244e-29,100.0,7.586495787031243e-27,-7.586495787031243e-27,4.107659422577095e-16,3.0849733853998704e-23,4.7466044430909516e-20,0.03281815434015916,7.308249499995438e-17,6.287535065855045e-07,0.0006287535065855046
1,100000,100,30,1,50,50,84.44601052849363,2.814867017616454,8.882643960980423e-19,2.212222171498311e-31,0.002166442293915522,39.22525809846872,5.052552232689408e-14,2.1892125698231263e-16,2.1892125698231263e-16,5.530555428745777e-30,5.530555428745777e-32,100.0,5.530555428745777e-30,-5.530555428745777e-30,1.1090680440958159e-17,3.0849733853998704e-23,4.7466044430909516e-20,0.03281815434015916,1.9732273649987682e-18,6.287535065855045e-07,0.0020958450219516816
1,1000,100,30,1,100,100,168.89202105698726,5.629734035232908,8.882643960980423e-13,8.848888685993244e-19,0.001083221146957761,55.47289199043955,1.4290775784135644e-07,3.096014107161522e-10,3.096014107161522e-10,2.212222171498311e-17,2.212222171498311e-19,100.0,2.212222171498311e-17,-2.212222171498311e-17,1.5684590695549046e-11,3.0849733853998704e-23,9.493208886181903e-20,0.06311010671940927,1.9732273649987686e-12,6.287535065855045e-07,2.0958450219516817e-05
1,3000,100,30,1,100,100,168.89202105698726,5.629734035232908,3.289868133696453e-14,1.2138393259249992e-21,0.001083221146957761,55.47289199043955,5.292879920050239e-09,1.1466718915413043e-11,1.1466718915413043e-11,3.034598314812498e-20,3.034598314812498e-22,100.0,3.034598314812498e-20,-3.034598314812498e-20,5.809107665018166e-13,3.0849733853998704e-23,9.493208886181903e-20,0.06311010671940927,7.308249499995439e-14,6.287535065855045e-07,6.287535065855045e-05
1,10000,100,30,1,100,100,168.89202105698726,5.629734035232908,8.882643960980423e-16,8.848888685993243e-25,0.001083221146957761,55.47289199043955,1.4290775784135644e-10,3.0960141071615216e-13,3.0960141071615216e-13,2.2122221714983104e-23,2.2122221714983108e-25,100.0,2.2122221714983104e-23,-2.2122221714983104e-23,1.5684590695549047e-14,3.0849733853998704e-23,9.493208886181903e-20,0.06311010671940927,1.973227364998768e-15,6.287535065855045e-07,0.00020958450219516817
1,30000,100,30,1,100,100,168.89202105698726,5.629734035232908,3.289868133696453e-17,1.2138393259249991e-27,0.001083221146957761,55.47289199043955,5.292879920050239e-12,1.1466718915413043e-14,1.1466718915413043e-14,3.034598314812497e-26,3.0345983148124978e-28,100.0,3.034598314812497e-26,-3.034598314812497e-26,5.809107665018165e-16,3.0849733853998704e-23,9.493208886181903e-20,0.06311010671940927,7.308249499995438e-17,6.287535065855045e-07,0.0006287535065855046
1,100000,100,30,1,100,100,168.89202105698726,5.629734035232908,8.882643960980423e-19,8.848888685993244e-31,0.001083221146957761,55.47289199043955,1.4290775784135644e-13,3.0960141071615217e-16,3.0960141071615217e-16,2.2122221714983108e-29,2.212222171498311e-31,100.0,2.2122221714983108e-29,-2.2122221714983108e-29,1.5684590695549047e-17,3.0849733853998704e-23,9.493208886181903e-20,0.06311010671940927,1.9732273649987682e-18,6.287535065855045e-07,0.0020958450219516816
1,1000,100,30,10,0.5,0.5,0.8444601052849363,0.2814867017616454,8.882643960980424e-11,2.2122221714983116e-20,2.1664422939155217,3.922525809846872,5.052552232689408e-10,2.1892125698231267e-09,2.1892125698231267e-09,5.530555428745778e-19,5.530555428745779e-21,100.0,5.530555428745778e-19,-5.530555428745778e-19,1.1090680440958157e-12,3.0849733853998704e-23,4.746604443090952e-22,0.0004121001560746248,1.9732273649987688e-10,6.287535065855045e-07,2.0958450219516817e-05
1,3000,100,30,10,0.5,0.5,0.8444601052849363,0.2814867017616454,3.2898681336964532e-12,3.0345983148124975e-23,2.1664422939155217,3.922525809846872,1.8713156417368178e-11,8.108194703048617e-11,8.108194703048617e-11,7.586495787031244e-22,7.586495787031244e-24,100.0,7.586495787031244e-22,-7.586495787031244e-22,4.107659422577096e-14,3.0849733853998704e-23,4.746604443090952e-22,0.0004121001560746248,7.308249499995439e-12,6.287535065855045e-07,6.287535065855045e-05
1,10000,100,30,10,0.5,0.5,0.8444601052849363,0.2814867017616454,8.882643960980424e-14,2.2122221714983108e-26,2.1664422939155217,3.922525809846872,5.052552232689408e-13,2.189212569823126e-12,2.189212569823126e-12,5.530555428745776e-25,5.530555428745777e-27,100.0,5.530555428745776e-25,-5.530555428745776e-25,1.109068044095816e-15,3.0849733853998704e-23,4.746604443090952e-22,0.0004121001560746248,1.9732273649987682e-13,6.287535065855045e-07,0.00020958450219516817
1,30000,100,30,10,0.5,0.5,0.8444601052849363,0.2814867017616454,3.2898681336964534e-15,3.0345983148124975e-29,2.1664422939155217,3.922525809846872,1.871315641736818e-14,8.108194703048616e-14,8.108194703048616e-14,7.586495787031244e-28,7.586495787031244e-30,100.0,7.586495787031244e-28,-7.586495787031244e-28,4.107659422577095e-17,3.0849733853998704e-23,4.746604443090952e-22,0.0004121001560746248,7.30824949999544e-15,6.287535065855045e-07,0.0006287535065855046
1,100000,100,30,10,0.5,0.5,0.8444601052849363,0.2814867017616454,8.882643960980424e-17,2.2122221714983114e-32,2.1664422939155217,3.922525809846872,5.052552232689409e-16,2.1892125698231266e-15,2.1892125698231266e-15,5.530555428745778e-31,5.5305554287457785e-33,100.0,5.530555428745778e-31,-5.530555428745778e-31,1.1090680440958158e-18,3.0849733853998704e-23,4.746604443090952e-22,0.0004121001560746248,1.9732273649987686e-16,6.287535065855045e-07,0.0020958450219516816
1,1000,100,30,10,2.5,2.5,4.222300526424681,1.407433508808227,8.882643960980424e-11,5.530555428745779e-19,0.43328845878310435,8.77103435431502,5.648925126080928e-09,4.895228123321516e-09,4.895228123321516e-09,1.3826388571864451e-17,1.3826388571864447e-19,100.00000000000001,1.3826388571864451e-17,-1.4224681103773868e-14,2.4799515382709786e-12,3.0849733853998704e-23,2.373302221545476e-21,0.0019138592977132674,1.9732273649987688e-10,6.287535065855045e-07,2.0958450219516817e-05
1,3000,100,30,10,2.5,2.5,4.222300526424681,1.407433508808227,3.2898681336964532e-12,7.586495787031244e-22,0.43328845878310435,8.77103435431502,2.0921944911410836e-10,1.8130474530820427e-10,1.8130474530820427e-10,1.8966239467578112e-20,1.896623946757811e-22,100.00000000000001,1.8966239467578112e-20,-1.421087368144147e-14,9.185005697299921e-14,3.0849733853998704e-23,2.373302221545476e-21,0.0019138592977132674,7.308249499995439e-12,6.287535065855045e-07,6.287535065855045e-05
1,10000,100,30,10,2.5,2.5,4.222300526424681,1.407433508808227,8.882643960980424e-14,5.530555428745776e-25,0.43328845878310435,8.77103435431502,5.648925126080926e-12,4.895228123321515e-12,4.895228123321515e-12,1.3826388571864444e-23,1.382638857186444e-25,100.00000000000001,1.3826388571864444e-23,-1.421085472902839e-14,2.4799515382709787e-15,3.0849733853998704e-23,2.373302221545476e-21,0.0019138592977132674,1.9732273649987682e-13,6.287535065855045e-07,0.00020958450219516817
1,30000,100,30,10,2.5,2.5,4.222300526424681,1.407433508808227,3.2898681336964534e-15,7.586495787031244e-28,0.43328845878310435,8.77103435431502,2.0921944911410837e-13,1.813047453082043e-13,1.813047453082043e-13,1.8966239467578115e-26,1.896623946757811e-28,100.00000000000001,1.8966239467578115e-26,-1.421085471522097e-14,9.18500569729992e-17,3.0849733853998704e-23,2.373302221545476e-21,0.0019138592977132674,7.30824949999544e-15,6.287535065855045e-07,0.0006287535065855046
1,100000,100,30,10,2.5,2.5,4.222300526424681,1.407433508808227,8.882643960980424e-17,5.530555428745778e-31,0.43328845878310435,8.77103435431502,5.6489251260809266e-15,4.895228123321516e-15,4.895228123321516e-15,1.3826388571864447e-29,1.3826388571864445e-31,100.00000000000001,1.3826388571864447e-29,-1.4210854715202016e-14,2.4799515382709787e-18,3.0849733853998704e-23,2.373302221545476e-21,0.0019138592977132674,1.9732273649987686e-16,6.287535065855045e-07,0.0020958450219516816
1,1000,100,30,10,10,10,16.889202105698725,5.629734035232908,8.882643960980424e-11,8.848888685993246e-18,0.10832211469577609,17.54206870863004,4.519140100864742e-08,9.790456246643032e-09,9.790456246643032e-09,2.2122221714983122e-16,2.2122221714983116e-18,100.00000000000001,2.2122221714983122e-16,-1.4432076932351836e-14,4.959903076541957e-12,3.0849733853998704e-23,9.493208886181904e-21,0.007150196798671258,1.9732273649987688e-10,6.287535065855045e-07,2.0958450219516817e-05
1,3000,100,30,10,10,10,16.889202105698725,5.629734035232908,3.2898681336964532e-12,1.2138393259249991e-20,0.10832211469577609,17.54206870863004,1.673755592912867e-09,3.6260949061640854e-10,3.6260949061640854e-10,3.034598314812498e-19,3.0345983148124977e-21,100.00000000000001,3.034598314812498e-19,-1.4211158175033486e-14,1.8370011394599843e-13,3.0849733853998704e-23,9.493208886181904e-21,0.007150196798671258,7.308249499995439e-12,6.287535065855045e-07,6.287535065855045e-05
1,10000,100,30,10,10,10,16.889202105698725,5.629734035232908,8.882643960980424e-14,8.848888685993242e-24,0.10832211469577609,17.54206870863004,4.5191401008647406e-11,9.79045624664303e-12,9.79045624664303e-12,2.212222171498311e-22,2.2122221714983106e-24,100.00000000000001,2.212222171498311e-22,-1.421085493642422e-14,4.9599030765419575e-15,3.0849733853998704e-23,9.493208886181904e-21,0.007150196798671258,1.9732273649987682e-13,6.287535065855045e-07,0.00020958450219516817
1,30000,100,30,10,10,10,16.889202105698725,5.629734035232908,3.2898681336964534e-15,1.2138393259249991e-26,0.10832211469577609,17.54206870863004,1.673755592912867e-12,3.626094906164086e-13,3.626094906164086e-13,3.0345983148124984e-25,3.0345983148124977e-27,100.00000000000001,3.0345983148124984e-25,-1.4210854715505463e-14,1.837001139459984e-16,3.0849733853998704e-23,9.493208886181904e-21,0.007150196798671258,7.30824949999544e-15,6.287535065855045e-07,0.0006287535065855046
1,100000,100,30,10,10,10,16.889202105698725,5.629734035232908,8.882643960980424e-17,8.848888685993245e-30,0.10832211469577609,17.54206870863004,4.519140100864741e-14,9.790456246643032e-15,9.790456246643032e-15,2.2122221714983115e-28,2.2122221714983112e-30,100.00000000000001,2.2122221714983115e-28,-1.4210854715202225e-14,4.959903076541957e-18,3.0849733853998704e-23,9.493208886181904e-21,0.007150196798671258,1.9732273649987686e-16,6.287535065855045e-07,0.0020958450219516816
1,1000,100,30,10,50,50,84.44601052849363,28.14867017616454,8.882643960980424e-11,2.2122221714983115e-16,0.021664422939155218,39.22525809846872,5.05255223268941e-07,2.1892125698231267e-08,2.1892125698231267e-08,5.5305554287457795e-15,5.5305554287457786e-17,99.99999999999999,5.5305554287457795e-15,8.680299286456224e-15,1.1090680440958157e-11,3.0849733853998704e-23,4.746604443090951e-20,0.03281815434015916,1.9732273649987688e-10,6.287535065855045e-07,2.0958450219516817e-05
1,3000,100,30,10,50,50,84.44601052849363,28.14867017616454,3.2898681336964532e-12,3.0345983148124975e-19,0.021664422939155218,39.22525809846872,1.871315641736818e-08,8.108194703048617e-10,8.108194703048617e-10,7.586495787031245e-18,7.586495787031244e-20,100.0,7.586495787031245e-18,-7.586495787031245e-18,4.107659422577096e-13,3.0849733853998704e-23,4.7466044430909516e-20,0.03281815434015916,7.308249499995439e-12,6.287535065855045e-07,6.287535065855045e-05
1,10000,100,30,10,50,50,84.44601052849363,28.14867017616454,8.882643960980424e-14,2.2122221714983105e-22,0.021664422939155218,39.22525809846872,5.052552232689408e-10,2.1892125698231262e-11,2.1892125698231262e-11,5.5305554287457776e-21,5.530555428745776e-23,100.0,5.5305554287457776e-21,-5.5305554287457776e-21,1.1090680440958159e-14,3.0849733853998704e-23,4.7466044430909516e-20,0.03281815434015916,1.9732273649987682e-13,6.287535065855045e-07,0.00020958450219516817
1,30000,100,30,10,50,50,84.44601052849363,28.14867017616454,3.2898681336964534e-15,3.0345983148124975e-25,0.021664422939155218,39.22525809846872,1.8713156417368178e-11,8.108194703048616e-13,8.108194703048616e-13,7.586495787031245e-24,7.586495787031244e-26,100.0,7.586495787031245e-24,-7.586495787031245e-24,4.107659422577095e-16,3.0849733853998704e-23,4.7466044430909516e-20,0.03281815434015916,7.30824949999544e-15,6.287535065855045e-07,0.0006287535065855046
1,100000,100,30,10,50,50,84.44601052849363,28.14867017616454,8.882643960980424e-17,2.212222171498311e-28,0.021664422939155218,39.22525809846872,5.052552232689409e-13,2.1892125698231268e-14,2.1892125698231268e-14,5.53055542874578e-27,5.530555428745778e-29,100.0,5.53055542874578e-27,-5.53055542874578e-27,1.1090680440958159e-17,3.0849733853998704e-23,4.7466044430909516e-20,0.03281815434015916,1.9732273649987686e-16,6.287535065855045e-07,0.0020958450219516816
1,1000,100,30,10,100,100,168.89202105698726,56.29734035232908,8.882643960980424e-11,8.848888685993246e-16,0.010832211469577614,55.472891990439535,1.4290775784135642e-06,3.0960141071615215e-08,3.096014107161522e-08,2.2122221714983112e-14,2.2122221714983105e-16,99.99999999999996,2.21222217149831e-14,-7.911366999781095e-15,1.568459069554904e-11,3.0849733853998704e-23,9.4932088861819e-20,0.06311010671940927,1.9732273649987688e-10,6.287535065855045e-07,2.0958450219516817e-05
1,3000,100,30,10,100,100,168.89202105698726,56.29734035232908,3.2898681336964532e-12,1.213839325924999e-18,0.010832211469577609,55.47289199043955,5.2928799200502396e-08,1.1466718915413043e-09,1.1466718915413043e-09,3.034598314812498e-17,3.0345983148124975e-19,100.0,3.034598314812498e-17,-3.034598314812498e-17,5.809107665018166e-13,3.0849733853998704e-23,9.493208886181903e-20,0.06311010671940927,7.308249499995439e-12,6.287535065855045e-07,6.287535065855045e-05
1,10000,100,30,10,100,100,168.89202105698726,56.29734035232908,8.882643960980424e-14,8.848888685993242e-22,0.010832211469577609,55.47289199043955,1.4290775784135645e-09,3.0960141071615216e-11,3.0960141071615216e-11,2.212222171498311e-20,2.2122221714983105e-22,100.0,2.212222171498311e-20,-2.212222171498311e-20,1.5684590695549047e-14,3.0849733853998704e-23,9.493208886181903e-20,0.06311010671940927,1.9732273649987682e-13,6.287535065855045e-07,0.00020958450219516817
1,30000,100,30,10,100,100,168.89202105698726,56.29734035232908,3.2898681336964534e-15,1.213839325924999e-24,0.010832211469577609,55.47289199043955,5.292879920050239e-11,1.1466718915413045e-12,1.1466718915413045e-12,3.034598314812498e-23,3.0345983148124975e-25,100.0,3.034598314812498e-23,-3.034598314812498e-23,5.809107665018165e-16,3.0849733853998704e-23,9.493208886181903e-20,0.06311010671940927,7.30824949999544e-15,6.287535065855045e-07,0.0006287535065855046
1,100000,100,30,10,100,100,168.89202105698726,56.29734035232908,8.882643960980424e-17,8.848888685993244e-28,0.010832211469577609,55.47289199043955,1.4290775784135648e-12,3.0960141071615224e-14,3.0960141071615224e-14,2.212222171498312e-26,2.212222171498311e-28,100.0,2.212222171498312e-26,-2.212222171498312e-26,1.5684590695549047e-17,3.0849733853998704e-23,9.493208886181903e-20,0.06311010671940927,1.9732273649987686e-16,6.287535065855045e-07,0.0020958450219516816
1,1000,100,30,100,0.5,0.5,0.8444601052849363,2.814867017616455,8.882643960980425e-09,2.2122221714983115e-17,21.664422939155216,3.922525809846872,5.052552232689409e-09,2.1892125698231267e-07,2.1892125698231267e-07,5.530555428745779e-16,5.530555428745779e-18,100.0,5.530555428745779e-16,-5.530555428745779e-16,1.1090680440958157e-12,3.0849733853998704e-23,4.746604443090952e-22,0.0004121001560746248,1.9732273649987688e-08,6.287535065855045e-07,2.0958450219516817e-05
1,3000,100,30,100,0.5,0.5,0.8444601052849363,2.814867017616455,3.289868133696453e-10,3.0345983148124975e-20,21.664422939155216,3.922525809846872,1.8713156417368177e-10,8.108194703048615e-09,8.108194703048615e-09,7.586495787031243e-19,7.586495787031244e-21,100.0,7.586495787031243e-19,-7.586495787031243e-19,4.107659422577096e-14,3.0849733853998704e-23,4.746604443090952e-22,0.0004121001560746248,7.308249499995438e-10,6.287535065855045e-07,6.287535065855045e-05
1,10000,100,30,100,0.5,0.5,0.8444601052849363,2.814867017616455,8.882643960980424e-12,2.2122221714983112e-23,21.664422939155216,3.922525809846872,5.052552232689409e-12,2.1892125698231266e-10,2.1892125698231266e-10,5.530555428745779e-22,5.530555428745778e-24,100.0,5.530555428745779e-22,-5.530555428745779e-22,1.109068044095816e-15,3.0849733853998704e-23,4.746604443090952e-22,0.0004121001560746248,1.9732273649987684e-11,6.287535065855045e-07,0.00020958450219516817
1,30000,100,30,100,0.5,0.5,0.8444601052849363,2.814867017616455,3.2898681336964533e-13,3.0345983148124983e-26,21.664422939155216,3.922525809846872,1.871315641736818e-13,8.108194703048616e-12,8.108194703048616e-12,7.586495787031245e-25,7.586495787031246e-27,100.0,7.586495787031245e-25,-7.586495787031245e-25,4.107659422577095e-17,3.0849733853998704e-23,4.746604443090952e-22,0.0004121001560746248,7.308249499995439e-13,6.287535065855045e-07,0.0006287535065855046
1,100000,100,30,100,0.5,0.5,0.8444601052849363,2.814867017616455,8.882643960980424e-15,2.2122221714983117e-29,21.664422939155216,3.922525809846872,5.052552232689409e-15,2.1892125698231266e-13,2.1892125698231266e-13,5.530555428745779e-28,5.530555428745779e-30,100.0,5.530555428745779e-28,-5.530555428745779e-28,1.1090680440958158e-18,3.0849733853998704e-23,4.746604443090952e-22,0.0004121001560746248,1.9732273649987688e-14,6.287535065855045e-07,0.0020958450219516816
1,1000,100,30,100,2.5,2.5,4.222300526424681,14.074335088082274,8.882643960980425e-09,5.53055542874578e-16,4.332884587831044,8.77103435431502,5.648925126080925e-08,4.895228123321516e-07,4.895228123321516e-07,1.382638857186444e-14,1.382638857186445e-16,99.99999999999997,1.3826388571864438e-14,3.84466143337566e-16,2.4799515382709786e-12,3.0849733853998704e-23,2.3733022215454753e-21,0.0019138592977132674,1.9732273649987688e-08,6.287535065855045e-07,2.0958450219516817e-05
1,3000,100,30,100,2.5,2.5,4.222300526424681,14.074335088082274,3.289868133696453e-10,7.586495787031243e-19,4.332884587831043,8.77103435431502,2.0921944911410836e-09,1.8130474530820427e-08,1.8130474530820427e-08,1.8966239467578108e-17,1.8966239467578109e-19,100.00000000000001,1.8966239467578108e-17,-1.4229820954669582e-14,9.185005697299921e-14,3.0849733853998704e-23,2.373302221545476e-21,0.0019138592977132674,7.308249499995438e-10,6.287535065855045e-07,6.287535065855045e-05
1,10000,100,30,100,2.5,2.5,4.222300526424681,14.074335088082274,8.882643960980424e-12,5.530555428745779e-22,4.332884587831043,8.77103435431502,5.648925126080927e-11,4.895228123321516e-10,4.895228123321516e-10,1.3826388571864447e-20,1.3826388571864447e-22,100.00000000000001,1.3826388571864447e-20,-1.4210868541590575e-14,2.4799515382709787e-15,3.0849733853998704e-23,2.373302221545476e-21,0.0019138592977132674,1.9732273649987684e-11,6.287535065855045e-07,0.00020958450219516817
1,30000,100,30,100,2.5,2.5,4.222300526424681,14.074335088082274,3.2898681336964533e-13,7.586495787031246e-25,4.332884587831043,8.77103435431502,2.092194491141084e-12,1.813047453082043e-11,1.813047453082043e-11,1.8966239467578116e-23,1.8966239467578115e-25,100.00000000000001,1.8966239467578116e-23,-1.4210854734168243e-14,9.18500569729992e-17,3.0849733853998704e-23,2.373302221545476e-21,0.0019138592977132674,7.308249499995439e-13,6.287535065855045e-07,0.0006287535065855046
1,100000,100,30,100,2.5,2.5,4.222300526424681,14.074335088082274,8.882643960980424e-15,5.530555428745779e-28,4.332884587831043,8.77103435431502,5.648925126080927e-14,4.895228123321516e-13,4.895228123321516e-13,1.3826388571864448e-26,1.3826388571864447e-28,100.00000000000001,1.3826388571864448e-26,-1.421085471521583e-14,2.4799515382709787e-18,3.0849733853998704e-23,2.373302221545476e-21,0.0019138592977132674,1.9732273649987688e-14,6.287535065855045e-07,0.0020958450219516816
1,1000,100,30,100,10,10,16.889202105698725,56.297340352329094,8.882643960980425e-09,8.848888685993247e-15,1.0832211469577657,17.54206870863,4.5191401008647213e-07,9.79045624664301e-07,9.790456246643031e-07,2.212222171498302e-13,2.212222171498302e-15,99.99999999999956,2.2122221714982919e-13,-8.05939642179913e-15,4.959903076541947e-12,3.0849733853998704e-23,9.493208886181862e-21,0.007150196798671258,1.9732273649987688e-08,6.287535065855045e-07,2.0958450219516817e-05
1,3000,100,30,100,10,10,16.889202105698725,56.297340352329094,3.289868133696453e-10,1.213839325924999e-17,1.0832211469577608,17.54206870863004,1.673755592912867e-08,3.6260949061640854e-08,3.6260949061640854e-08,3.0345983148124973e-16,3.0345983148124974e-18,100.00000000000001,3.0345983148124973e-16,-1.4514314546683254e-14,1.8370011394599843e-13,3.0849733853998704e-23,9.493208886181904e-21,0.007150196798671258,7.308249499995438e-10,6.287535065855045e-07,6.287535065855045e-05
1,10000,100,30,100,10,10,16.889202105698725,56.297340352329094,8.882643960980424e-12,8.848888685993246e-21,1.0832211469577608,17.54206870863004,4.5191401008647415e-10,9.790456246643031e-10,9.790456246643031e-10,2.2122221714983115e-19,2.2122221714983115e-21,100.00000000000001,2.2122221714983115e-19,-1.4211075937419152e-14,4.9599030765419575e-15,3.0849733853998704e-23,9.493208886181904e-21,0.007150196798671258,1.9732273649987684e-11,6.287535065855045e-07,0.00020958450219516817
1,30000,100,30,100,10,10,16.889202105698725,56.297340352329094,3.2898681336964533e-13,1.2138393259249994e-23,1.0832211469577608,17.54206870863004,1.673755592912867e-11,3.626094906164086e-11,3.626094906164086e-11,3.0345983148124985e-22,3.0345983148124984e-24,100.00000000000001,3.0345983148124985e-22,-1.4210855018661834e-14,1.837001139459984e-16,3.0849733853998704e-23,9.493208886181904e-21,0.007150196798671258,7.308249499995439e-13,6.287535065855045e-07,0.0006287535065855046
1,100000,100,30,100,10,10,16.889202105698725,56.297340352329094,8.882643960980424e-15,8.848888685993246e-27,1.0832211469577608,17.54206870863004,4.5191401008647416e-13,9.790456246643033e-13,9.790456246643033e-13,2.2122221714983117e-25,2.2122221714983115e-27,100.00000000000001,2.2122221714983117e-25,-1.4210854715423226e-14,4.959903076541957e-18,3.0849733853998704e-23,9.493208886181904e-21,0.007150196798671258,1.9732273649987688e-14,6.287535065855045e-07,0.0020958450219516816
1,1000,100,30,100,50,50,84.44601052849363,281.48670176164546,8.882643960980425e-09,2.2122221714983116e-13,0.21664422939157613,39.225258098466554,5.0525522326888505e-06,2.189212569823006e-06,2.1892125698231266e-06,5.530555428745168e-12,5.5305554287451674e-14,99.99999999998893,5.530555428744556e-12,1.1677910184225292e-14,1.1090680440957545e-11,3.0849733853998704e-23,4.746604443090426e-20,0.03281815434015916,1.9732273649987688e-08,6.287535065855045e-07,2.0958450219516817e-05
1,3000,100,30,100,50,50,84.44601052849363,281.48670176164546,3.289868133696453e-10,3.0345983148124973e-16,0.21664422939155217,39.22525809846872,1.8713156417368177e-07,8.108194703048616e-08,8.108194703048616e-08,7.586495787031242e-15,7.586495787031243e-17,99.99999999999999,7.586495787031242e-15,-7.586495787031242e-15,4.107659422577096e-13,3.0849733853998704e-23,4.746604443090951e-20,0.03281815434015916,7.308249499995438e-10,6.287535065855045e-07,6.287535065855045e-05
1,10000,100,30,100,50,50,84.44601052849363,281.48670176164546,8.882643960980424e-12,2.2122221714983115e-19,0.21664422939155217,39.22525809846872,5.052552232689409e-09,2.1892125698231267e-09,2.1892125698231267e-09,5.530555428745778e-18,5.530555428745779e-20,100.0,5.530555428745778e-18,-5.530555428745778e-18,1.1090680440958159e-14,3.0849733853998704e-23,4.7466044430909516e-20,0.03281815434015916,1.9732273649987684e-11,6.287535065855045e-07,0.00020958450219516817
1,30000,100,30,100,50,50,84.44601052849363,281.48670176164546,3.2898681336964533e-13,3.0345983148124985e-22,0.21664422939155217,39.22525809846872,1.871315641736818e-10,8.108194703048617e-11,8.108194703048617e-11,7.586495787031247e-21,7.586495787031246e-23,100.0,7.586495787031247e-21,-7.586495787031247e-21,4.107659422577095e-16,3.0849733853998704e-23,4.7466044430909516e-20,0.03281815434015916,7.308249499995439e-13,6.287535065855045e-07,0.0006287535065855046
1,100000,100,30,100,50,50,84.44601052849363,281.48670176164546,8.882643960980424e-15,2.2122221714983117e-25,0.21664422939155217,39.22525809846872,5.052552232689409e-12,2.189212569823127e-12,2.189212569823127e-12,5.5305554287457796e-24,5.530555428745779e-26,100.0,5.5305554287457796e-24,-5.5305554287457796e-24,1.1090680440958159e-17,3.0849733853998704e-23,4.7466044430909516e-20,0.03281815434015916,1.9732273649987688e-14,6.287535065855045e-07,0.0020958450219516816
1,1000,100,30,100,100,100,168.89202105698726,562.9734035232909,8.882643960980425e-09,8.848888685993246e-13,0.10832211469582399,55.47289199042728,1.4290775784129327e-05,3.0960141071608373e-06,3.096014107161522e-06,2.2122221714973326e-11,2.212222171497333e-13,99.99999999995576,2.2122221714963542e-11,-1.0131778109224392e-14,1.5684590695545576e-11,3.0849733853998704e-23,9.493208886177704e-20,0.06311010671940927,1.9732273649987688e-08,6.287535065855045e-07,2.0958450219516817e-05
1,3000,100,30,100,100,100,168.89202105698726,562.9734035232909,3.289868133696453e-10,1.213839325924999e-15,0.10832211469577613,55.472891990439535,5.292879920050237e-07,1.146671891541304e-07,1.1466718915413043e-07,3.034598314812496e-14,3.034598314812496e-16,99.99999999999994,3.034598314812495e-14,-1.924273717720943e-15,5.809107665018163e-13,3.0849733853998704e-23,9.493208886181898e-20,0.06311010671940927,7.308249499995438e-10,6.287535065855045e-07,6.287535065855045e-05
1,10000,100,30,100,100,100,168.89202105698726,562.9734035232909,8.882643960980424e-12,8.848888685993246e-19,0.10832211469577609,55.47289199043955,1.4290775784135647e-08,3.096014107161522e-09,3.096014107161522e-09,2.2122221714983112e-17,2.2122221714983115e-19,100.0,2.2122221714983112e-17,-2.2122221714983112e-17,1.5684590695549047e-14,3.0849733853998704e-23,9.493208886181903e-20,0.06311010671940927,1.9732273649987684e-11,6.287535065855045e-07,0.00020958450219516817
1,30000,100,30,100,100,100,168.89202105698726,562.9734035232909,3.2898681336964533e-13,1.2138393259249994e-21,0.10832211469577609,55.47289199043955,5.29287992005024e-10,1.1466718915413045e-10,1.1466718915413045e-10,3.0345983148124987e-20,3.0345983148124985e-22,100.0,3.0345983148124987e-20,-3.0345983148124987e-20,5.809107665018165e-16,3.0849733853998704e-23,9.493208886181903e-20,0.06311010671940927,7.308249499995439e-13,6.287535065855045e-07,0.0006287535065855046
1,100000,100,30,100,100,100,168.89202105698726,562.9734035232909,8.882643960980424e-15,8.848888685993247e-25,0.10832211469577609,55.47289199043955,1.4290775784135649e-11,3.0960141071615223e-12,3.0960141071615223e-12,2.2122221714983118e-23,2.2122221714983117e-25,100.0,2.2122221714983118e-23,-2.2122221714983118e-23,1.5684590695549047e-17,3.0849733853998704e-23,9.493208886181903e-20,0.06311010671940927,1.9732273649987688e-14,6.287535065855045e-07,0.0020958450219516816
1,1000,100,100,1,0.5,0.5,2.814867017616455,0.028148670176164545,9.869604401089358e-12,8.193415449993742e-22,0.21664422939155217,2.1484558684493518,3.074885367574533e-10,1.3323123418510887e-10,1.3323123418510887e-10,2.0483538624984357e-20,2.0483538624984355e-22,100.0,2.0483538624984357e-20,-2.0483538624984357e-20,6.749573172882362e-12,3.808609117777619e-21,1.758001645589242e-20,0.0004559794149747671,2.1924748499986314e-11,2.095845021951682e-06,2.0958450219516817e-05
1,3000,100,100,1,0.5,0.5,2.814867017616455,0.028148670176164545,3.655409037440503e-13,1.1239253017824062e-24,0.21664422939155217,2.1484558684493518,1.1388464324350122e-11,4.9344901550040315e-12,4.9344901550040315e-12,2.809813254456016e-23,2.8098132544560156e-25,100.0,2.809813254456016e-23,-2.809813254456016e-23,2.4998419158823567e-13,3.808609117777619e-21,1.758001645589242e-20,0.0004559794149747671,8.120277222217153e-13,2.095845021951682e-06,6.287535065855045e-05
1,10000,100,100,1,0.5,0.5,2.814867017616455,0.028148670176164545,9.869604401089359e-15,8.193415449993742e-28,0.21664422939155217,2.1484558684493518,3.074885367574533e-13,1.3323123418510885e-13,1.3323123418510885e-13,2.0483538624984355e-26,2.0483538624984354e-28,100.0,2.0483538624984355e-26,-2.0483538624984355e-26,6.749573172882363e-15,3.808609117777619e-21,1.758001645589242e-20,0.0004559794149747671,2.192474849998631e-14,2.095845021951682e-06,0.00020958450219516817
1,30000,100,100,1,0.5,0.5,2.814867017616455,0.028148670176164545,3.655409037440503e-16,1.1239253017824064e-30,0.21664422939155217,2.1484558684493518,1.1388464324350121e-14,4.934490155004032e-15,4.934490155004032e-15,2.809813254456016e-29,2.809813254456016e-31,100.0,2.809813254456016e-29,-2.809813254456016e-29,2.499841915882356e-16,3.808609117777619e-21,1.758001645589242e-20,0.0004559794149747671,8.120277222217154e-16,2.095845021951682e-06,0.0006287535065855046
1,100000,100,100,1,0.5,0.5,2.814867017616455,0.028148670176164545,9.869604401089358e-18,8.193415449993742e-34,0.21664422939155217,2.1484558684493518,3.074885367574533e-16,1.3323123418510885e-16,1.3323123418510885e-16,2.0483538624984356e-32,2.0483538624984354e-34,100.0,2.0483538624984356e-32,-2.0483538624984356e-32,6.7495731728823625e-18,3.808609117777619e-21,1.758001645589242e-20,0.0004559794149747671,2.1924748499986312e-17,2.095845021951682e-06,0.0020958450219516816
1,1000,100,100,1,2.5,2.5,14.074335088082274,0.1407433508808227,9.869604401089358e-12,2.0483538624984354e-20,0.043328845878310436,4.804093368511096,3.437826352458041e-09,2.979140963640972e-10,2.979140963640972e-10,5.120884656246088e-19,5.1208846562460884e-21,100.0,5.120884656246088e-19,-5.120884656246088e-19,1.5092504433673903e-11,3.808609117777619e-21,8.790008227946209e-20,0.0021332555922139785,2.1924748499986314e-11,2.095845021951682e-06,2.0958450219516817e-05
1,3000,100,100,1,2.5,2.5,14.074335088082274,0.1407433508808227,3.655409037440503e-13,2.809813254456016e-23,0.043328845878310436,4.804093368511096,1.2732690194289041e-10,1.1033855420892489e-11,1.1033855420892489e-11,7.024533136140039e-22,7.02453313614004e-24,100.0,7.024533136140039e-22,-7.024533136140039e-22,5.589816456916261e-13,3.808609117777619e-21,8.790008227946209e-20,0.0021332555922139785,8.120277222217153e-13,2.095845021951682e-06,6.287535065855045e-05
1,10000,100,100,1,2.5,2.5,14.074335088082274,0.1407433508808227,9.869604401089359e-15,2.0483538624984355e-26,0.043328845878310436,4.804093368511096,3.4378263524580415e-12,2.979140963640972e-13,2.979140963640972e-13,5.120884656246089e-25,5.120884656246089e-27,100.0,5.120884656246089e-25,-5.120884656246089e-25,1.5092504433673906e-14,3.808609117777619e-21,8.790008227946209e-20,0.0021332555922139785,2.192474849998631e-14,2.095845021951682e-06,0.00020958450219516817
1,30000,100,100,1,2.5,2.5,14.074335088082274,0.1407433508808227,3.655409037440503e-16,2.8098132544560164e-29,0.043328845878310436,4.804093368511096,1.2732690194289042e-13,1.103385542089249e-14,1.103385542089249e-14,7.024533136140041e-28,7.024533136140041e-30,100.0,7.024533136140041e-28,-7.024533136140041e-28,5.589816456916261e-16,3.808609117777619e-21,8.790008227946209e-20,0.0021332555922139785,8.120277222217154e-16,2.095845021951682e-06,0.0006287535065855046
1,100000,100,100,1,2.5,2.5,14.074335088082274,0.1407433508808227,9.869604401089358e-18,2.0483538624984356e-32,0.043328845878310436,4.804093368511096,3.4378263524580416e-15,2.9791409636409724e-16,2.9791409636409724e-16,5.1208846562460895e-31,5.120884656246089e-33,100.0,5.1208846562460895e-31,-5.1208846562460895e-31,1.5092504433673904e-17,3.808609117777619e-21,8.790008227946209e-20,0.0021332555922139785,2.1924748499986312e-17,2.095845021951682e-06,0.0020958450219516816
1,1000,100,100,1,10,10,56.297340352329094,0.5629734035232908,9.869604401089358e-12,3.2773661799974966e-19,0.010832211469577609,9.608186737022193,2.750261081966433e-08,5.958281927281944e-10,5.958281927281944e-10,8.193415449993741e-18,8.193415449993741e-20,100.0,8.193415449993741e-18,-8.193415449993741e-18,3.018500886734781e-11,3.808609117777619e-21,3.5160032911784836e-19,0.008027781976674106,2.1924748499986314e-11,2.095845021951682e-06,2.0958450219516817e-05
1,3000,100,100,1,10,10,56.297340352329094,0.5629734035232908,3.655409037440503e-13,4.495701207129625e-22,0.010832211469577609,9.608186737022193,1.0186152155431233e-09,2.2067710841784978e-11,2.2067710841784978e-11,1.1239253017824063e-20,1.1239253017824063e-22,100.0,1.1239253017824063e-20,-1.1239253017824063e-20,1.1179632913832522e-12,3.808609117777619e-21,3.5160032911784836e-19,0.008027781976674106,8.120277222217153e-13,2.095845021951682e-06,6.287535065855045e-05
1,10000,100,100,1,10,10,56.297340352329094,0.5629734035232908,9.869604401089359e-15,3.277366179997497e-25,0.010832211469577609,9.608186737022193,2.7502610819664332e-11,5.958281927281944e-13,5.958281927281944e-13,8.193415449993743e-24,8.193415449993742e-26,100.0,8.193415449993743e-24,-8.193415449993743e-24,3.018500886734781e-14,3.808609117777619e-21,3.5160032911784836e-19,0.008027781976674106,2.192474849998631e-14,2.095845021951682e-06,0.00020958450219516817
1,30000,100,100,1,10,10,56.297340352329094,0.5629734035232908,3.655409037440503e-16,4.495701207129626e-28,0.010832211469577609,9.608186737022193,1.0186152155431234e-12,2.206771084178498e-14,2.206771084178498e-14,1.1239253017824066e-26,1.1239253017824066e-28,100.0,1.1239253017824066e-26,-1.1239253017824066e-26,1.1179632913832521e-15,3.808609117777619e-21,3.5160032911784836e-19,0.008027781976674106,8.120277222217154e-16,2.095845021951682e-06,0.0006287535065855046
1,100000,100,100,1,10,10,56.297340352329094,0.5629734035232908,9.869604401089358e-18,3.277366179997497e-31,0.010832211469577609,9.608186737022193,2.7502610819664333e-14,5.958281927281945e-16,5.958281927281945e-16,8.193415449993743e-30,8.193415449993742e-32,100.0,8.193415449993743e-30,-8.193415449993743e-30,3.018500886734781e-17,3.808609117777619e-21,3.5160032911784836e-19,0.008027781976674106,2.1924748499986312e-17,2.095845021951682e-06,0.0020958450219516816
1,1000,100,100,1,50,50,281.48670176164546,2.814867017616454,9.869604401089358e-12,8.193415449993741e-18,0.002166442293915522,21.484558684493518,3.074885367574533e-07,1.3323123418510886e-09,1.3323123418510886e-09,2.0483538624984354e-16,2.0483538624984353e-18,100.0,2.0483538624984354e-16,-2.0483538624984354e-16,6.749573172882363e-11,3.808609117777619e-21,1.7580016455892415e-18,0.03720608023017338,2.1924748499986314e-11,2.095845021951682e-06,2.0958450219516817e-05
1,3000,100,100,1,50,50,281.48670176164546,2.814867017616454,3.655409037440503e-13,1.1239253017824061e-20,0.002166442293915522,21.484558684493518,1.138846432435012e-08,4.9344901550040314e-11,4.9344901550040314e-11,2.809813254456015e-19,2.8098132544560153e-21,100.0,2.809813254456015e-19,-2.809813254456015e-19,2.4998419158823567e-12,3.808609117777619e-21,1.7580016455892415e-18,0.03720608023017338,8.120277222217153e-13,2.095845021951682e-06,6.287535065855045e-05
1,10000,100,100,1,50,50,281.48670176164546,2.814867017616454,9.869604401089359e-15,8.193415449993742e-24,0.002166442293915522,21.484558684493518,3.0748853675745324e-10,1.3323123418510885e-12,1.3323123418510885e-12,2.0483538624984353e-22,2.0483538624984354e-24,100.0,2.0483538624984353e-22,-2.0483538624984353e-22,6.749573172882364e-14,3.808609117777619e-21,1.7580016455892415e-18,0.03720608023017338,2.192474849998631e-14,2.095845021951682e-06,0.00020958450219516817
1,30000,100,100,1,50,50,281.48670176164546,2.814867017616454,3.655409037440503e-16,1.1239253017824064e-26,0.002166442293915522,21.484558684493518,1.1388464324350122e-11,4.9344901550040324e-14,4.9344901550040324e-14,2.809813254456016e-25,2.809813254456016e-27,100.0,2.809813254456016e-25,-2.809813254456016e-25,2.4998419158823564e-15,3.808609117777619e-21,1.7580016455892415e-18,0.03720608023017338,8.120277222217154e-16,2.095845021951682e-06,0.0006287535065855046
1,100000,100,100,1,50,50,281.48670176164546,2.814867017616454,9.869604401089358e-18,8.193415449993742e-30,0.002166442293915522,21.484558684493518,3.074885367574533e-13,1.3323123418510887e-15,1.3323123418510887e-15,2.0483538624984354e-28,2.0483538624984355e-30,100.0,2.0483538624984354e-28,-2.0483538624984354e-28,6.749573172882363e-17,3.808609117777619e-21,1.7580016455892415e-18,0.03720608023017338,2.1924748499986312e-17,2.095845021951682e-06,0.0020958450219516816
1,1000,100,100,1,100,100,562.9734035232909,5.629734035232908,9.869604401089358e-12,3.2773661799974965e-17,0.001083221146957761,30.38375427321139,8.697089179132967e-07,1.8841741831628687e-09,1.8841741831628687e-09,8.193415449993742e-16,8.193415449993741e-18,100.0,8.193415449993742e-16,-8.193415449993742e-16,9.545337921319838e-11,3.808609117777619e-21,3.516003291178483e-18,0.07188595849943771,2.1924748499986314e-11,2.095845021951682e-06,2.0958450219516817e-05
1,3000,100,100,1,100,100,562.9734035232909,5.629734035232908,3.655409037440503e-13,4.4957012071296244e-20,0.001083221146957761,30.38375427321139,3.221144140419617e-08,6.978422900603217e-11,6.978422900603217e-11,1.123925301782406e-18,1.1239253017824061e-20,100.0,1.123925301782406e-18,-1.123925301782406e-18,3.53531034122957e-12,3.808609117777619e-21,3.516003291178483e-18,0.07188595849943771,8.120277222217153e-13,2.095845021951682e-06,6.287535065855045e-05
1,10000,100,100,1,100,100,562.9734035232909,5.629734035232908,9.869604401089359e-15,3.2773661799974966e-23,0.001083221146957761,30.38375427321139,8.697089179132966e-10,1.8841741831628687e-12,1.8841741831628687e-12,8.193415449993741e-22,8.193415449993742e-24,100.0,8.193415449993741e-22,-8.193415449993741e-22,9.545337921319838e-14,3.808609117777619e-21,3.516003291178483e-18,0.07188595849943771,2.192474849998631e-14,2.095845021951682e-06,0.00020958450219516817
1,30000,100,100,1,100,100,562.9734035232909,5.629734035232908,3.655409037440503e-16,4.4957012071296257e-26,0.001083221146957761,30.38375427321139,3.2211441404196174e-11,6.978422900603218e-14,6.978422900603218e-14,1.1239253017824064e-24,1.1239253017824064e-26,100.0,1.1239253017824064e-24,-1.1239253017824064e-24,3.5353103412295693e-15,3.808609117777619e-21,3.516003291178483e-18,0.07188595849943771,8.120277222217154e-16,2.095845021951682e-06,0.0006287535065855046
1,100000,100,100,1,100,100,562.9734035232909,5.629734035232908,9.869604401089358e-18,3.277366179997497e-29,0.001083221146957761,30.38375427321139,8.697089179132967e-13,1.884174183162869e-15,1.884174183162869e-15,8.193415449993742e-28,8.193415449993742e-30,100.0,8.193415449993742e-28,-8.193415449993742e-28,9.545337921319839e-17,3.808609117777619e-21,3.516003291178483e-18,0.07188595849943771,2.1924748499986312e-17,2.095845021951682e-06,0.0020958450219516816
1,1000,100,100,10,0.5,0.5,2.814867017616455,0.2814867017616454,9.86960440108936e-10,8.193415449993744e-19,2.1664422939155217,2.1484558684493518,3.0748853675745333e-09,1.3323123418510887e-08,1.3323123418510887e-08,2.048353862498436e-17,2.048353862498436e-19,100.0,2.048353862498436e-17,-2.048353862498436e-17,6.749573172882362e-12,3.808609117777619e-21,1.758001645589242e-20,0.0004559794149747671,2.1924748499986317e-09,2.095845021951682e-06,2.0958450219516817e-05
1,3000,100,100,10,0.5,0.5,2.814867017616455,0.2814867017616454,3.6554090374405037e-11,1.1239253017824067e-21,2.1664422939155217,2.1484558684493518,1.1388464324350123e-10,4.934490155004033e-10,4.934490155004033e-10,2.8098132544560163e-20,2.809813254456017e-22,100.0,2.8098132544560163e-20,-2.8098132544560163e-20,2.4998419158823567e-13,3.808609117777619e-21,1.758001645589242e-20,0.0004559794149747671,8.120277222217155e-11,2.095845021951682e-06,6.287535065855045e-05
1,10000,100,100,10,0.5,0.5,2.814867017616455,0.2814867017616454,9.869604401089358e-13,8.1934154499937445e-25,2.1664422939155217,2.1484558684493518,3.074885367574533e-12,1.3323123418510887e-11,1.3323123418510887e-11,2.048353862498436e-23,2.0483538624984361e-25,100.0,2.048353862498436e-23,-2.048353862498436e-23,6.749573172882363e-15,3.808609117777619e-21,1.758001645589242e-20,0.0004559794149747671,2.1924748499986314e-12,2.095845021951682e-06,0.00020958450219516817
1,30000,100,100,10,0.5,0.5,2.814867017616455,0.2814867017616454,3.655409037440503e-14,1.1239253017824065e-27,2.1664422939155217,2.1484558684493518,1.138846432435012e-13,4.934490155004032e-13,4.934490155004032e-13,2.8098132544560157e-26,2.8098132544560163e-28,100.0,2.8098132544560157e-26,-2.8098132544560157e-26,2.499841915882356e-16,3.808609117777619e-21,1.758001645589242e-20,0.0004559794149747671,8.120277222217153e-14,2.095845021951682e-06,0.0006287535065855046
1,100000,100,100,10,0.5,0.5,2.814867017616455,0.2814867017616454,9.869604401089359e-16,8.193415449993744e-31,2.1664422939155217,2.1484558684493518,3.074885367574533e-15,1.3323123418510887e-14,1.3323123418510887e-14,2.048353862498436e-29,2.048353862498436e-31,100.0,2.048353862498436e-29,-2.048353862498436e-29,6.7495731728823625e-18,3.808609117777619e-21,1.758001645589242e-20,0.0004559794149747671,2.1924748499986315e-15,2.095845021951682e-06,0.0020958450219516816
1,1000,100,100,10,2.5,2.5,14.074335088082274,1.407433508808227,9.86960440108936e-10,2.048353862498436e-17,0.43328845878310435,4.804093368511096,3.437826352458042e-08,2.9791409636409725e-08,2.9791409636409725e-08,5.12088465624609e-16,5.12088465624609e-18,100.0,5.12088465624609e-16,-5.12088465624609e-16,1.5092504433673903e-11,3.808609117777619e-21,8.790008227946209e-20,0.0021332555922139785,2.1924748499986317e-09,2.095845021951682e-06,2.0958450219516817e-05
1,3000,100,100,10,2.5,2.5,14.074335088082274,1.407433508808227,3.6554090374405037e-11,2.8098132544560163e-20,0.43328845878310435,4.804093368511096,1.2732690194289044e-09,1.103385542089249e-09,1.103385542089249e-09,7.024533136140042e-19,7.024533136140041e-21,100.0,7.024533136140042e-19,-7.024533136140042e-19,5.589816456916261e-13,3.808609117777619e-21,8.790008227946209e-20,0.0021332555922139785,8.120277222217155e-11,2.095845021951682e-06,6.287535065855045e-05
1,10000,100,100,10,2.5,2.5,14.074335088082274,1.407433508808227,9.869604401089358e-13,2.048353862498436e-23,0.43328845878310435,4.804093368511096,3.437826352458042e-11,2.9791409636409725e-11,2.9791409636409725e-11,5.1208846562460905e-22,5.12088465624609e-24,100.0,5.1208846562460905e-22,-5.1208846562460905e-22,1.5092504433673906e-14,3.808609117777619e-21,8.790008227946209e-20,0.0021332555922139785,2.1924748499986314e-12,2.095845021951682e-06,0.00020958450219516817
1,30000,100,100,10,2.5,2.5,14.074335088082274,1.407433508808227,3.655409037440503e-14,2.8098132544560157e-26,0.43328845878310435,4.804093368511096,1.2732690194289044e-12,1.103385542089249e-12,1.103385542089249e-12,7.024533136140041e-25,7.024533136140039e-27,100.0,7.024533136140041e-25,-7.024533136140041e-25,5.589816456916261e-16,3.808609117777619e-21,8.790008227946209e-20,0.0021332555922139785,8.120277222217153e-14,2.095845021951682e-06,0.0006287535065855046
1,100000,100,100,10,2.5,2.5,14.074335088082274,1.407433508808227,9.869604401089359e-16,2.048353862498436e-29,0.43328845878310435,4.804093368511096,3.437826352458042e-14,2.979140963640972e-14,2.979140963640972e-14,5.12088465624609e-28,5.12088465624609e-30,100.0,5.12088465624609e-28,-5.12088465624609e-28,1.5092504433673904e-17,3.808609117777619e-21,8.790008227946209e-20,0.0021332555922139785,2.1924748499986315e-15,2.095845021951682e-06,0.0020958450219516816
1,1000,100,100,10,10,10,56.297340352329094,5.629734035232908,9.86960440108936e-10,3.2773661799974974e-16,0.10832211469577609,9.60818673702219,2.750261081966433e-07,5.9582819272819436e-08,5.958281927281945e-08,8.193415449993741e-15,8.193415449993743e-17,99.99999999999997,8.193415449993741e-15,6.017439265208263e-15,3.01850088673478e-11,3.808609117777619e-21,3.5160032911784826e-19,0.008027781976674106,2.1924748499986317e-09,2.095845021951682e-06,2.0958450219516817e-05
1,3000,100,100,10,10,10,56.297340352329094,5.629734035232908,3.6554090374405037e-11,4.495701207129626e-19,0.10832211469577609,9.608186737022193,1.0186152155431236e-08,2.206771084178498e-09,2.206771084178498e-09,1.1239253017824067e-17,1.1239253017824065e-19,100.0,1.1239253017824067e-17,-1.1239253017824067e-17,1.1179632913832522e-12,3.808609117777619e-21,3.5160032911784836e-19,0.008027781976674106,8.120277222217155e-11,2.095845021951682e-06,6.287535065855045e-05
1,10000,100,100,10,10,10,56.297340352329094,5.629734035232908,9.869604401089358e-13,3.2773661799974974e-22,0.10832211469577609,9.608186737022193,2.7502610819664335e-10,5.958281927281945e-11,5.958281927281945e-11,8.193415449993745e-21,8.193415449993744e-23,100.0,8.193415449993745e-21,-8.193415449993745e-21,3.018500886734781e-14,3.808609117777619e-21,3.5160032911784836e-19,0.008027781976674106,2.1924748499986314e-12,2.095845021951682e-06,0.00020958450219516817
1,30000,100,100,10,10,10,56.297340352329094,5.629734035232908,3.655409037440503e-14,4.495701207129625e-25,0.10832211469577609,9.608186737022193,1.0186152155431235e-11,2.206771084178498e-12,2.206771084178498e-12,1.1239253017824065e-23,1.1239253017824063e-25,100.0,1.1239253017824065e-23,-1.1239253017824065e-23,1.1179632913832521e-15,3.808609117777619e-21,3.5160032911784836e-19,0.008027781976674106,8.120277222217153e-14,2.095845021951682e-06,0.0006287535065855046
1,100000,100,100,10,10,10,56.297340352329094,5.629734035232908,9.869604401089359e-16,3.2773661799974974e-28,0.10832211469577609,9.608186737022193,2.7502610819664337e-13,5.958281927281944e-14,5.958281927281944e-14,8.193415449993745e-27,8.193415449993743e-29,100.0,8.193415449993745e-27,-8.193415449993745e-27,3.018500886734781e-17,3.808609117777619e-21,3.5160032911784836e-19,0.008027781976674106,2.1924748499986315e-15,2.095845021951682e-06,0.0020958450219516816
1,1000,100,100,10,50,50,281.48670176164546,28.14867017616454,9.86960440108936e-10,8.193415449993744e-15,0.021664422939155305,21.48455868449347,3.0748853675745204e-06,1.3323123418510858e-07,1.3323123418510887e-07,2.0483538624984272e-13,2.0483538624984277e-15,99.99999999999959,2.048353862498419e-13,8.327434478188165e-15,6.749573172882348e-11,3.808609117777619e-21,1.7580016455892346e-18,0.03720608023017338,2.1924748499986317e-09,2.095845021951682e-06,2.0958450219516817e-05
1,3000,100,100,10,50,50,281.48670176164546,28.14867017616454,3.6554090374405037e-11,1.1239253017824065e-17,0.021664422939155218,21.484558684493518,1.1388464324350123e-07,4.934490155004033e-09,4.934490155004033e-09,2.8098132544560163e-16,2.8098132544560164e-18,100.0,2.8098132544560163e-16,-2.8098132544560163e-16,2.4998419158823567e-12,3.808609117777619e-21,1.7580016455892415e-18,0.03720608023017338,8.120277222217155e-11,2.095845021951682e-06,6.287535065855045e-05
1,10000,100,100,10,50,50,281.48670176164546,28.14867017616454,9.869604401089358e-13,8.193415449993743e-21,0.021664422939155218,21.484558684493518,3.074885367574533e-09,1.3323123418510887e-10,1.3323123418510887e-10,2.0483538624984359e-19,2.048353862498436e-21,100.0,2.0483538624984359e-19,-2.0483538624984359e-19,6.749573172882364e-14,3.808609117777619e-21,1.7580016455892415e-18,0.03720608023017338,2.1924748499986314e-12,2.095845021951682e-06,0.00020958450219516817
1,30000,100,100,10,50,50,281.48670176164546,28.14867017616454,3.655409037440503e-14,1.1239253017824064e-23,0.021664422939155218,21.484558684493518,1.1388464324350121e-10,4.934490155004032e-12,4.934490155004032e-12,2.8098132544560154e-22,2.809813254456016e-24,100.0,2.8098132544560154e-22,-2.8098132544560154e-22,2.4998419158823564e-15,3.808609117777619e-21,1.7580016455892415e-18,0.03720608023017338,8.120277222217153e-14,2.095845021951682e-06,0.0006287535065855046
1,100000,100,100,10,50,50,281.48670176164546,28.14867017616454,9.869604401089359e-16,8.193415449993743e-27,0.021664422939155218,21.484558684493518,3.074885367574533e-12,1.3323123418510887e-13,1.3323123418510887e-13,2.048353862498436e-25,2.0483538624984358e-27,100.0,2.048353862498436e-25,-2.048353862498436e-25,6.749573172882363e-17,3.808609117777619e-21,1.7580016455892415e-18,0.03720608023017338,2.1924748499986315e-15,2.095845021951682e-06,0.0020958450219516816
1,1000,100,100,10,100,100,562.9734035232909,56.29734035232908,9.86960440108936e-10,3.2773661799974976e-14,0.010832211469577788,30.383754273211142,8.697089179132825e-06,1.8841741831628533e-07,1.884174183162869e-07,8.193415449993609e-13,8.19341544999361e-15,99.99999999999835,8.193415449993474e-13,4.8880284823688485e-15,9.54533792131976e-11,3.808609117777619e-21,3.516003291178426e-18,0.07188595849943771,2.1924748499986317e-09,2.095845021951682e-06,2.0958450219516817e-05
1,3000,100,100,10,100,100,562.9734035232909,56.29734035232908,3.6554090374405037e-11,4.495701207129626e-17,0.010832211469577609,30.38375427321139,3.221144140419618e-07,6.978422900603218e-09,6.978422900603218e-09,1.1239253017824065e-15,1.1239253017824065e-17,100.0,1.1239253017824065e-15,-1.1239253017824065e-15,3.53531034122957e-12,3.808609117777619e-21,3.516003291178483e-18,0.07188595849943771,8.120277222217155e-11,2.095845021951682e-06,6.287535065855045e-05
1,10000,100,100,10,100,100,562.9734035232909,56.29734035232908,9.869604401089358e-13,3.2773661799974973e-20,0.010832211469577609,30.38375427321139,8.697089179132968e-09,1.8841741831628688e-10,1.8841741831628688e-10,8.193415449993743e-19,8.193415449993743e-21,100.0,8.193415449993743e-19,-8.193415449993743e-19,9.545337921319838e-14,3.808609117777619e-21,3.516003291178483e-18,0.07188595849943771,2.1924748499986314e-12,2.095845021951682e-06,0.00020958450219516817
1,30000,100,100,10,100,100,562.9734035232909,56.29734035232908,3.655409037440503e-14,4.4957012071296255e-23,0.010832211469577609,30.38375427321139,3.2211441404196175e-10,6.978422900603217e-12,6.978422900603217e-12,1.1239253017824062e-21,1.1239253017824064e-23,100.0,1.1239253017824062e-21,-1.1239253017824062e-21,3.5353103412295693e-15,3.808609117777619e-21,3.516003291178483e-18,0.07188595849943771,8.120277222217153e-14,2.095845021951682e-06,0.0006287535065855046
1,100000,100,100,10,100,100,562.9734035232909,56.29734035232908,9.869604401089359e-16,3.277366179997497e-26,0.010832211469577609,30.38375427321139,8.697089179132968e-12,1.8841741831628687e-13,1.8841741831628687e-13,8.193415449993744e-25,8.193415449993743e-27,100.0,8.193415449993744e-25,-8.193415449993744e-25,9.545337921319839e-17,3.808609117777619e-21,3.516003291178483e-18,0.07188595849943771,2.1924748499986315e-15,2.095845021951682e-06,0.0020958450219516816
1,1000,100,100,100,0.5,0.5,2.814867017616455,2.814867017616455,9.869604401089358e-08,8.193415449993742e-16,21.664422939155227,2.1484558684493513,3.074885367574531e-08,1.3323123418510882e-06,1.3323123418510887e-06,2.0483538624984344e-14,2.0483538624984344e-16,99.99999999999996,2.0483538624984334e-14,7.938170805419673e-15,6.749573172882361e-12,3.808609117777619e-21,1.758001645589241e-20,0.0004559794149747671,2.1924748499986314e-07,2.095845021951682e-06,2.0958450219516817e-05
1,3000,100,100,100,0.5,0.5,2.814867017616455,2.814867017616455,3.655409037440503e-09,1.1239253017824064e-18,21.664422939155216,2.1484558684493518,1.1388464324350122e-09,4.934490155004032e-08,4.934490155004032e-08,2.8098132544560164e-17,2.809813254456016e-19,100.0,2.8098132544560164e-17,-2.8098132544560164e-17,2.4998419158823567e-13,3.808609117777619e-21,1.758001645589242e-20,0.0004559794149747671,8.120277222217153e-09,2.095845021951682e-06,6.287535065855045e-05
1,10000,100,100,100,0.5,0.5,2.814867017616455,2.814867017616455,9.869604401089359e-11,8.193415449993745e-22,21.664422939155216,2.1484558684493518,3.074885367574533e-11,1.3323123418510888e-09,1.3323123418510888e-09,2.048353862498436e-20,2.0483538624984362e-22,100.0,2.048353862498436e-20,-2.048353862498436e-20,6.749573172882363e-15,3.808609117777619e-21,1.758001645589242e-20,0.0004559794149747671,2.1924748499986316e-10,2.095845021951682e-06,0.00020958450219516817
1,30000,100,100,100,0.5,0.5,2.814867017616455,2.814867017616455,3.6554090374405035e-12,1.1239253017824066e-24,21.664422939155216,2.1484558684493518,1.1388464324350123e-12,4.9344901550040327e-11,4.9344901550040327e-11,2.8098132544560164e-23,2.8098132544560165e-25,100.0,2.8098132544560164e-23,-2.8098132544560164e-23,2.499841915882356e-16,3.808609117777619e-21,1.758001645589242e-20,0.0004559794149747671,8.120277222217154e-12,2.095845021951682e-06,0.0006287535065855046
1,100000,100,100,100,0.5,0.5,2.814867017616455,2.814867017616455,9.869604401089359e-14,8.193415449993745e-28,21.664422939155216,2.1484558684493518,3.074885367574533e-14,1.3323123418510887e-12,1.3323123418510887e-12,2.0483538624984358e-26,2.0483538624984363e-28,100.0,2.0483538624984358e-26,-2.0483538624984358e-26,6.7495731728823625e-18,3.808609117777619e-21,1.758001645589242e-20,0.0004559794149747671,2.1924748499986315e-13,2.095845021951682e-06,0.0020958450219516816
1,1000,100,100,100,2.5,2.5,14.074335088082274,14.074335088082274,9.869604401089358e-08,2.0483538624984353e-14,4.332884587831088,4.804093368511071,3.437826352458006e-07,2.9791409636409566e-06,2.979140963640972e-06,5.120884656246036e-13,5.120884656246036e-15,99.99999999999898,5.120884656245983e-13,-4.976958773262058e-16,1.5092504433673826e-11,3.808609117777619e-21,8.790008227946119e-20,0.0021332555922139785,2.1924748499986314e-07,2.095845021951682e-06,2.0958450219516817e-05
1,3000,100,100,100,2.5,2.5,14.074335088082274,14.074335088082274,3.655409037440503e-09,2.809813254456016e-17,4.332884587831043,4.804093368511096,1.2732690194289044e-08,1.103385542089249e-07,1.103385542089249e-07,7.02453313614004e-16,7.02453313614004e-18,100.0,7.02453313614004e-16,-7.02453313614004e-16,5.589816456916261e-13,3.808609117777619e-21,8.790008227946209e-20,0.0021332555922139785,8.120277222217153e-09,2.095845021951682e-06,6.287535065855045e-05
1,10000,100,100,100,2.5,2.5,14.074335088082274,14.074335088082274,9.869604401089359e-11,2.048353862498436e-20,4.332884587831043,4.804093368511096,3.4378263524580414e-10,2.9791409636409722e-09,2.9791409636409722e-09,5.120884656246089e-19,5.12088465624609e-21,100.0,5.120884656246089e-19,-5.120884656246089e-19,1.5092504433673906e-14,3.808609117777619e-21,8.790008227946209e-20,0.0021332555922139785,2.1924748499986316e-10,2.095845021951682e-06,0.00020958450219516817
1,30000,100,100,100,2.5,2.5,14.074335088082274,14.074335088082274,3.6554090374405035e-12,2.8098132544560164e-23,4.332884587831043,4.804093368511096,1.2732690194289045e-11,1.1033855420892491e-10,1.1033855420892491e-10,7.024533136140041e-22,7.024533136140041e-24,100.0,7.024533136140041e-22,-7.024533136140041e-22,5.589816456916261e-16,3.808609117777619e-21,8.790008227946209e-20,0.0021332555922139785,8.120277222217154e-12,2.095845021951682e-06,0.0006287535065855046
1,100000,100,100,100,2.5,2.5,14.074335088082274,14.074335088082274,9.869604401089359e-14,2.0483538624984358e-26,4.332884587831043,4.804093368511096,3.4378263524580417e-13,2.9791409636409724e-12,2.9791409636409724e-12,5.12088465624609e-25,5.1208846562460895e-27,100.0,5.12088465624609e-25,-5.12088465624609e-25,1.5092504433673904e-17,3.808609117777619e-21,8.790008227946209e-20,0.0021332555922139785,2.1924748499986315e-13,2.095845021951682e-06,0.0020958450219516816
1,1000,100,100,100,10,10,56.297340352329094,56.297340352329094,9.869604401089358e-08,3.2773661799974965e-13,1.0832211469579383,9.608186737021406,2.750261081965983e-06,5.958281927281456e-06,5.958281927281944e-06,8.193415449992402e-12,8.193415449992398e-14,99.99999999998363,8.19341544999106e-12,-2.2173988749907443e-14,3.018500886734533e-11,3.808609117777619e-21,3.5160032911779077e-19,0.008027781976674106,2.1924748499986314e-07,2.095845021951682e-06,2.0958450219516817e-05
1,3000,100,100,100,10,10,56.297340352329094,56.297340352329094,3.655409037440503e-09,4.495701207129625e-16,1.083221146957761,9.60818673702219,1.0186152155431232e-07,2.2067710841784975e-07,2.206771084178498e-07,1.123925301782406e-14,1.1239253017824063e-16,99.99999999999997,1.1239253017824058e-14,2.9716016973779456e-15,1.117963291383252e-12,3.808609117777619e-21,3.5160032911784826e-19,0.008027781976674106,8.120277222217153e-09,2.095845021951682e-06,6.287535065855045e-05
1,10000,100,100,100,10,10,56.297340352329094,56.297340352329094,9.869604401089359e-11,3.2773661799974976e-19,1.0832211469577608,9.608186737022193,2.750261081966433e-09,5.9582819272819444e-09,5.9582819272819444e-09,8.193415449993743e-18,8.193415449993744e-20,100.0,8.193415449993743e-18,-8.193415449993743e-18,3.018500886734781e-14,3.808609117777619e-21,3.5160032911784836e-19,0.008027781976674106,2.1924748499986316e-10,2.095845021951682e-06,0.00020958450219516817
1,30000,100,100,100,10,10,56.297340352329094,56.297340352329094,3.6554090374405035e-12,4.495701207129626e-22,1.0832211469577608,9.608186737022193,1.0186152155431236e-10,2.2067710841784981e-10,2.2067710841784981e-10,1.1239253017824066e-20,1.1239253017824066e-22,100.0,1.1239253017824066e-20,-1.1239253017824066e-20,1.1179632913832521e-15,3.808609117777619e-21,3.5160032911784836e-19,0.008027781976674106,8.120277222217154e-12,2.095845021951682e-06,0.0006287535065855046
1,100000,100,100,100,10,10,56.297340352329094,56.297340352329094,9.869604401089359e-14,3.2773661799974973e-25,1.0832211469577608,9.608186737022193,2.7502610819664334e-12,5.958281927281945e-12,5.958281927281945e-12,8.193415449993745e-24,8.193415449993743e-26,100.0,8.193415449993745e-24,-8.193415449993745e-24,3.018500886734781e-17,3.808609117777619e-21,3.5160032911784836e-19,0.008027781976674106,2.1924748499986315e-13,2.095845021951682e-06,0.0020958450219516816
1,1000,100,100,100,50,50,281.48670176164546,281.48670176164546,9.869604401089358e-08,8.193415449993741e-12,0.2166442293924397,21.484558684449507,3.074885367561935e-05,1.3323123418483593e-05,1.3323123418510886e-05,2.0483538624900432e-10,2.048353862490044e-12,99.99999999959032,2.0483538624816514e-10,1.4084471471740296e-14,6.749573172868536e-11,3.808609117777619e-21,1.7580016455820397e-18,0.03720608023017338,2.1924748499986314e-07,2.095845021951682e-06,2.0958450219516817e-05
1,3000,100,100,100,50,50,281.48670176164546,281.48670176164546,3.655409037440503e-09,1.1239253017824064e-14,0.21664422939155337,21.484558684493457,1.1388464324350057e-06,4.934490155004018e-07,4.934490155004032e-07,2.809813254456e-13,2.809813254456001e-15,99.99999999999945,2.8098132544559846e-13,-1.0975085856760387e-14,2.49984191588235e-12,3.808609117777619e-21,1.758001645589232e-18,0.03720608023017338,8.120277222217153e-09,2.095845021951682e-06,6.287535065855045e-05
1,10000,100,100,100,50,50,281.48670176164546,281.48670176164546,9.869604401089359e-11,8.193415449993744e-18,0.21664422939155217,21.484558684493518,3.074885367574533e-08,1.3323123418510887e-08,1.3323123418510887e-08,2.048353862498436e-16,2.048353862498436e-18,100.0,2.048353862498436e-16,-2.048353862498436e-16,6.749573172882364e-14,3.808609117777619e-21,1.7580016455892415e-18,0.03720608023017338,2.1924748499986316e-10,2.095845021951682e-06,0.00020958450219516817
1,30000,100,100,100,50,50,281.48670176164546,281.48670176164546,3.6554090374405035e-12,1.1239253017824064e-20,0.21664422939155217,21.484558684493518,1.1388464324350122e-09,4.934490155004033e-10,4.934490155004033e-10,2.809813254456016e-19,2.809813254456016e-21,100.0,2.809813254456016e-19,-2.809813254456016e-19,2.4998419158823564e-15,3.808609117777619e-21,1.7580016455892415e-18,0.03720608023017338,8.120277222217154e-12,2.095845021951682e-06,0.0006287535065855046
1,100000,100,100,100,50,50,281.48670176164546,281.48670176164546,9.869604401089359e-14,8.193415449993745e-24,0.21664422939155217,21.484558684493518,3.074885367574533e-11,1.3323123418510887e-11,1.3323123418510887e-11,2.0483538624984357e-22,2.048353862498436e-24,100.0,2.0483538624984357e-22,-2.0483538624984357e-22,6.749573172882363e-17,3.808609117777619e-21,1.7580016455892415e-18,0.03720608023017338,2.1924748499986315e-13,2.095845021951682e-06,0.0020958450219516816
1,1000,100,100,100,100,100,562.9734035232909,562.9734035232909,9.869604401089358e-08,3.2773661799974966e-11,0.10832211469755113,30.383754272962445,8.697089178990448e-05,1.884174183147431e-05,1.8841741831628686e-05,8.193415449859474e-10,8.193415449859476e-12,99.99999999836132,8.193415449725211e-10,-5.055128343770587e-16,9.54533792124163e-11,3.808609117777619e-21,3.516003291120868e-18,0.07188595849943771,2.1924748499986314e-07,2.095845021951682e-06,2.0958450219516817e-05
1,3000,100,100,100,100,100,562.9734035232909,562.9734035232909,3.655409037440503e-09,4.495701207129626e-14,0.10832211469577852,30.383754273211053,3.2211441404195456e-06,6.978422900603139e-07,6.978422900603218e-07,1.1239253017823813e-12,1.1239253017823815e-14,99.99999999999775,1.123925301782356e-12,-1.2677792813977728e-15,3.535310341229531e-12,3.808609117777619e-21,3.5160032911784044e-18,0.07188595849943771,8.120277222217153e-09,2.095845021951682e-06,6.287535065855045e-05
1,10000,100,100,100,100,100,562.9734035232909,562.9734035232909,9.869604401089359e-11,3.277366179997498e-17,0.10832211469577609,30.38375427321139,8.697089179132969e-08,1.8841741831628688e-08,1.8841741831628688e-08,8.193415449993744e-16,8.193415449993744e-18,100.0,8.193415449993744e-16,-8.193415449993744e-16,9.545337921319838e-14,3.808609117777619e-21,3.516003291178483e-18,0.07188595849943771,2.1924748499986316e-10,2.095845021951682e-06,0.00020958450219516817
1,30000,100,100,100,100,100,562.9734035232909,562.9734035232909,3.6554090374405035e-12,4.4957012071296256e-20,0.10832211469577609,30.38375427321139,3.2211441404196177e-09,6.978422900603217e-10,6.978422900603217e-10,1.1239253017824064e-18,1.1239253017824064e-20,100.0,1.1239253017824064e-18,-1.1239253017824064e-18,3.5353103412295693e-15,3.808609117777619e-21,3.516003291178483e-18,0.07188595849943771,8.120277222217154e-12,2.095845021951682e-06,0.0006287535065855046
1,100000,100,100,100,100,100,562.9734035232909,562.9734035232909,9.869604401089359e-14,3.277366179997498e-23,0.10832211469577609,30.38375427321139,8.697089179132968e-11,1.884174183162869e-11,1.884174183162869e-11,8.193415449993743e-22,8.193415449993745e-24,100.0,8.193415449993743e-22,-8.193415449993743e-22,9.545337921319839e-17,3.808609117777619e-21,3.516003291178483e-18,0.07188595849943771,2.1924748499986315e-13,2.095845021951682e-06,0.0020958450219516816
1,3000,100,300,1,0.5,0.5,8.444601052849363,0.028148670176164545,3.289868133696453e-12,3.034598314812497e-23,0.21664422939155217,1.2404115739912644,5.917619648987993e-11,2.5640362973746222e-11,2.5640362973746222e-11,7.586495787031242e-22,7.586495787031242e-24,100.0,7.586495787031242e-22,-7.586495787031242e-22,1.2989559627595698e-12,3.0849733853998715e-19,4.746604443090953e-19,0.000496018768747658,7.308249499995437e-12,6.287535065855045e-06,6.287535065855045e-05
1,10000,100,300,1,0.5,0.5,8.444601052849363,0.028148670176164545,8.882643960980422e-14,2.2122221714983108e-26,0.21664422939155217,1.2404115739912644,1.5977573052267583e-12,6.92289800291148e-13,6.92289800291148e-13,5.530555428745777e-25,5.530555428745777e-27,100.0,5.530555428745777e-25,-5.530555428745777e-25,3.5071810994508384e-14,3.0849733853998715e-19,4.746604443090953e-19,0.000496018768747658,1.9732273649987682e-13,6.287535065855045e-06,0.00020958450219516817
1,30000,100,300,1,0.5,0.5,8.444601052849363,0.028148670176164545,3.289868133696453e-15,3.0345983148124975e-29,0.21664422939155217,1.2404115739912644,5.917619648987993e-14,2.5640362973746226e-14,2.5640362973746226e-14,7.586495787031244e-28,7.586495787031244e-30,100.0,7.586495787031244e-28,-7.586495787031244e-28,1.2989559627595696e-15,3.0849733853998715e-19,4.746604443090953e-19,0.000496018768747658,7.30824949999544e-15,6.287535065855045e-06,0.0006287535065855046
1,100000,100,300,1,0.5,0.5,8.444601052849363,0.028148670176164545,8.882643960980423e-17,2.2122221714983106e-32,0.21664422939155217,1.2404115739912644,1.5977573052267581e-15,6.92289800291148e-16,6.92289800291148e-16,5.530555428745776e-31,5.5305554287457764e-33,100.0,5.530555428745776e-31,-5.530555428745776e-31,3.5071810994508386e-17,3.0849733853998715e-19,4.746604443090953e-19,0.000496018768747658,1.9732273649987681e-16,6.287535065855045e-06,0.0020958450219516816
1,3000,100,300,1,2.5,2.5,42.223005264246815,0.1407433508808227,3.289868133696453e-12,7.586495787031241e-22,0.043328845878310436,2.7736445995219774,6.616099900062798e-10,5.733359457706521e-11,5.733359457706521e-11,1.8966239467578103e-20,1.8966239467578104e-22,100.0,1.8966239467578103e-20,-1.8966239467578103e-20,2.904553832509083e-12,3.0849733853998715e-19,2.3733022215454763e-18,0.002333452361078433,7.308249499995437e-12,6.287535065855045e-06,6.287535065855045e-05
1,10000,100,300,1,2.5,2.5,42.223005264246815,0.1407433508808227,8.882643960980422e-14,5.5305554287457755e-25,0.043328845878310436,2.7736445995219774,1.7863469730169555e-11,1.5480070535807608e-12,1.5480070535807608e-12,1.3826388571864438e-23,1.3826388571864439e-25,100.0,1.3826388571864438e-23,-1.3826388571864438e-23,7.842295347774523e-14,3.0849733853998715e-19,2.3733022215454763e-18,0.002333452361078433,1.9732273649987682e-13,6.287535065855045e-06,0.00020958450219516817
1,30000,100,300,1,2.5,2.5,42.223005264246815,0.1407433508808227,3.289868133696453e-15,7.586495787031242e-28,0.043328845878310436,2.7736445995219774,6.616099900062798e-13,5.733359457706522e-14,5.733359457706522e-14,1.896623946757811e-26,1.8966239467578106e-28,100.0,1.896623946757811e-26,-1.896623946757811e-26,2.9045538325090825e-15,3.0849733853998715e-19,2.3733022215454763e-18,0.002333452361078433,7.30824949999544e-15,6.287535065855045e-06,0.0006287535065855046
1,100000,100,300,1,2.5,2.5,42.223005264246815,0.1407433508808227,8.882643960980423e-17,5.5305554287457755e-31,0.043328845878310436,2.7736445995219774,1.7863469730169555e-14,1.5480070535807608e-15,1.5480070535807608e-15,1.3826388571864442e-29,1.3826388571864439e-31,100.0,1.3826388571864442e-29,-1.3826388571864442e-29,7.842295347774524e-17,3.0849733853998715e-19,2.3733022215454763e-18,0.002333452361078433,1.9732273649987681e-16,6.287535065855045e-06,0.0020958450219516816
1,3000,100,300,1,10,10,168.89202105698726,0.5629734035232908,3.289868133696453e-12,1.2138393259249986e-20,0.010832211469577609,5.547289199043955,5.292879920050238e-09,1.1466718915413041e-10,1.1466718915413041e-10,3.0345983148124965e-19,3.0345983148124966e-21,100.0,3.0345983148124965e-19,-3.0345983148124965e-19,5.809107665018166e-12,3.0849733853998715e-19,9.493208886181905e-18,0.008828569052131923,7.308249499995437e-12,6.287535065855045e-06,6.287535065855045e-05
1,10000,100,300,1,10,10,168.89202105698726,0.5629734035232908,8.882643960980422e-14,8.848888685993241e-24,0.010832211469577609,5.547289199043955,1.4290775784135644e-10,3.0960141071615215e-12,3.0960141071615215e-12,2.21222217149831e-22,2.2122221714983102e-24,100.0,2.21222217149831e-22,-2.21222217149831e-22,1.5684590695549047e-13,3.0849733853998715e-19,9.493208886181905e-18,0.008828569052131923,1.9732273649987682e-13,6.287535065855045e-06,0.00020958450219516817
1,30000,100,300,1,10,10,168.89202105698726,0.5629734035232908,3.289868133696453e-15,1.2138393259249988e-26,0.010832211469577609,5.547289199043955,5.292879920050239e-12,1.1466718915413045e-13,1.1466718915413045e-13,3.0345983148124975e-25,3.034598314812497e-27,100.0,3.0345983148124975e-25,-3.0345983148124975e-25,5.809107665018165e-15,3.0849733853998715e-19,9.493208886181905e-18,0.008828569052131923,7.30824949999544e-15,6.287535065855045e-06,0.0006287535065855046
1,100000,100,300,1,10,10,168.89202105698726,0.5629734035232908,8.882643960980423e-17,8.848888685993241e-30,0.010832211469577609,5.547289199043955,1.4290775784135644e-13,3.0960141071615215e-15,3.0960141071615215e-15,2.2122221714983107e-28,2.2122221714983102e-30,100.0,2.2122221714983107e-28,-2.2122221714983107e-28,1.5684590695549048e-16,3.0849733853998715e-19,9.493208886181905e-18,0.008828569052131923,1.9732273649987681e-16,6.287535065855045e-06,0.0020958450219516816
1,3000,100,300,1,50,50,844.4601052849363,2.814867017616454,3.289868133696453e-12,3.0345983148124965e-19,0.002166442293915522,12.404115739912644,5.917619648987992e-08,2.5640362973746223e-10,2.5640362973746223e-10,7.586495787031242e-18,7.586495787031241e-20,100.0,7.586495787031242e-18,-7.586495787031242e-18,1.2989559627595698e-11,3.0849733853998715e-19,4.746604443090953e-17,0.04121001560746247,7.308249499995437e-12,6.287535065855045e-06,6.287535065855045e-05
1,10000,100,300,1,50,50,844.4601052849363,2.814867017616454,8.882643960980422e-14,2.2122221714983105e-22,0.002166442293915522,12.404115739912644,1.597757305226758e-09,6.922898002911481e-12,6.922898002911481e-12,5.530555428745776e-21,5.530555428745776e-23,100.0,5.530555428745776e-21,-5.530555428745776e-21,3.507181099450838e-13,3.0849733853998715e-19,4.746604443090953e-17,0.04121001560746247,1.9732273649987682e-13,6.287535065855045e-06,0.00020958450219516817
1,30000,100,300,1,50,50,844.4601052849363,2.814867017616454,3.289868133696453e-15,3.034598314812497e-25,0.002166442293915522,12.404115739912644,5.917619648987993e-11,2.5640362973746226e-13,2.5640362973746226e-13,7.586495787031244e-24,7.586495787031243e-26,100.0,7.586495787031244e-24,-7.586495787031244e-24,1.2989559627595696e-14,3.0849733853998715e-19,4.746604443090953e-17,0.04121001560746247,7.30824949999544e-15,6.287535065855045e-06,0.0006287535065855046
1,100000,100,300,1,50,50,844.4601052849363,2.814867017616454,8.882643960980423e-17,2.21222217149831e-28,0.002166442293915522,12.404115739912644,1.5977573052267581e-12,6.9228980029114806e-15,6.9228980029114806e-15,5.530555428745776e-27,5.530555428745776e-29,100.0,5.530555428745776e-27,-5.530555428745776e-27,3.5071810994508385e-16,3.0849733853998715e-19,4.746604443090953e-17,0.04121001560746247,1.9732273649987681e-16,6.287535065855045e-06,0.0020958450219516816
1,3000,100,300,1,100,100,1688.9202105698726,5.629734035232908,3.289868133696453e-12,1.2138393259249986e-18,0.001083221146957761,17.54206870863004,1.6737555929128665e-07,3.626094906164085e-10,3.626094906164085e-10,3.034598314812497e-17,3.0345983148124965e-19,100.0,3.034598314812497e-17,-3.034598314812497e-17,1.8370011394599842e-11,3.0849733853998715e-19,9.493208886181906e-17,0.07989382925401589,7.308249499995437e-12,6.287535065855045e-06,6.287535065855045e-05
1,10000,100,300,1,100,100,1688.9202105698726,5.629734035232908,8.882643960980422e-14,8.848888685993242e-22,0.001083221146957761,17.54206870863004,4.51914010086474e-09,9.79045624664303e-12,9.79045624664303e-12,2.2122221714983104e-20,2.2122221714983105e-22,100.0,2.2122221714983104e-20,-2.2122221714983104e-20,4.959903076541958e-13,3.0849733853998715e-19,9.493208886181906e-17,0.07989382925401589,1.9732273649987682e-13,6.287535065855045e-06,0.00020958450219516817
1,30000,100,300,1,100,100,1688.9202105698726,5.629734035232908,3.289868133696453e-15,1.2138393259249988e-24,0.001083221146957761,17.54206870863004,1.6737555929128666e-10,3.626094906164086e-13,3.626094906164086e-13,3.0345983148124975e-23,3.034598314812497e-25,100.0,3.0345983148124975e-23,-3.0345983148124975e-23,1.837001139459984e-14,3.0849733853998715e-19,9.493208886181906e-17,0.07989382925401589,7.30824949999544e-15,6.287535065855045e-06,0.0006287535065855046
1,100000,100,300,1,100,100,1688.9202105698726,5.629734035232908,8.882643960980423e-17,8.84888868599324e-28,0.001083221146957761,17.54206870863004,4.51914010086474e-12,9.790456246643031e-15,9.790456246643031e-15,2.2122221714983105e-26,2.21222217149831e-28,100.0,2.2122221714983105e-26,-2.2122221714983105e-26,4.959903076541957e-16,3.0849733853998715e-19,9.493208886181906e-17,0.07989382925401589,1.9732273649987681e-16,6.287535065855045e-06,0.0020958450219516816
1,3000,100,300,10,0.5,0.5,8.444601052849363,0.2814867017616454,3.289868133696453e-10,3.0345983148124975e-20,2.1664422939155217,1.2404115739912644,5.917619648987993e-10,2.5640362973746224e-09,2.5640362973746224e-09,7.586495787031243e-19,7.586495787031244e-21,100.0,7.586495787031243e-19,-7.586495787031243e-19,1.2989559627595698e-12,3.0849733853998715e-19,4.746604443090953e-19,0.000496018768747658,7.308249499995438e-10,6.287535065855045e-06,6.287535065855045e-05
1,10000,100,300,10,0.5,0.5,8.444601052849363,0.2814867017616454,8.882643960980424e-12,2.2122221714983112e-23,2.1664422939155217,1.2404115739912644,1.5977573052267582e-11,6.922898002911481e-11,6.922898002911481e-11,5.530555428745778e-22,5.530555428745778e-24,100.0,5.530555428745778e-22,-5.530555428745778e-22,3.5071810994508384e-14,3.0849733853998715e-19,4.746604443090953e-19,0.000496018768747658,1.9732273649987684e-11,6.287535065855045e-06,0.00020958450219516817
1,30000,100,300,10,0.5,0.5,8.444601052849363,0.2814867017616454,3.2898681336964533e-13,3.0345983148124983e-26,2.1664422939155217,1.2404115739912644,5.917619648987994e-13,2.5640362973746228e-12,2.5640362973746228e-12,7.586495787031245e-25,7.586495787031246e-27,100.0,7.586495787031245e-25,-7.586495787031245e-25,1.2989559627595696e-15,3.0849733853998715e-19,4.746604443090953e-19,0.000496018768747658,7.308249499995439e-13,6.287535065855045e-06,0.0006287535065855046
1,100000,100,300,10,0.5,0.5,8.444601052849363,0.2814867017616454,8.882643960980424e-15,2.2122221714983117e-29,2.1664422939155217,1.2404115739912644,1.5977573052267585e-14,6.922898002911482e-14,6.922898002911482e-14,5.530555428745778e-28,5.530555428745779e-30,100.0,5.530555428745778e-28,-5.530555428745778e-28,3.5071810994508386e-17,3.0849733853998715e-19,4.746604443090953e-19,0.000496018768747658,1.9732273649987688e-14,6.287535065855045e-06,0.0020958450219516816
1,3000,100,300,10,2.5,2.5,42.223005264246815,1.407433508808227,3.289868133696453e-10,7.586495787031242e-19,0.43328845878310435,2.7736445995219774,6.616099900062798e-09,5.733359457706521e-09,5.733359457706521e-09,1.8966239467578105e-17,1.8966239467578106e-19,100.0,1.8966239467578105e-17,-1.8966239467578105e-17,2.904553832509083e-12,3.0849733853998715e-19,2.3733022215454763e-18,0.002333452361078433,7.308249499995438e-10,6.287535065855045e-06,6.287535065855045e-05
1,10000,100,300,10,2.5,2.5,42.223005264246815,1.407433508808227,8.882643960980424e-12,5.530555428745778e-22,0.43328845878310435,2.7736445995219774,1.7863469730169557e-10,1.5480070535807608e-10,1.5480070535807608e-10,1.3826388571864444e-20,1.3826388571864444e-22,100.0,1.3826388571864444e-20,-1.3826388571864444e-20,7.842295347774523e-14,3.0849733853998715e-19,2.3733022215454763e-18,0.002333452361078433,1.9732273649987684e-11,6.287535065855045e-06,0.00020958450219516817
1,30000,100,300,10,2.5,2.5,42.223005264246815,1.407433508808227,3.2898681336964533e-13,7.586495787031245e-25,0.43328845878310435,2.7736445995219774,6.616099900062799e-12,5.7333594577065225e-12,5.7333594577065225e-12,1.896623946757811e-23,1.8966239467578113e-25,100.0,1.896623946757811e-23,-1.896623946757811e-23,2.9045538325090825e-15,3.0849733853998715e-19,2.3733022215454763e-18,0.002333452361078433,7.308249499995439e-13,6.287535065855045e-06,0.0006287535065855046
1,100000,100,300,10,2.5,2.5,42.223005264246815,1.407433508808227,8.882643960980424e-15,5.530555428745778e-28,0.43328845878310435,2.7736445995219774,1.786346973016956e-13,1.548007053580761e-13,1.548007053580761e-13,1.3826388571864445e-26,1.3826388571864445e-28,100.0,1.3826388571864445e-26,-1.3826388571864445e-26,7.842295347774524e-17,3.0849733853998715e-19,2.3733022215454763e-18,0.002333452361078433,1.9732273649987688e-14,6.287535065855045e-06,0.0020958450219516816
1,3000,100,300,10,10,10,168.89202105698726,5.629734035232908,3.289868133696453e-10,1.2138393259249988e-17,0.10832211469577609,5.547289199043955,5.292879920050238e-08,1.1466718915413042e-08,1.1466718915413042e-08,3.034598314812497e-16,3.034598314812497e-18,100.0,3.034598314812497e-16,-3.034598314812497e-16,5.809107665018166e-12,3.0849733853998715e-19,9.493208886181905e-18,0.008828569052131923,7.308249499995438e-10,6.287535065855045e-06,6.287535065855045e-05
1,10000,100,300,10,10,10,168.89202105698726,5.629734035232908,8.882643960980424e-12,8.848888685993244e-21,0.10832211469577609,5.547289199043955,1.4290775784135645e-09,3.0960141071615216e-10,3.0960141071615216e-10,2.212222171498311e-19,2.212222171498311e-21,100.0,2.212222171498311e-19,-2.212222171498311e-19,1.5684590695549047e-13,3.0849733853998715e-19,9.493208886181905e-18,0.008828569052131923,1.9732273649987684e-11,6.287535065855045e-06,0.00020958450219516817
1,30000,100,300,10,10,10,168.89202105698726,5.629734035232908,3.2898681336964533e-13,1.2138393259249992e-23,0.10832211469577609,5.547289199043955,5.292879920050239e-11,1.1466718915413045e-11,1.1466718915413045e-11,3.0345983148124976e-22,3.034598314812498e-24,100.0,3.0345983148124976e-22,-3.0345983148124976e-22,5.809107665018165e-15,3.0849733853998715e-19,9.493208886181905e-18,0.008828569052131923,7.308249499995439e-13,6.287535065855045e-06,0.0006287535065855046
1,100000,100,300,10,10,10,168.89202105698726,5.629734035232908,8.882643960980424e-15,8.848888685993245e-27,0.10832211469577609,5.547289199043955,1.4290775784135648e-12,3.096014107161522e-13,3.096014107161522e-13,2.212222171498311e-25,2.2122221714983112e-27,100.0,2.212222171498311e-25,-2.212222171498311e-25,1.5684590695549048e-16,3.0849733853998715e-19,9.493208886181905e-18,0.008828569052131923,1.9732273649987688e-14,6.287535065855045e-06,0.0020958450219516816
1,3000,100,300,10,50,50,844.4601052849363,28.14867017616454,3.289868133696453e-10,3.034598314812497e-16,0.021664422939155218,12.404115739912642,5.917619648987992e-07,2.564036297374622e-08,2.5640362973746224e-08,7.586495787031241e-15,7.586495787031242e-17,99.99999999999999,7.586495787031241e-15,-7.586495787031241e-15,1.2989559627595695e-11,3.0849733853998715e-19,4.746604443090952e-17,0.04121001560746247,7.308249499995438e-10,6.287535065855045e-06,6.287535065855045e-05
1,10000,100,300,10,50,50,844.4601052849363,28.14867017616454,8.882643960980424e-12,2.212222171498311e-19,0.021664422939155218,12.404115739912644,1.5977573052267583e-08,6.922898002911482e-10,6.922898002911482e-10,5.530555428745777e-18,5.530555428745778e-20,100.0,5.530555428745777e-18,-5.530555428745777e-18,3.507181099450838e-13,3.0849733853998715e-19,4.746604443090953e-17,0.04121001560746247,1.9732273649987684e-11,6.287535065855045e-06,0.00020958450219516817
1,30000,100,300,10,50,50,844.4601052849363,28.14867017616454,3.2898681336964533e-13,3.0345983148124976e-22,0.021664422939155218,12.404115739912644,5.917619648987994e-10,2.564036297374623e-11,2.564036297374623e-11,7.586495787031245e-21,7.586495787031244e-23,100.0,7.586495787031245e-21,-7.586495787031245e-21,1.2989559627595696e-14,3.0849733853998715e-19,4.746604443090953e-17,0.04121001560746247,7.308249499995439e-13,6.287535065855045e-06,0.0006287535065855046
1,100000,100,300,10,50,50,844.4601052849363,28.14867017616454,8.882643960980424e-15,2.212222171498311e-25,0.021664422939155218,12.404115739912644,1.5977573052267585e-11,6.922898002911481e-13,6.922898002911481e-13,5.530555428745779e-24,5.530555428745778e-26,100.0,5.530555428745779e-24,-5.530555428745779e-24,3.5071810994508385e-16,3.0849733853998715e-19,4.746604443090953e-17,0.04121001560746247,1.9732273649987688e-14,6.287535065855045e-06,0.0020958450219516816
1,3000,100,300,10,100,100,1688.9202105698726,56.29734035232908,3.289868133696453e-10,1.2138393259249987e-15,0.010832211469577614,17.542068708630033,1.6737555929128659e-06,3.626094906164084e-08,3.6260949061640854e-08,3.034598314812495e-14,3.0345983148124953e-16,99.99999999999993,3.034598314812494e-14,1.2286580997481073e-14,1.837001139459984e-11,3.0849733853998715e-19,9.493208886181899e-17,0.07989382925401589,7.308249499995438e-10,6.287535065855045e-06,6.287535065855045e-05
1,10000,100,300,10,100,100,1688.9202105698726,56.29734035232908,8.882643960980424e-12,8.848888685993244e-19,0.010832211469577609,17.54206870863004,4.519140100864741e-08,9.790456246643031e-10,9.790456246643031e-10,2.212222171498311e-17,2.212222171498311e-19,100.0,2.212222171498311e-17,-2.212222171498311e-17,4.959903076541958e-13,3.0849733853998715e-19,9.493208886181906e-17,0.07989382925401589,1.9732273649987684e-11,6.287535065855045e-06,0.00020958450219516817
1,30000,100,300,10,100,100,1688.9202105698726,56.29734035232908,3.2898681336964533e-13,1.213839325924999e-21,0.010832211469577609,17.54206870863004,1.673755592912867e-09,3.626094906164086e-11,3.626094906164086e-11,3.034598314812498e-20,3.0345983148124976e-22,100.0,3.034598314812498e-20,-3.034598314812498e-20,1.837001139459984e-14,3.0849733853998715e-19,9.493208886181906e-17,0.07989382925401589,7.308249499995439e-13,6.287535065855045e-06,0.0006287535065855046
1,100000,100,300,10,100,100,1688.9202105698726,56.29734035232908,8.882643960980424e-15,8.848888685993245e-25,0.010832211469577609,17.54206870863004,4.519140100864741e-11,9.790456246643033e-13,9.790456246643033e-13,2.2122221714983115e-23,2.212222171498311e-25,100.0,2.2122221714983115e-23,-2.2122221714983115e-23,4.959903076541957e-16,3.0849733853998715e-19,9.493208886181906e-17,0.07989382925401589,1.9732273649987688e-14,6.287535065855045e-06,0.0020958450219516816
1,3000,100,300,100,0.5,0.5,8.444601052849363,2.814867017616455,3.289868133696453e-08,3.034598314812499e-17,21.664422939155216,1.2404115739912644,5.917619648987994e-09,2.564036297374623e-07,2.564036297374623e-07,7.586495787031246e-16,7.586495787031247e-18,100.0,7.586495787031246e-16,-7.586495787031246e-16,1.2989559627595698e-12,3.0849733853998715e-19,4.746604443090953e-19,0.000496018768747658,7.30824949999544e-08,6.287535065855045e-06,6.287535065855045e-05
1,10000,100,300,100,0.5,0.5,8.444601052849363,2.814867017616455,8.882643960980423e-10,2.2122221714983107e-20,21.664422939155216,1.2404115739912644,1.5977573052267583e-10,6.9228980029114805e-09,6.9228980029114805e-09,5.530555428745776e-19,5.530555428745777e-21,100.0,5.530555428745776e-19,-5.530555428745776e-19,3.5071810994508384e-14,3.0849733853998715e-19,4.746604443090953e-19,0.000496018768747658,1.9732273649987683e-09,6.287535065855045e-06,0.00020958450219516817
1,30000,100,300,100,0.5,0.5,8.444601052849363,2.814867017616455,3.289868133696453e-11,3.034598314812498e-23,21.664422939155216,1.2404115739912644,5.917619648987994e-12,2.564036297374623e-10,2.564036297374623e-10,7.586495787031246e-22,7.586495787031245e-24,100.0,7.586495787031246e-22,-7.586495787031246e-22,1.2989559627595696e-15,3.0849733853998715e-19,4.746604443090953e-19,0.000496018768747658,7.30824949999544e-11,6.287535065855045e-06,0.0006287535065855046
1,100000,100,300,100,0.5,0.5,8.444601052849363,2.814867017616455,8.882643960980423e-13,2.212222171498311e-26,21.664422939155216,1.2404115739912644,1.5977573052267584e-13,6.9228980029114815e-12,6.9228980029114815e-12,5.530555428745778e-25,5.5305554287457776e-27,100.0,5.530555428745778e-25,-5.530555428745778e-25,3.5071810994508386e-17,3.0849733853998715e-19,4.746604443090953e-19,0.000496018768747658,1.9732273649987686e-12,6.287535065855045e-06,0.0020958450219516816
1,3000,100,300,100,2.5,2.5,42.223005264246815,14.074335088082274,3.289868133696453e-08,7.586495787031245e-16,4.332884587831044,2.773644599521977,6.616099900062797e-08,5.733359457706521e-07,5.733359457706522e-07,1.8966239467578103e-14,1.8966239467578112e-16,99.99999999999996,1.89662394675781e-14,9.455469962825908e-15,2.9045538325090826e-12,3.0849733853998715e-19,2.3733022215454755e-18,0.002333452361078433,7.30824949999544e-08,6.287535065855045e-06,6.287535065855045e-05
1,10000,100,300,100,2.5,2.5,42.223005264246815,14.074335088082274,8.882643960980423e-10,5.530555428745776e-19,4.332884587831043,2.7736445995219774,1.7863469730169555e-09,1.5480070535807608e-08,1.5480070535807608e-08,1.3826388571864439e-17,1.382638857186444e-19,100.0,1.3826388571864439e-17,-1.3826388571864439e-17,7.842295347774523e-14,3.0849733853998715e-19,2.3733022215454763e-18,0.002333452361078433,1.9732273649987683e-09,6.287535065855045e-06,0.00020958450219516817
1,30000,100,300,100,2.5,2.5,42.223005264246815,14.074335088082274,3.289868133696453e-11,7.586495787031244e-22,4.332884587831043,2.7736445995219774,6.616099900062798e-11,5.733359457706522e-10,5.733359457706522e-10,1.896623946757811e-20,1.896623946757811e-22,100.0,1.896623946757811e-20,-1.896623946757811e-20,2.9045538325090825e-15,3.0849733853998715e-19,2.3733022215454763e-18,0.002333452361078433,7.30824949999544e-11,6.287535065855045e-06,0.0006287535065855046
1,100000,100,300,100,2.5,2.5,42.223005264246815,14.074335088082274,8.882643960980423e-13,5.530555428745776e-25,4.332884587831043,2.7736445995219774,1.7863469730169557e-12,1.5480070535807608e-11,1.5480070535807608e-11,1.382638857186444e-23,1.382638857186444e-25,100.0,1.382638857186444e-23,-1.382638857186444e-23,7.842295347774524e-17,3.0849733853998715e-19,2.3733022215454763e-18,0.002333452361078433,1.9732273649987686e-12,6.287535065855045e-06,0.0020958450219516816
1,3000,100,300,100,10,10,168.89202105698726,56.297340352329094,3.289868133696453e-08,1.2138393259249992e-14,1.0832211469577673,5.547289199043938,5.292879920050207e-07,1.146671891541301e-06,1.1466718915413044e-06,3.0345983148124793e-13,3.034598314812479e-15,99.9999999999994,3.034598314812461e-13,-5.031882462004032e-15,5.809107665018148e-12,3.0849733853998715e-19,9.493208886181848e-18,0.008828569052131923,7.30824949999544e-08,6.287535065855045e-06,6.287535065855045e-05
1,10000,100,300,100,10,10,168.89202105698726,56.297340352329094,8.882643960980423e-10,8.848888685993242e-18,1.0832211469577608,5.547289199043955,1.4290775784135644e-08,3.0960141071615215e-08,3.0960141071615215e-08,2.2122221714983102e-16,2.2122221714983104e-18,100.0,2.2122221714983102e-16,-2.2122221714983102e-16,1.5684590695549047e-13,3.0849733853998715e-19,9.493208886181905e-18,0.008828569052131923,1.9732273649987683e-09,6.287535065855045e-06,0.00020958450219516817
1,30000,100,300,100,10,10,168.89202105698726,56.297340352329094,3.289868133696453e-11,1.2138393259249991e-20,1.0832211469577608,5.547289199043955,5.292879920050238e-10,1.1466718915413043e-09,1.1466718915413043e-09,3.0345983148124975e-19,3.0345983148124977e-21,100.0,3.0345983148124975e-19,-3.0345983148124975e-19,5.809107665018165e-15,3.0849733853998715e-19,9.493208886181905e-18,0.008828569052131923,7.30824949999544e-11,6.287535065855045e-06,0.0006287535065855046
1,100000,100,300,100,10,10,168.89202105698726,56.297340352329094,8.882643960980423e-13,8.848888685993242e-24,1.0832211469577608,5.547289199043955,1.4290775784135645e-11,3.0960141071615216e-11,3.0960141071615216e-11,2.2122221714983105e-22,2.2122221714983106e-24,100.0,2.2122221714983105e-22,-2.2122221714983105e-22,1.5684590695549048e-16,3.0849733853998715e-19,9.493208886181905e-18,0.008828569052131923,1.9732273649987686e-12,6.287535065855045e-06,0.0020958450219516816
1,3000,100,300,100,50,50,844.4601052849363,281.48670176164546,3.289868133696453e-08,3.034598314812498e-13,0.21664422939158504,12.404115739911703,5.917619648987097e-06,2.564036297374428e-06,2.564036297374623e-06,7.586495787030095e-12,7.586495787030093e-14,99.99999999998482,7.586495787028945e-12,2.1006308889250826e-15,1.2989559627594711e-11,3.0849733853998715e-19,4.746604443090232e-17,0.04121001560746247,7.30824949999544e-08,6.287535065855045e-06,6.287535065855045e-05
1,10000,100,300,100,50,50,844.4601052849363,281.48670176164546,8.882643960980423e-10,2.2122221714983102e-16,0.21664422939155217,12.404115739912642,1.597757305226758e-07,6.92289800291148e-08,6.922898002911481e-08,5.530555428745775e-15,5.5305554287457756e-17,99.99999999999999,5.530555428745775e-15,8.680299286456229e-15,3.5071810994508376e-13,3.0849733853998715e-19,4.746604443090952e-17,0.04121001560746247,1.9732273649987683e-09,6.287535065855045e-06,0.00020958450219516817
1,30000,100,300,100,50,50,844.4601052849363,281.48670176164546,3.289868133696453e-11,3.0345983148124975e-19,0.21664422939155217,12.404115739912644,5.917619648987994e-09,2.564036297374623e-09,2.564036297374623e-09,7.586495787031245e-18,7.586495787031244e-20,100.0,7.586495787031245e-18,-7.586495787031245e-18,1.2989559627595696e-14,3.0849733853998715e-19,4.746604443090953e-17,0.04121001560746247,7.30824949999544e-11,6.287535065855045e-06,0.0006287535065855046
1,100000,100,300,100,50,50,844.4601052849363,281.48670176164546,8.882643960980423e-13,2.2122221714983105e-22,0.21664422939155217,12.404115739912644,1.5977573052267583e-10,6.922898002911481e-11,6.922898002911481e-11,5.5305554287457776e-21,5.530555428745776e-23,100.0,5.5305554287457776e-21,-5.5305554287457776e-21,3.5071810994508385e-16,3.0849733853998715e-19,4.746604443090953e-17,0.04121001560746247,1.9732273649987686e-12,6.287535065855045e-06,0.0020958450219516816
1,3000,100,300,100,100,100,1688.9202105698726,562.9734035232909,3.289868133696453e-08,1.2138393259249992e-12,0.10832211469584183,17.542068708624715,1.673755592911851e-05,3.626094906162985e-06,3.626094906164086e-06,3.0345983148106564e-11,3.034598314810657e-13,99.9999999999393,3.0345983148088147e-11,8.402523583333333e-15,1.837001139459427e-11,3.0849733853998715e-19,9.493208886176144e-17,0.07989382925401589,7.30824949999544e-08,6.287535065855045e-06,6.287535065855045e-05
1,10000,100,300,100,100,100,1688.9202105698726,562.9734035232909,8.882643960980423e-10,8.848888685993241e-16,0.10832211469577613,17.542068708630037,4.519140100864738e-07,9.790456246643029e-08,9.79045624664303e-08,2.2122221714983096e-14,2.2122221714983092e-16,99.99999999999996,2.2122221714983086e-14,-7.911366999781083e-15,4.959903076541957e-13,3.0849733853998715e-19,9.493208886181901e-17,0.07989382925401589,1.9732273649987683e-09,6.287535065855045e-06,0.00020958450219516817
1,30000,100,300,100,100,100,1688.9202105698726,562.9734035232909,3.289868133696453e-11,1.213839325924999e-18,0.10832211469577609,17.54206870863004,1.673755592912867e-08,3.626094906164086e-09,3.626094906164086e-09,3.034598314812498e-17,3.0345983148124975e-19,100.0,3.034598314812498e-17,-3.034598314812498e-17,1.837001139459984e-14,3.0849733853998715e-19,9.493208886181906e-17,0.07989382925401589,7.30824949999544e-11,6.287535065855045e-06,0.0006287535065855046
1,100000,100,300,100,100,100,1688.9202105698726,562.9734035232909,8.882643960980423e-13,8.848888685993242e-22,0.10832211469577609,17.54206870863004,4.519140100864741e-10,9.790456246643031e-11,9.790456246643031e-11,2.212222171498311e-20,2.2122221714983105e-22,100.0,2.212222171498311e-20,-2.212222171498311e-20,4.959903076541957e-16,3.0849733853998715e-19,9.493208886181906e-17,0.07989382925401589,1.9732273649987686e-12,6.287535065855045e-06,0.0020958450219516816
1,10000,100,1000,1,0.5,0.5,28.148670176164543,0.028148670176164545,9.869604401089358e-13,8.193415449993745e-25,0.21664422939155217,0.679401399665504,9.723641305459583e-12,4.213141555002315e-12,4.213141555002315e-12,2.0483538624984362e-23,2.0483538624984364e-25,100.0,2.0483538624984362e-23,-2.0483538624984362e-23,2.13440244602777e-13,3.8086091177776186e-17,1.758001645589242e-17,0.0005398980276478003,2.1924748499986314e-12,2.0958450219516817e-05,0.00020958450219516817
1,30000,100,1000,1,0.5,0.5,28.148670176164543,0.028148670176164545,3.655409037440503e-14,1.1239253017824067e-27,0.21664422939155217,0.679401399665504,3.601348631651697e-13,1.5604227981490054e-13,1.5604227981490054e-13,2.809813254456017e-26,2.8098132544560168e-28,100.0,2.809813254456017e-26,-2.809813254456017e-26,7.905194244547296e-15,3.8086091177776186e-17,1.758001645589242e-17,0.0005398980276478003,8.120277222217153e-14,2.0958450219516817e-05,0.0006287535065855046
1,100000,100,1000,1,0.5,0.5,28.148670176164543,0.028148670176164545,9.869604401089359e-16,8.193415449993746e-31,0.21664422939155217,0.679401399665504,9.723641305459583e-15,4.213141555002315e-15,4.213141555002315e-15,2.0483538624984362e-29,2.0483538624984364e-31,100.0,2.0483538624984362e-29,-2.0483538624984362e-29,2.13440244602777e-16,3.8086091177776186e-17,1.758001645589242e-17,0.0005398980276478003,2.1924748499986315e-15,2.0958450219516817e-05,0.0020958450219516816
1,10000,100,1000,1,2.5,2.5,140.7433508808227,0.1407433508808227,9.869604401089358e-13,2.048353862498436e-23,0.043328845878310436,1.5191877136605696,1.087136147391621e-10,9.420870915814344e-12,9.420870915814344e-12,5.12088465624609e-22,5.12088465624609e-24,100.0,5.12088465624609e-22,-5.12088465624609e-22,4.77266896065992e-13,3.8086091177776186e-17,8.790008227946208e-17,0.0025528486555791447,2.1924748499986314e-12,2.0958450219516817e-05,0.00020958450219516817
1,30000,100,1000,1,2.5,2.5,140.7433508808227,0.1407433508808227,3.655409037440503e-14,2.8098132544560157e-26,0.043328845878310436,1.5191877136605696,4.026430175524522e-12,3.489211450301609e-13,3.489211450301609e-13,7.02453313614004e-25,7.024533136140039e-27,100.0,7.02453313614004e-25,-7.02453313614004e-25,1.7676551706147848e-14,3.8086091177776186e-17,8.790008227946208e-17,0.0025528486555791447,8.120277222217153e-14,2.0958450219516817e-05,0.0006287535065855046
1,100000,100,1000,1,2.5,2.5,140.7433508808227,0.1407433508808227,9.869604401089359e-16,2.048353862498436e-29,0.043328845878310436,1.5191877136605696,1.087136147391621e-13,9.420870915814344e-15,9.420870915814344e-15,5.12088465624609e-28,5.12088465624609e-30,100.0,5.12088465624609e-28,-5.12088465624609e-28,4.77266896065992e-16,3.8086091177776186e-17,8.790008227946208e-17,0.0025528486555791447,2.1924748499986315e-15,2.0958450219516817e-05,0.0020958450219516816
1,10000,100,1000,1,10,10,562.9734035232908,0.5629734035232908,9.869604401089358e-13,3.2773661799974974e-22,0.010832211469577609,3.038375427321139,8.697089179132968e-10,1.884174183162869e-11,1.884174183162869e-11,8.193415449993743e-21,8.193415449993744e-23,100.0,8.193415449993743e-21,-8.193415449993743e-21,9.54533792131984e-13,3.8086091177776186e-17,3.5160032911784833e-16,0.009706154230134767,2.1924748499986314e-12,2.0958450219516817e-05,0.00020958450219516817
1,30000,100,1000,1,10,10,562.9734035232908,0.5629734035232908,3.655409037440503e-14,4.495701207129625e-25,0.010832211469577609,3.038375427321139,3.2211441404196174e-11,6.978422900603218e-13,6.978422900603218e-13,1.1239253017824064e-23,1.1239253017824063e-25,100.0,1.1239253017824064e-23,-1.1239253017824064e-23,3.5353103412295696e-14,3.8086091177776186e-17,3.5160032911784833e-16,0.009706154230134767,8.120277222217153e-14,2.0958450219516817e-05,0.0006287535065855046
1,100000,100,1000,1,10,10,562.9734035232908,0.5629734035232908,9.869604401089359e-16,3.2773661799974974e-28,0.010832211469577609,3.038375427321139,8.697089179132968e-13,1.8841741831628687e-14,1.8841741831628687e-14,8.193415449993745e-27,8.193415449993743e-29,100.0,8.193415449993745e-27,-8.193415449993745e-27,9.54533792131984e-16,3.8086091177776186e-17,3.5160032911784833e-16,0.009706154230134767,2.1924748499986315e-15,2.0958450219516817e-05,0.0020958450219516816
1,10000,100,1000,1,50,50,2814.867017616454,2.814867017616454,9.869604401089358e-13,8.193415449993743e-21,0.002166442293915522,6.79401399665504,9.723641305459582e-09,4.213141555002315e-11,4.213141555002315e-11,2.048353862498436e-19,2.048353862498436e-21,100.0,2.048353862498436e-19,-2.048353862498436e-19,2.1344024460277705e-12,3.8086091177776186e-17,1.7580016455892417e-15,0.0455979414974767,2.1924748499986314e-12,2.0958450219516817e-05,0.00020958450219516817
1,30000,100,1000,1,50,50,2814.867017616454,2.814867017616454,3.655409037440503e-14,1.1239253017824064e-23,0.002166442293915522,6.79401399665504,3.601348631651696e-10,1.5604227981490056e-12,1.5604227981490056e-12,2.809813254456016e-22,2.809813254456016e-24,100.0,2.809813254456016e-22,-2.809813254456016e-22,7.905194244547296e-14,3.8086091177776186e-17,1.7580016455892417e-15,0.0455979414974767,8.120277222217153e-14,2.0958450219516817e-05,0.0006287535065855046
1,100000,100,1000,1,50,50,2814.867017616454,2.814867017616454,9.869604401089359e-16,8.193415449993743e-27,0.002166442293915522,6.79401399665504,9.723641305459581e-12,4.213141555002315e-14,4.213141555002315e-14,2.048353862498436e-25,2.0483538624984358e-27,100.0,2.048353862498436e-25,-2.048353862498436e-25,2.1344024460277703e-15,3.8086091177776186e-17,1.7580016455892417e-15,0.0455979414974767,2.1924748499986315e-15,2.0958450219516817e-05,0.0020958450219516816
1,10000,100,1000,1,100,100,5629.734035232908,5.629734035232908,9.869604401089358e-13,3.2773661799974973e-20,0.001083221146957761,9.608186737022193,2.7502610819664333e-08,5.958281927281945e-11,5.958281927281945e-11,8.193415449993744e-19,8.193415449993743e-21,100.0,8.193415449993744e-19,-8.193415449993744e-19,3.018500886734781e-12,3.8086091177776186e-17,3.5160032911784834e-15,0.08866968103404435,2.1924748499986314e-12,2.0958450219516817e-05,0.00020958450219516817
1,30000,100,1000,1,100,100,5629.734035232908,5.629734035232908,3.655409037440503e-14,4.4957012071296255e-23,0.001083221146957761,9.608186737022193,1.0186152155431233e-09,2.206771084178498e-12,2.206771084178498e-12,1.1239253017824064e-21,1.1239253017824064e-23,100.0,1.1239253017824064e-21,-1.1239253017824064e-21,1.117963291383252e-13,3.8086091177776186e-17,3.5160032911784834e-15,0.08866968103404435,8.120277222217153e-14,2.0958450219516817e-05,0.0006287535065855046
1,100000,100,1000,1,100,100,5629.734035232908,5.629734035232908,9.869604401089359e-16,3.277366179997497e-26,0.001083221146957761,9.608186737022193,2.7502610819664332e-11,5.958281927281944e-14,5.958281927281944e-14,8.193415449993744e-25,8.193415449993743e-27,100.0,8.193415449993744e-25,-8.193415449993744e-25,3.0185008867347807e-15,3.8086091177776186e-17,3.5160032911784834e-15,0.08866968103404435,2.1924748499986315e-15,2.0958450219516817e-05,0.0020958450219516816
1,10000,100,1000,10,0.5,0.5,28.148670176164543,0.2814867017616454,9.869604401089359e-11,8.193415449993746e-22,2.1664422939155217,0.679401399665504,9.723641305459583e-11,4.213141555002315e-10,4.213141555002315e-10,2.0483538624984363e-20,2.0483538624984364e-22,100.0,2.0483538624984363e-20,-2.0483538624984363e-20,2.13440244602777e-13,3.8086091177776186e-17,1.758001645589242e-17,0.0005398980276478003,2.1924748499986316e-10,2.0958450219516817e-05,0.00020958450219516817
1,30000,100,1000,10,0.5,0.5,28.148670176164543,0.2814867017616454,3.6554090374405035e-12,1.1239253017824068e-24,2.1664422939155217,0.679401399665504,3.601348631651697e-12,1.5604227981490054e-11,1.5604227981490054e-11,2.809813254456017e-23,2.809813254456017e-25,100.0,2.809813254456017e-23,-2.809813254456017e-23,7.905194244547296e-15,3.8086091177776186e-17,1.758001645589242e-17,0.0005398980276478003,8.120277222217154e-12,2.0958450219516817e-05,0.0006287535065855046
1,100000,100,1000,10,0.5,0.5,28.148670176164543,0.2814867017616454,9.869604401089359e-14,8.193415449993745e-28,2.1664422939155217,0.679401399665504,9.723641305459582e-14,4.213141555002315e-13,4.213141555002315e-13,2.0483538624984364e-26,2.0483538624984363e-28,100.0,2.0483538624984364e-26,-2.0483538624984364e-26,2.13440244602777e-16,3.8086091177776186e-17,1.758001645589242e-17,0.0005398980276478003,2.1924748499986315e-13,2.0958450219516817e-05,0.0020958450219516816
1,10000,100,1000,10,2.5,2.5,140.7433508808227,1.407433508808227,9.869604401089359e-11,2.048353862498436e-20,0.43328845878310435,1.5191877136605696,1.087136147391621e-09,9.420870915814344e-10,9.420870915814344e-10,5.12088465624609e-19,5.12088465624609e-21,100.0,5.12088465624609e-19,-5.12088465624609e-19,4.77266896065992e-13,3.8086091177776186e-17,8.790008227946208e-17,0.0025528486555791447,2.1924748499986316e-10,2.0958450219516817e-05,0.00020958450219516817
1,30000,100,1000,10,2.5,2.5,140.7433508808227,1.407433508808227,3.6554090374405035e-12,2.8098132544560164e-23,0.43328845878310435,1.5191877136605696,4.0264301755245225e-11,3.489211450301609e-11,3.489211450301609e-11,7.024533136140041e-22,7.024533136140041e-24,100.0,7.024533136140041e-22,-7.024533136140041e-22,1.7676551706147848e-14,3.8086091177776186e-17,8.790008227946208e-17,0.0025528486555791447,8.120277222217154e-12,2.0958450219516817e-05,0.0006287535065855046
1,100000,100,1000,10,2.5,2.5,140.7433508808227,1.407433508808227,9.869604401089359e-14,2.0483538624984358e-26,0.43328845878310435,1.5191877136605696,1.087136147391621e-12,9.420870915814344e-13,9.420870915814344e-13,5.120884656246089e-25,5.1208846562460895e-27,100.0,5.120884656246089e-25,-5.120884656246089e-25,4.77266896065992e-16,3.8086091177776186e-17,8.790008227946208e-17,0.0025528486555791447,2.1924748499986315e-13,2.0958450219516817e-05,0.0020958450219516816
1,10000,100,1000,10,10,10,562.9734035232908,5.629734035232908,9.869604401089359e-11,3.2773661799974976e-19,0.10832211469577609,3.038375427321139,8.697089179132968e-09,1.8841741831628687e-09,1.8841741831628687e-09,8.193415449993744e-18,8.193415449993744e-20,100.0,8.193415449993744e-18,-8.193415449993744e-18,9.54533792131984e-13,3.8086091177776186e-17,3.5160032911784833e-16,0.009706154230134767,2.1924748499986316e-10,2.0958450219516817e-05,0.00020958450219516817
1,30000,100,1000,10,10,10,562.9734035232908,5.629734035232908,3.6554090374405035e-12,4.495701207129626e-22,0.10832211469577609,3.038375427321139,3.221144140419618e-10,6.978422900603218e-11,6.978422900603218e-11,1.1239253017824066e-20,1.1239253017824066e-22,100.0,1.1239253017824066e-20,-1.1239253017824066e-20,3.5353103412295696e-14,3.8086091177776186e-17,3.5160032911784833e-16,0.009706154230134767,8.120277222217154e-12,2.0958450219516817e-05,0.0006287535065855046
1,100000,100,1000,10,10,10,562.9734035232908,5.629734035232908,9.869604401089359e-14,3.2773661799974973e-25,0.10832211469577609,3.038375427321139,8.697089179132968e-12,1.8841741831628687e-12,1.8841741831628687e-12,8.193415449993743e-24,8.193415449993743e-26,100.0,8.193415449993743e-24,-8.193415449993743e-24,9.54533792131984e-16,3.8086091177776186e-17,3.5160032911784833e-16,0.009706154230134767,2.1924748499986315e-13,2.0958450219516817e-05,0.0020958450219516816
1,10000,100,1000,10,50,50,2814.867017616454,28.14867017616454,9.869604401089359e-11,8.193415449993744e-18,0.021664422939155218,6.79401399665504,9.723641305459581e-08,4.213141555002315e-09,4.213141555002315e-09,2.048353862498436e-16,2.048353862498436e-18,100.0,2.048353862498436e-16,-2.048353862498436e-16,2.1344024460277705e-12,3.8086091177776186e-17,1.7580016455892417e-15,0.0455979414974767,2.1924748499986316e-10,2.0958450219516817e-05,0.00020958450219516817
1,30000,100,1000,10,50,50,2814.867017616454,28.14867017616454,3.6554090374405035e-12,1.1239253017824064e-20,0.021664422939155218,6.79401399665504,3.601348631651697e-09,1.5604227981490056e-10,1.5604227981490056e-10,2.8098132544560166e-19,2.809813254456016e-21,100.0,2.8098132544560166e-19,-2.8098132544560166e-19,7.905194244547296e-14,3.8086091177776186e-17,1.7580016455892417e-15,0.0455979414974767,8.120277222217154e-12,2.0958450219516817e-05,0.0006287535065855046
1,100000,100,1000,10,50,50,2814.867017616454,28.14867017616454,9.869604401089359e-14,8.193415449993745e-24,0.021664422939155218,6.79401399665504,9.723641305459582e-11,4.213141555002315e-12,4.213141555002315e-12,2.0483538624984362e-22,2.048353862498436e-24,100.0,2.0483538624984362e-22,-2.0483538624984362e-22,2.1344024460277703e-15,3.8086091177776186e-17,1.7580016455892417e-15,0.0455979414974767,2.1924748499986315e-13,2.0958450219516817e-05,0.0020958450219516816
1,10000,100,1000,10,100,100,5629.734035232908,56.29734035232908,9.869604401089359e-11,3.277366179997498e-17,0.010832211469577609,9.608186737022193,2.750261081966433e-07,5.9582819272819444e-09,5.9582819272819444e-09,8.193415449993744e-16,8.193415449993744e-18,100.0,8.193415449993744e-16,-8.193415449993744e-16,3.018500886734781e-12,3.8086091177776186e-17,3.5160032911784834e-15,0.08866968103404435,2.1924748499986316e-10,2.0958450219516817e-05,0.00020958450219516817
1,30000,100,1000,10,100,100,5629.734035232908,56.29734035232908,3.6554090374405035e-12,4.4957012071296256e-20,0.010832211469577609,9.608186737022193,1.0186152155431236e-08,2.2067710841784981e-10,2.2067710841784981e-10,1.1239253017824066e-18,1.1239253017824064e-20,100.0,1.1239253017824066e-18,-1.1239253017824066e-18,1.117963291383252e-13,3.8086091177776186e-17,3.5160032911784834e-15,0.08866968103404435,8.120277222217154e-12,2.0958450219516817e-05,0.0006287535065855046
1,100000,100,1000,10,100,100,5629.734035232908,56.29734035232908,9.869604401089359e-14,3.277366179997498e-23,0.010832211469577609,9.608186737022193,2.7502610819664335e-10,5.958281927281945e-12,5.958281927281945e-12,8.193415449993745e-22,8.193415449993745e-24,100.0,8.193415449993745e-22,-8.193415449993745e-22,3.0185008867347807e-15,3.8086091177776186e-17,3.5160032911784834e-15,0.08866968103404435,2.1924748499986315e-13,2.0958450219516817e-05,0.0020958450219516816
1,10000,100,1000,100,0.5,0.5,28.148670176164543,2.814867017616455,9.869604401089358e-09,8.193415449993745e-19,21.664422939155216,0.679401399665504,9.723641305459584e-10,4.2131415550023146e-08,4.2131415550023146e-08,2.0483538624984365e-17,2.0483538624984363e-19,100.0,2.0483538624984365e-17,-2.0483538624984365e-17,2.13440244602777e-13,3.8086091177776186e-17,1.758001645589242e-17,0.0005398980276478003,2.1924748499986315e-08,2.0958450219516817e-05,0.00020958450219516817
1,30000,100,1000,100,0.5,0.5,28.148670176164543,2.814867017616455,3.6554090374405033e-10,1.1239253017824067e-21,21.664422939155216,0.679401399665504,3.6013486316516974e-11,1.5604227981490055e-09,1.5604227981490055e-09,2.809813254456017e-20,2.809813254456017e-22,100.0,2.809813254456017e-20,-2.809813254456017e-20,7.905194244547296e-15,3.8086091177776186e-17,1.758001645589242e-17,0.0005398980276478003,8.120277222217154e-10,2.0958450219516817e-05,0.0006287535065855046
1,100000,100,1000,100,0.5,0.5,28.148670176164543,2.814867017616455,9.869604401089358e-12,8.193415449993744e-25,21.664422939155216,0.679401399665504,9.72364130545958e-13,4.213141555002315e-11,4.213141555002315e-11,2.048353862498436e-23,2.048353862498436e-25,100.0,2.048353862498436e-23,-2.048353862498436e-23,2.13440244602777e-16,3.8086091177776186e-17,1.758001645589242e-17,0.0005398980276478003,2.1924748499986314e-11,2.0958450219516817e-05,0.0020958450219516816
1,10000,100,1000,100,2.5,2.5,140.7433508808227,14.074335088082274,9.869604401089358e-09,2.0483538624984362e-17,4.332884587831043,1.5191877136605696,1.087136147391621e-08,9.420870915814344e-08,9.420870915814344e-08,5.12088465624609e-16,5.1208846562460904e-18,100.0,5.12088465624609e-16,-5.12088465624609e-16,4.77266896065992e-13,3.8086091177776186e-17,8.790008227946208e-17,0.0025528486555791447,2.1924748499986315e-08,2.0958450219516817e-05,0.00020958450219516817
1,30000,100,1000,100,2.5,2.5,140.7433508808227,14.074335088082274,3.6554090374405033e-10,2.8098132544560163e-20,4.332884587831043,1.5191877136605696,4.0264301755245226e-10,3.489211450301609e-09,3.489211450301609e-09,7.024533136140041e-19,7.024533136140041e-21,100.0,7.024533136140041e-19,-7.024533136140041e-19,1.7676551706147848e-14,3.8086091177776186e-17,8.790008227946208e-17,0.0025528486555791447,8.120277222217154e-10,2.0958450219516817e-05,0.0006287535065855046
1,100000,100,1000,100,2.5,2.5,140.7433508808227,14.074335088082274,9.869604401089358e-12,2.0483538624984356e-23,4.332884587831043,1.5191877136605696,1.087136147391621e-11,9.420870915814344e-11,9.420870915814344e-11,5.12088465624609e-22,5.120884656246089e-24,100.0,5.12088465624609e-22,-5.12088465624609e-22,4.77266896065992e-16,3.8086091177776186e-17,8.790008227946208e-17,0.0025528486555791447,2.1924748499986314e-11,2.0958450219516817e-05,0.0020958450219516816
1,10000,100,1000,100,10,10,562.9734035232908,56.297340352329094,9.869604401089358e-09,3.277366179997498e-16,1.0832211469577608,3.038375427321139,8.697089179132967e-08,1.884174183162869e-07,1.884174183162869e-07,8.193415449993743e-15,8.193415449993745e-17,99.99999999999999,8.193415449993743e-15,-8.193415449993743e-15,9.54533792131984e-13,3.8086091177776186e-17,3.516003291178483e-16,0.009706154230134767,2.1924748499986315e-08,2.0958450219516817e-05,0.00020958450219516817
1,30000,100,1000,100,10,10,562.9734035232908,56.297340352329094,3.6554090374405033e-10,4.495701207129626e-19,1.0832211469577608,3.038375427321139,3.221144140419618e-09,6.978422900603218e-09,6.978422900603218e-09,1.1239253017824065e-17,1.1239253017824065e-19,100.0,1.1239253017824065e-17,-1.1239253017824065e-17,3.5353103412295696e-14,3.8086091177776186e-17,3.5160032911784833e-16,0.009706154230134767,8.120277222217154e-10,2.0958450219516817e-05,0.0006287535065855046
1,100000,100,1000,100,10,10,562.9734035232908,56.297340352329094,9.869604401089358e-12,3.277366179997497e-22,1.0832211469577608,3.038375427321139,8.697089179132968e-11,1.8841741831628688e-10,1.8841741831628688e-10,8.193415449993743e-21,8.193415449993742e-23,100.0,8.193415449993743e-21,-8.193415449993743e-21,9.54533792131984e-16,3.8086091177776186e-17,3.5160032911784833e-16,0.009706154230134767,2.1924748499986314e-11,2.0958450219516817e-05,0.0020958450219516816
1,10000,100,1000,100,50,50,2814.867017616454,281.48670176164546,9.869604401089358e-09,8.193415449993744e-15,0.21664422939155303,6.794013996655026,9.723641305459544e-07,4.213141555002306e-07,4.213141555002315e-07,2.048353862498428e-13,2.0483538624984277e-15,99.99999999999959,2.04835386249842e-13,8.327434478188064e-15,2.1344024460277657e-12,3.8086091177776186e-17,1.7580016455892344e-15,0.0455979414974767,2.1924748499986315e-08,2.0958450219516817e-05,0.00020958450219516817
1,30000,100,1000,100,50,50,2814.867017616454,281.48670176164546,3.6554090374405033e-10,1.1239253017824065e-17,0.21664422939155217,6.79401399665504,3.601348631651697e-08,1.5604227981490056e-08,1.5604227981490056e-08,2.809813254456017e-16,2.8098132544560164e-18,100.0,2.809813254456017e-16,-2.809813254456017e-16,7.905194244547296e-14,3.8086091177776186e-17,1.7580016455892417e-15,0.0455979414974767,8.120277222217154e-10,2.0958450219516817e-05,0.0006287535065855046
1,100000,100,1000,100,50,50,2814.867017616454,281.48670176164546,9.869604401089358e-12,8.193415449993742e-21,0.21664422939155217,6.79401399665504,9.72364130545958e-10,4.213141555002315e-10,4.213141555002315e-10,2.0483538624984354e-19,2.0483538624984354e-21,100.0,2.0483538624984354e-19,-2.0483538624984354e-19,2.1344024460277703e-15,3.8086091177776186e-17,1.7580016455892417e-15,0.0455979414974767,2.1924748499986314e-11,2.0958450219516817e-05,0.0020958450219516816
1,10000,100,1000,100,100,100,5629.734035232908,562.9734035232909,9.869604401089358e-09,3.2773661799974976e-14,0.10832211469577786,9.608186737022114,2.7502610819663883e-06,5.958281927281896e-07,5.958281927281945e-07,8.193415449993609e-13,8.19341544999361e-15,99.99999999999837,8.193415449993475e-13,-9.322826232833256e-15,3.018500886734756e-12,3.8086091177776186e-17,3.5160032911784254e-15,0.08866968103404435,2.1924748499986315e-08,2.0958450219516817e-05,0.00020958450219516817
1,30000,100,1000,100,100,100,5629.734035232908,562.9734035232909,3.6554090374405033e-10,4.495701207129626e-17,0.10832211469577609,9.608186737022193,1.0186152155431235e-07,2.2067710841784982e-08,2.2067710841784982e-08,1.1239253017824067e-15,1.1239253017824065e-17,100.0,1.1239253017824067e-15,-1.1239253017824067e-15,1.117963291383252e-13,3.8086091177776186e-17,3.5160032911784834e-15,0.08866968103404435,8.120277222217154e-10,2.0958450219516817e-05,0.0006287535065855046
1,100000,100,1000,100,100,100,5629.734035232908,562.9734035232909,9.869604401089358e-12,3.277366179997497e-20,0.10832211469577609,9.608186737022193,2.750261081966433e-09,5.958281927281944e-10,5.958281927281944e-10,8.1934154499937415e-19,8.193415449993742e-21,100.0,8.1934154499937415e-19,-8.1934154499937415e-19,3.0185008867347807e-15,3.8086091177776186e-17,3.5160032911784834e-15,0.08866968103404435,2.1924748499986314e-11,2.0958450219516817e-05,0.0020958450219516816
3,1000,100,10,1,0.5,0.5,0.2814867017616454,0.028148670176164545,9.869604401089359e-14,7.37407390499437e-24,0.21664422939155217,6.79401399665504,2.9170923916378746e-11,1.2639424665006945e-11,1.2639424665006945e-11,1.8435184762485928e-22,1.8435184762485923e-24,100.0,1.8435184762485928e-22,-1.8435184762485928e-22,2.1344024460277705e-13,3.0849733853998716e-23,1.423981332927286e-21,0.0011161824069052014,6.577424549995895e-13,6.287535065855045e-07,6.287535065855045e-05
3,3000,100,10,1,0.5,0.5,0.2814867017616454,0.028148670176164545,3.655409037440504e-15,1.011532771604166e-26,0.21664422939155217,6.79401399665504,1.0804045894955092e-12,4.681268394447017e-13,4.681268394447017e-13,2.528831929010415e-25,2.528831929010415e-27,100.0,2.528831929010415e-25,-2.528831929010415e-25,7.905194244547299e-15,3.0849733853998716e-23,1.423981332927286e-21,0.0011161824069052014,2.4360831666651462e-14,6.287535065855045e-07,0.00018862605197565136
3,10000,100,10,1,0.5,0.5,0.2814867017616454,0.028148670176164545,9.86960440108936e-17,7.374073904994371e-30,0.21664422939155217,6.79401399665504,2.917092391637875e-14,1.2639424665006947e-14,1.2639424665006947e-14,1.843518476248593e-28,1.8435184762485928e-30,100.0,1.843518476248593e-28,-1.843518476248593e-28,2.1344024460277706e-16,3.0849733853998716e-23,1.423981332927286e-21,0.0011161824069052014,6.577424549995896e-16,6.287535065855045e-07,0.0006287535065855046
3,30000,100,10,1,0.5,0.5,0.2814867017616454,0.028148670176164545,3.6554090374405034e-18,1.0115327716041657e-32,0.21664422939155217,6.79401399665504,1.080404589495509e-15,4.681268394447016e-16,4.681268394447016e-16,2.5288319290104144e-31,2.5288319290104142e-33,100.0,2.5288319290104144e-31,-2.5288319290104144e-31,7.905194244547298e-18,3.0849733853998716e-23,1.423981332927286e-21,0.0011161824069052014,2.436083166665146e-17,6.287535065855045e-07,0.0018862605197565137
3,100000,100,10,1,0.5,0.5,0.2814867017616454,0.028148670176164545,9.869604401089359e-20,7.374073904994368e-36,0.21664422939155217,6.79401399665504,2.917092391637874e-17,1.2639424665006945e-17,1.2639424665006945e-17,1.8435184762485922e-34,1.843518476248592e-36,100.0,1.8435184762485922e-34,-1.8435184762485922e-34,2.1344024460277705e-19,3.0849733853998716e-23,1.423981332927286e-21,0.0011161824069052014,6.577424549995894e-19,6.287535065855045e-07,0.006287535065855045
3,1000,100,10,1,2.5,2.5,1.407433508808227,0.1407433508808227,9.869604401089359e-14,1.8435184762485926e-22,0.043328845878310436,15.191877136605695,3.2614084421748633e-10,2.8262612747443035e-11,2.8262612747443035e-11,4.6087961906214815e-21,4.6087961906214814e-23,100.0,4.6087961906214815e-21,-4.6087961906214815e-21,4.77266896065992e-13,3.0849733853998716e-23,7.119906664636429e-21,0.005140987586546437,6.577424549995895e-13,6.287535065855045e-07,6.287535065855045e-05
3,3000,100,10,1,2.5,2.5,1.407433508808227,0.1407433508808227,3.655409037440504e-15,2.5288319290104148e-25,0.043328845878310436,15.191877136605695,1.2079290526573568e-11,1.0467634350904827e-12,1.0467634350904827e-12,6.322079822526037e-24,6.322079822526037e-26,100.0,6.322079822526037e-24,-6.322079822526037e-24,1.767655170614785e-14,3.0849733853998716e-23,7.119906664636429e-21,0.005140987586546437,2.4360831666651462e-14,6.287535065855045e-07,0.00018862605197565136
3,10000,100,10,1,2.5,2.5,1.407433508808227,0.1407433508808227,9.86960440108936e-17,1.843518476248593e-28,0.043328845878310436,15.191877136605695,3.2614084421748634e-13,2.8262612747443036e-14,2.8262612747443036e-14,4.608796190621482e-27,4.6087961906214824e-29,100.0,4.608796190621482e-27,-4.608796190621482e-27,4.77266896065992e-16,3.0849733853998716e-23,7.119906664636429e-21,0.005140987586546437,6.577424549995896e-16,6.287535065855045e-07,0.0006287535065855046
3,30000,100,10,1,2.5,2.5,1.407433508808227,0.1407433508808227,3.6554090374405034e-18,2.5288319290104144e-31,0.043328845878310436,15.191877136605695,1.2079290526573566e-14,1.0467634350904826e-15,1.0467634350904826e-15,6.322079822526035e-30,6.322079822526036e-32,100.0,6.322079822526035e-30,-6.322079822526035e-30,1.7676551706147848e-17,3.0849733853998716e-23,7.119906664636429e-21,0.005140987586546437,2.436083166665146e-17,6.287535065855045e-07,0.0018862605197565137
3,100000,100,10,1,2.5,2.5,1.407433508808227,0.1407433508808227,9.869604401089359e-20,1.843518476248592e-34,0.043328845878310436,15.191877136605695,3.261408442174863e-16,2.826261274744303e-17,2.826261274744303e-17,4.60879619062148e-33,4.60879619062148e-35,100.0,4.60879619062148e-33,-4.60879619062148e-33,4.77266896065992e-19,3.0849733853998716e-23,7.119906664636429e-21,0.005140987586546437,6.577424549995894e-19,6.287535065855045e-07,0.006287535065855045
3,1000,100,10,1,10,10,5.629734035232908,0.5629734035232908,9.869604401089359e-14,2.949629561997748e-21,0.010832211469577609,30.38375427321139,2.6091267537398906e-09,5.652522549488607e-11,5.652522549488607e-11,7.37407390499437e-20,7.37407390499437e-22,100.0,7.37407390499437e-20,-7.37407390499437e-20,9.54533792131984e-13,3.0849733853998716e-23,2.8479626658545717e-20,0.01904822916964032,6.577424549995895e-13,6.287535065855045e-07,6.287535065855045e-05
3,3000,100,10,1,10,10,5.629734035232908,0.5629734035232908,3.655409037440504e-15,4.0461310864166636e-24,0.010832211469577609,30.38375427321139,9.663432421258854e-11,2.0935268701809654e-12,2.0935268701809654e-12,1.011532771604166e-22,1.0115327716041659e-24,100.0,1.011532771604166e-22,-1.011532771604166e-22,3.53531034122957e-14,3.0849733853998716e-23,2.8479626658545717e-20,0.01904822916964032,2.4360831666651462e-14,6.287535065855045e-07,0.00018862605197565136
3,10000,100,10,1,10,10,5.629734035232908,0.5629734035232908,9.86960440108936e-17,2.9496295619977487e-27,0.010832211469577609,30.38375427321139,2.6091267537398907e-12,5.652522549488607e-14,5.652522549488607e-14,7.374073904994371e-26,7.374073904994372e-28,100.0,7.374073904994371e-26,-7.374073904994371e-26,9.54533792131984e-16,3.0849733853998716e-23,2.8479626658545717e-20,0.01904822916964032,6.577424549995896e-16,6.287535065855045e-07,0.0006287535065855046
3,30000,100,10,1,10,10,5.629734035232908,0.5629734035232908,3.6554090374405034e-18,4.046131086416663e-30,0.010832211469577609,30.38375427321139,9.663432421258853e-14,2.093526870180965e-15,2.093526870180965e-15,1.0115327716041656e-28,1.0115327716041657e-30,100.0,1.0115327716041656e-28,-1.0115327716041656e-28,3.5353103412295697e-17,3.0849733853998716e-23,2.8479626658545717e-20,0.01904822916964032,2.436083166665146e-17,6.287535065855045e-07,0.0018862605197565137
3,100000,100,10,1,10,10,5.629734035232908,0.5629734035232908,9.869604401089359e-20,2.949629561997747e-33,0.010832211469577609,30.38375427321139,2.6091267537398902e-15,5.652522549488606e-17,5.652522549488606e-17,7.374073904994368e-32,7.374073904994368e-34,100.0,7.374073904994368e-32,-7.374073904994368e-32,9.54533792131984e-19,3.0849733853998716e-23,2.8479626658545717e-20,0.01904822916964032,6.577424549995894e-19,6.287535065855045e-07,0.006287535065855045
3,1000,100,10,1,50,50,28.14867017616454,2.814867017616454,9.869604401089359e-14,7.374073904994369e-20,0.002166442293915522,67.94013996655039,2.917092391637874e-08,1.2639424665006945e-10,1.2639424665006945e-10,1.843518476248592e-18,1.8435184762485923e-20,100.0,1.843518476248592e-18,-1.843518476248592e-18,2.13440244602777e-12,3.0849733853998716e-23,1.4239813329272858e-19,0.08644265688861016,6.577424549995895e-13,6.287535065855045e-07,6.287535065855045e-05
3,3000,100,10,1,50,50,28.14867017616454,2.814867017616454,3.655409037440504e-15,1.0115327716041658e-22,0.002166442293915522,67.94013996655039,1.0804045894955088e-09,4.681268394447017e-12,4.681268394447017e-12,2.528831929010414e-21,2.5288319290104146e-23,100.0,2.528831929010414e-21,-2.528831929010414e-21,7.905194244547298e-14,3.0849733853998716e-23,1.4239813329272858e-19,0.08644265688861016,2.4360831666651462e-14,6.287535065855045e-07,0.00018862605197565136
3,10000,100,10,1,50,50,28.14867017616454,2.814867017616454,9.86960440108936e-17,7.374073904994371e-26,0.002166442293915522,67.94013996655039,2.9170923916378746e-11,1.2639424665006946e-13,1.2639424665006946e-13,1.8435184762485923e-24,1.8435184762485928e-26,100.0,1.8435184762485923e-24,-1.8435184762485923e-24,2.1344024460277703e-15,3.0849733853998716e-23,1.4239813329272858e-19,0.08644265688861016,6.577424549995896e-16,6.287535065855045e-07,0.0006287535065855046
3,30000,100,10,1,50,50,28.14867017616454,2.814867017616454,3.6554090374405034e-18,1.0115327716041656e-28,0.002166442293915522,67.94013996655039,1.0804045894955087e-12,4.6812683944470155e-15,4.6812683944470155e-15,2.528831929010414e-27,2.528831929010414e-29,100.0,2.528831929010414e-27,-2.528831929010414e-27,7.905194244547295e-17,3.0849733853998716e-23,1.4239813329272858e-19,0.08644265688861016,2.436083166665146e-17,6.287535065855045e-07,0.0018862605197565137
3,100000,100,10,1,50,50,28.14867017616454,2.814867017616454,9.869604401089359e-20,7.374073904994367e-32,0.002166442293915522,67.94013996655039,2.917092391637874e-14,1.2639424665006942e-16,1.2639424665006942e-16,1.8435184762485914e-30,1.8435184762485917e-32,100.0,1.8435184762485914e-30,-1.8435184762485914e-30,2.1344024460277704e-18,3.0849733853998716e-23,1.4239813329272858e-19,0.08644265688861016,6.577424549995894e-19,6.287535065855045e-07,0.006287535065855045
3,1000,100,10,1,100,100,56.29734035232908,5.629734035232908,9.869604401089359e-14,2.9496295619977477e-19,0.001083221146957761,96.08186737022191,8.250783245899299e-08,1.7874845781845834e-10,1.7874845781845834e-10,7.374073904994368e-18,7.374073904994369e-20,100.0,7.374073904994368e-18,-7.374073904994368e-18,3.0185008867347806e-12,3.0849733853998716e-23,2.8479626658545716e-19,0.1653067078944932,6.577424549995895e-13,6.287535065855045e-07,6.287535065855045e-05
3,3000,100,10,1,100,100,56.29734035232908,5.629734035232908,3.655409037440504e-15,4.0461310864166633e-22,0.001083221146957761,96.08186737022191,3.05584564662937e-09,6.620313252535494e-12,6.620313252535494e-12,1.0115327716041657e-20,1.0115327716041658e-22,100.0,1.0115327716041657e-20,-1.0115327716041657e-20,1.1179632913832522e-13,3.0849733853998716e-23,2.8479626658545716e-19,0.1653067078944932,2.4360831666651462e-14,6.287535065855045e-07,0.00018862605197565136
3,10000,100,10,1,100,100,56.29734035232908,5.629734035232908,9.86960440108936e-17,2.9496295619977484e-25,0.001083221146957761,96.08186737022191,8.2507832458993e-11,1.7874845781845835e-13,1.7874845781845835e-13,7.37407390499437e-24,7.374073904994371e-26,100.0,7.37407390499437e-24,-7.37407390499437e-24,3.0185008867347807e-15,3.0849733853998716e-23,2.8479626658545716e-19,0.1653067078944932,6.577424549995896e-16,6.287535065855045e-07,0.0006287535065855046
3,30000,100,10,1,100,100,56.29734035232908,5.629734035232908,3.6554090374405034e-18,4.0461310864166625e-28,0.001083221146957761,96.08186737022191,3.05584564662937e-12,6.620313252535493e-15,6.620313252535493e-15,1.0115327716041655e-26,1.0115327716041656e-28,100.0,1.0115327716041655e-26,-1.0115327716041655e-26,1.117963291383252e-16,3.0849733853998716e-23,2.8479626658545716e-19,0.1653067078944932,2.436083166665146e-17,6.287535065855045e-07,0.0018862605197565137
3,100000,100,10,1,100,100,56.29734035232908,5.629734035232908,9.869604401089359e-20,2.9496295619977467e-31,0.001083221146957761,96.08186737022191,8.250783245899298e-14,1.7874845781845832e-16,1.7874845781845832e-16,7.374073904994366e-30,7.374073904994367e-32,100.0,7.374073904994366e-30,-7.374073904994366e-30,3.018500886734781e-18,3.0849733853998716e-23,2.8479626658545716e-19,0.1653067078944932,6.577424549995894e-19,6.287535065855045e-07,0.006287535065855045
3,1000,100,10,10,0.5,0.5,0.2814867017616454,0.2814867017616454,9.86960440108936e-12,7.37407390499437e-21,2.1664422939155217,6.79401399665504,2.9170923916378745e-10,1.2639424665006946e-09,1.2639424665006946e-09,1.8435184762485927e-19,1.8435184762485924e-21,100.0,1.8435184762485927e-19,-1.8435184762485927e-19,2.1344024460277705e-13,3.0849733853998716e-23,1.423981332927286e-21,0.0011161824069052014,6.577424549995895e-11,6.287535065855045e-07,6.287535065855045e-05
3,3000,100,10,10,0.5,0.5,0.2814867017616454,0.2814867017616454,3.6554090374405037e-13,1.0115327716041661e-23,2.1664422939155217,6.79401399665504,1.0804045894955092e-11,4.681268394447017e-11,4.681268394447017e-11,2.528831929010415e-22,2.5288319290104153e-24,100.0,2.528831929010415e-22,-2.528831929010415e-22,7.905194244547299e-15,3.0849733853998716e-23,1.423981332927286e-21,0.0011161824069052014,2.4360831666651465e-12,6.287535065855045e-07,0.00018862605197565136
3,10000,100,10,10,0.5,0.5,0.2814867017616454,0.2814867017616454,9.86960440108936e-15,7.374073904994371e-27,2.1664422939155217,6.79401399665504,2.917092391637875e-13,1.2639424665006945e-12,1.2639424665006945e-12,1.8435184762485928e-25,1.8435184762485928e-27,100.0,1.8435184762485928e-25,-1.8435184762485928e-25,2.1344024460277706e-16,3.0849733853998716e-23,1.423981332927286e-21,0.0011161824069052014,6.577424549995896e-14,6.287535065855045e-07,0.0006287535065855046
3,30000,100,10,10,0.5,0.5,0.2814867017616454,0.2814867017616454,3.6554090374405037e-16,1.0115327716041658e-29,2.1664422939155217,6.79401399665504,1.080404589495509e-14,4.681268394447017e-14,4.681268394447017e-14,2.5288319290104143e-28,2.5288319290104146e-30,100.0,2.5288319290104143e-28,-2.5288319290104143e-28,7.905194244547298e-18,3.0849733853998716e-23,1.423981332927286e-21,0.0011161824069052014,2.4360831666651463e-15,6.287535065855045e-07,0.0018862605197565137
3,100000,100,10,10,0.5,0.5,0.2814867017616454,0.2814867017616454,9.86960440108936e-18,7.374073904994371e-33,2.1664422939155217,6.79401399665504,2.9170923916378747e-16,1.2639424665006946e-15,1.2639424665006946e-15,1.8435184762485928e-31,1.8435184762485927e-33,100.0,1.8435184762485928e-31,-1.8435184762485928e-31,2.1344024460277705e-19,3.0849733853998716e-23,1.423981332927286e-21,0.0011161824069052014,6.577424549995896e-17,6.287535065855045e-07,0.006287535065855045
3,1000,100,10,10,2.5,2.5,1.407433508808227,1.407433508808227,9.86960440108936e-12,1.8435184762485924e-19,0.43328845878310435,15.191877136605695,3.2614084421748633e-09,2.8262612747443033e-09,2.8262612747443033e-09,4.608796190621481e-18,4.608796190621481e-20,100.0,4.608796190621481e-18,-4.608796190621481e-18,4.77266896065992e-13,3.0849733853998716e-23,7.119906664636429e-21,0.005140987586546437,6.577424549995895e-11,6.287535065855045e-07,6.287535065855045e-05
3,3000,100,10,10,2.5,2.5,1.407433508808227,1.407433508808227,3.6554090374405037e-13,2.528831929010415e-22,0.43328845878310435,15.191877136605695,1.2079290526573567e-10,1.0467634350904828e-10,1.0467634350904828e-10,6.322079822526038e-21,6.322079822526038e-23,100.0,6.322079822526038e-21,-6.322079822526038e-21,1.767655170614785e-14,3.0849733853998716e-23,7.119906664636429e-21,0.005140987586546437,2.4360831666651465e-12,6.287535065855045e-07,0.00018862605197565136
3,10000,100,10,10,2.5,2.5,1.407433508808227,1.407433508808227,9.86960440108936e-15,1.8435184762485928e-25,0.43328845878310435,15.191877136605695,3.2614084421748636e-12,2.8262612747443035e-12,2.8262612747443035e-12,4.608796190621482e-24,4.608796190621482e-26,100.0,4.608796190621482e-24,-4.608796190621482e-24,4.77266896065992e-16,3.0849733853998716e-23,7.119906664636429e-21,0.005140987586546437,6.577424549995896e-14,6.287535065855045e-07,0.0006287535065855046
3,30000,100,10,10,2.5,2.5,1.407433508808227,1.407433508808227,3.6554090374405037e-16,2.5288319290104147e-28,0.43328845878310435,15.191877136605695,1.2079290526573567e-13,1.0467634350904827e-13,1.0467634350904827e-13,6.322079822526036e-27,6.322079822526037e-29,100.0,6.322079822526036e-27,-6.322079822526036e-27,1.7676551706147848e-17,3.0849733853998716e-23,7.119906664636429e-21,0.005140987586546437,2.4360831666651463e-15,6.287535065855045e-07,0.0018862605197565137
3,100000,100,10,10,2.5,2.5,1.407433508808227,1.407433508808227,9.86960440108936e-18,1.8435184762485928e-31,0.43328845878310435,15.191877136605695,3.2614084421748632e-15,2.8262612747443034e-15,2.8262612747443034e-15,4.608796190621481e-30,4.608796190621482e-32,100.0,4.608796190621481e-30,-4.608796190621481e-30,4.77266896065992e-19,3.0849733853998716e-23,7.119906664636429e-21,0.005140987586546437,6.577424549995896e-17,6.287535065855045e-07,0.006287535065855045
3,1000,100,10,10,10,10,5.629734035232908,5.629734035232908,9.86960440108936e-12,2.949629561997748e-18,0.10832211469577609,30.38375427321139,2.6091267537398906e-08,5.6525225494886066e-09,5.6525225494886066e-09,7.37407390499437e-17,7.37407390499437e-19,100.0,7.37407390499437e-17,-7.37407390499437e-17,9.54533792131984e-13,3.0849733853998716e-23,2.8479626658545717e-20,0.01904822916964032,6.577424549995895e-11,6.287535065855045e-07,6.287535065855045e-05
3,3000,100,10,10,10,10,5.629734035232908,5.629734035232908,3.6554090374405037e-13,4.046131086416664e-21,0.10832211469577609,30.38375427321139,9.663432421258854e-10,2.0935268701809655e-10,2.0935268701809655e-10,1.0115327716041661e-19,1.011532771604166e-21,100.0,1.0115327716041661e-19,-1.0115327716041661e-19,3.53531034122957e-14,3.0849733853998716e-23,2.8479626658545717e-20,0.01904822916964032,2.4360831666651465e-12,6.287535065855045e-07,0.00018862605197565136
3,10000,100,10,10,10,10,5.629734035232908,5.629734035232908,9.86960440108936e-15,2.9496295619977485e-24,0.10832211469577609,30.38375427321139,2.609126753739891e-11,5.652522549488607e-12,5.652522549488607e-12,7.374073904994371e-23,7.374073904994371e-25,100.0,7.374073904994371e-23,-7.374073904994371e-23,9.54533792131984e-16,3.0849733853998716e-23,2.8479626658545717e-20,0.01904822916964032,6.577424549995896e-14,6.287535065855045e-07,0.0006287535065855046
3,30000,100,10,10,10,10,5.629734035232908,5.629734035232908,3.6554090374405037e-16,4.0461310864166636e-27,0.10832211469577609,30.38375427321139,9.663432421258853e-13,2.0935268701809653e-13,2.0935268701809653e-13,1.0115327716041658e-25,1.0115327716041659e-27,100.0,1.0115327716041658e-25,-1.0115327716041658e-25,3.5353103412295697e-17,3.0849733853998716e-23,2.8479626658545717e-20,0.01904822916964032,2.4360831666651463e-15,6.287535065855045e-07,0.0018862605197565137
3,100000,100,10,10,10,10,5.629734035232908,5.629734035232908,9.86960440108936e-18,2.9496295619977484e-30,0.10832211469577609,30.38375427321139,2.6091267537398906e-14,5.652522549488607e-15,5.652522549488607e-15,7.37407390499437e-29,7.374073904994371e-31,100.0,7.37407390499437e-29,-7.37407390499437e-29,9.54533792131984e-19,3.0849733853998716e-23,2.8479626658545717e-20,0.01904822916964032,6.577424549995896e-17,6.287535065855045e-07,0.006287535065855045
3,1000,100,10,10,50,50,28.14867017616454,28.14867017616454,9.86960440108936e-12,7.37407390499437e-17,0.021664422939155218,67.94013996655039,2.9170923916378743e-07,1.2639424665006944e-08,1.2639424665006944e-08,1.8435184762485924e-15,1.8435184762485924e-17,100.0,1.8435184762485924e-15,-1.8435184762485924e-15,2.13440244602777e-12,3.0849733853998716e-23,1.4239813329272858e-19,0.08644265688861016,6.577424549995895e-11,6.287535065855045e-07,6.287535065855045e-05
3,3000,100,10,10,50,50,28.14867017616454,28.14867017616454,3.6554090374405037e-13,1.0115327716041661e-19,0.021664422939155218,67.94013996655039,1.0804045894955092e-08,4.681268394447017e-10,4.681268394447017e-10,2.5288319290104154e-18,2.5288319290104152e-20,100.0,2.5288319290104154e-18,-2.5288319290104154e-18,7.905194244547298e-14,3.0849733853998716e-23,1.4239813329272858e-19,0.08644265688861016,2.4360831666651465e-12,6.287535065855045e-07,0.00018862605197565136
3,10000,100,10,10,50,50,28.14867017616454,28.14867017616454,9.86960440108936e-15,7.374073904994371e-23,0.021664422939155218,67.94013996655039,2.9170923916378745e-10,1.2639424665006945e-11,1.2639424665006945e-11,1.8435184762485928e-21,1.8435184762485927e-23,100.0,1.8435184762485928e-21,-1.8435184762485928e-21,2.1344024460277703e-15,3.0849733853998716e-23,1.4239813329272858e-19,0.08644265688861016,6.577424549995896e-14,6.287535065855045e-07,0.0006287535065855046
3,30000,100,10,10,50,50,28.14867017616454,28.14867017616454,3.6554090374405037e-16,1.0115327716041659e-25,0.021664422939155218,67.94013996655039,1.080404589495509e-11,4.681268394447017e-13,4.681268394447017e-13,2.5288319290104146e-24,2.5288319290104147e-26,100.0,2.5288319290104146e-24,-2.5288319290104146e-24,7.905194244547295e-17,3.0849733853998716e-23,1.4239813329272858e-19,0.08644265688861016,2.4360831666651463e-15,6.287535065855045e-07,0.0018862605197565137
3,100000,100,10,10,50,50,28.14867017616454,28.14867017616454,9.86960440108936e-18,7.374073904994371e-29,0.021664422939155218,67.94013996655039,2.9170923916378746e-13,1.2639424665006946e-14,1.2639424665006946e-14,1.8435184762485928e-27,1.8435184762485927e-29,100.0,1.8435184762485928e-27,-1.8435184762485928e-27,2.1344024460277704e-18,3.0849733853998716e-23,1.4239813329272858e-19,0.08644265688861016,6.577424549995896e-17,6.287535065855045e-07,0.006287535065855045
3,1000,100,10,10,100,100,56.29734035232908,56.29734035232908,9.86960440108936e-12,2.949629561997748e-16,0.010832211469577609,96.08186737022191,8.2507832458993e-07,1.7874845781845834e-08,1.7874845781845834e-08,7.374073904994368e-15,7.37407390499437e-17,99.99999999999997,7.374073904994368e-15,6.836780810207636e-15,3.0185008867347806e-12,3.0849733853998716e-23,2.847962665854571e-19,0.1653067078944932,6.577424549995895e-11,6.287535065855045e-07,6.287535065855045e-05
3,3000,100,10,10,100,100,56.29734035232908,56.29734035232908,3.6554090374405037e-13,4.0461310864166643e-19,0.010832211469577609,96.08186737022191,3.055845646629371e-08,6.620313252535494e-10,6.620313252535494e-10,1.0115327716041662e-17,1.0115327716041661e-19,100.0,1.0115327716041662e-17,-1.0115327716041662e-17,1.1179632913832522e-13,3.0849733853998716e-23,2.8479626658545716e-19,0.1653067078944932,2.4360831666651465e-12,6.287535065855045e-07,0.00018862605197565136
3,10000,100,10,10,100,100,56.29734035232908,56.29734035232908,9.86960440108936e-15,2.9496295619977483e-22,0.010832211469577609,96.08186737022191,8.250783245899301e-10,1.7874845781845833e-11,1.7874845781845833e-11,7.374073904994371e-21,7.374073904994371e-23,100.0,7.374073904994371e-21,-7.374073904994371e-21,3.0185008867347807e-15,3.0849733853998716e-23,2.8479626658545716e-19,0.1653067078944932,6.577424549995896e-14,6.287535065855045e-07,0.0006287535065855046
3,30000,100,10,10,100,100,56.29734035232908,56.29734035232908,3.6554090374405037e-16,4.0461310864166635e-25,0.010832211469577609,96.08186737022191,3.05584564662937e-11,6.620313252535494e-13,6.620313252535494e-13,1.0115327716041658e-23,1.0115327716041659e-25,100.0,1.0115327716041658e-23,-1.0115327716041658e-23,1.117963291383252e-16,3.0849733853998716e-23,2.8479626658545716e-19,0.1653067078944932,2.4360831666651463e-15,6.287535065855045e-07,0.0018862605197565137
3,100000,100,10,10,100,100,56.29734035232908,56.29734035232908,9.86960440108936e-18,2.9496295619977483e-28,0.010832211469577609,96.08186737022191,8.250783245899301e-13,1.7874845781845836e-14,1.7874845781845836e-14,7.374073904994371e-27,7.374073904994371e-29,100.0,7.374073904994371e-27,-7.374073904994371e-27,3.018500886734781e-18,3.0849733853998716e-23,2.8479626658545716e-19,0.1653067078944932,6.577424549995896e-17,6.287535065855045e-07,0.006287535065855045
3,1000,100,10,100,0.5,0.5,0.2814867017616454,2.814867017616455,9.86960440108936e-10,7.37407390499437e-18,21.664422939155216,6.79401399665504,2.9170923916378747e-09,1.2639424665006947e-07,1.2639424665006947e-07,1.8435184762485927e-16,1.8435184762485927e-18,100.0,1.8435184762485927e-16,-1.8435184762485927e-16,2.1344024460277705e-13,3.0849733853998716e-23,1.423981332927286e-21,0.0011161824069052014,6.577424549995895e-09,6.287535065855045e-07,6.287535065855045e-05
3,3000,100,10,100,0.5,0.5,0.2814867017616454,2.814867017616455,3.6554090374405037e-11,1.0115327716041661e-20,21.664422939155216,6.79401399665504,1.0804045894955091e-10,4.681268394447017e-09,4.681268394447017e-09,2.5288319290104153e-19,2.5288319290104153e-21,100.0,2.5288319290104153e-19,-2.5288319290104153e-19,7.905194244547299e-15,3.0849733853998716e-23,1.423981332927286e-21,0.0011161824069052014,2.436083166665146e-10,6.287535065855045e-07,0.00018862605197565136
3,10000,100,10,100,0.5,0.5,0.2814867017616454,2.814867017616455,9.869604401089358e-13,7.374073904994368e-24,21.664422939155216,6.79401399665504,2.9170923916378747e-12,1.2639424665006943e-10,1.2639424665006943e-10,1.8435184762485923e-22,1.843518476248592e-24,100.0,1.8435184762485923e-22,-1.8435184762485923e-22,2.1344024460277706e-16,3.0849733853998716e-23,1.423981332927286e-21,0.0011161824069052014,6.577424549995894e-12,6.287535065855045e-07,0.0006287535065855046
3,30000,100,10,100,0.5,0.5,0.2814867017616454,2.814867017616455,3.655409037440503e-14,1.0115327716041658e-26,21.664422939155216,6.79401399665504,1.080404589495509e-13,4.681268394447017e-12,4.681268394447017e-12,2.5288319290104143e-25,2.5288319290104146e-27,100.0,2.5288319290104143e-25,-2.5288319290104143e-25,7.905194244547298e-18,3.0849733853998716e-23,1.423981332927286e-21,0.0011161824069052014,2.436083166665146e-13,6.287535065855045e-07,0.0018862605197565137
3,100000,100,10,100,0.5,0.5,0.2814867017616454,2.814867017616455,9.869604401089359e-16,7.37407390499437e-30,21.664422939155216,6.79401399665504,2.9170923916378746e-15,1.2639424665006946e-13,1.2639424665006946e-13,1.8435184762485925e-28,1.8435184762485925e-30,100.0,1.8435184762485925e-28,-1.8435184762485925e-28,2.1344024460277705e-19,3.0849733853998716e-23,1.423981332927286e-21,0.0011161824069052014,6.577424549995894e-15,6.287535065855045e-07,0.006287535065855045
3,1000,100,10,100,2.5,2.5,1.407433508808227,14.074335088082274,9.86960440108936e-10,1.8435184762485924e-16,4.332884587831043,15.191877136605695,3.261408442174863e-08,2.826261274744303e-07,2.826261274744303e-07,4.60879619062148e-15,4.608796190621481e-17,99.99999999999999,4.60879619062148e-15,9.602058524580524e-15,4.77266896065992e-13,3.0849733853998716e-23,7.119906664636428e-21,0.005140987586546437,6.577424549995895e-09,6.287535065855045e-07,6.287535065855045e-05
3,3000,100,10,100,2.5,2.5,1.407433508808227,14.074335088082274,3.6554090374405037e-11,2.528831929010415e-19,4.332884587831043,15.191877136605695,1.2079290526573567e-09,1.0467634350904826e-08,1.0467634350904826e-08,6.3220798225260365e-18,6.322079822526037e-20,100.0,6.3220798225260365e-18,-6.3220798225260365e-18,1.767655170614785e-14,3.0849733853998716e-23,7.119906664636429e-21,0.005140987586546437,2.436083166665146e-10,6.287535065855045e-07,0.00018862605197565136
3,10000,100,10,100,2.5,2.5,1.407433508808227,14.074335088082274,9.869604401089358e-13,1.8435184762485919e-22,4.332884587831043,15.191877136605695,3.2614084421748624e-11,2.826261274744303e-10,2.826261274744303e-10,4.608796190621479e-21,4.6087961906214797e-23,100.0,4.608796190621479e-21,-4.608796190621479e-21,4.77266896065992e-16,3.0849733853998716e-23,7.119906664636429e-21,0.005140987586546437,6.577424549995894e-12,6.287535065855045e-07,0.0006287535065855046
3,30000,100,10,100,2.5,2.5,1.407433508808227,14.074335088082274,3.655409037440503e-14,2.5288319290104143e-25,4.332884587831043,15.191877136605695,1.2079290526573566e-12,1.0467634350904826e-11,1.0467634350904826e-11,6.322079822526035e-24,6.322079822526036e-26,100.0,6.322079822526035e-24,-6.322079822526035e-24,1.7676551706147848e-17,3.0849733853998716e-23,7.119906664636429e-21,0.005140987586546437,2.436083166665146e-13,6.287535065855045e-07,0.0018862605197565137
3,100000,100,10,100,2.5,2.5,1.407433508808227,14.074335088082274,9.869604401089359e-16,1.8435184762485923e-28,4.332884587831043,15.191877136605695,3.2614084421748626e-14,2.8262612747443034e-13,2.8262612747443034e-13,4.60879619062148e-27,4.6087961906214807e-29,100.0,4.60879619062148e-27,-4.60879619062148e-27,4.77266896065992e-19,3.0849733853998716e-23,7.119906664636429e-21,0.005140987586546437,6.577424549995894e-15,6.287535065855045e-07,0.006287535065855045
3,1000,100,10,100,10,10,5.629734035232908,56.297340352329094,9.86960440108936e-10,2.949629561997748e-15,1.0832211469577622,30.38375427321137,2.609126753739887e-07,5.652522549488603e-07,5.652522549488606e-07,7.374073904994359e-14,7.37407390499436e-16,99.99999999999984,7.374073904994349e-14,1.1524389241268535e-14,9.545337921319834e-13,3.0849733853998716e-23,2.8479626658545675e-20,0.01904822916964032,6.577424549995895e-09,6.287535065855045e-07,6.287535065855045e-05
3,3000,100,10,100,10,10,5.629734035232908,56.297340352329094,3.6554090374405037e-11,4.046131086416664e-18,1.0832211469577608,30.38375427321139,9.663432421258854e-09,2.0935268701809653e-08,2.0935268701809653e-08,1.0115327716041658e-16,1.011532771604166e-18,100.0,1.0115327716041658e-16,-1.0115327716041658e-16,3.53531034122957e-14,3.0849733853998716e-23,2.8479626658545717e-20,0.01904822916964032,2.436083166665146e-10,6.287535065855045e-07,0.00018862605197565136
3,10000,100,10,100,10,10,5.629734035232908,56.297340352329094,9.869604401089358e-13,2.949629561997747e-21,1.0832211469577608,30.38375427321139,2.60912675373989e-10,5.652522549488606e-10,5.652522549488606e-10,7.374073904994367e-20,7.3740739049943675e-22,100.0,7.374073904994367e-20,-7.374073904994367e-20,9.54533792131984e-16,3.0849733853998716e-23,2.8479626658545717e-20,0.01904822916964032,6.577424549995894e-12,6.287535065855045e-07,0.0006287535065855046
3,30000,100,10,100,10,10,5.629734035232908,56.297340352329094,3.655409037440503e-14,4.046131086416663e-24,1.0832211469577608,30.38375427321139,9.663432421258853e-12,2.093526870180965e-11,2.093526870180965e-11,1.0115327716041656e-22,1.0115327716041657e-24,100.0,1.0115327716041656e-22,-1.0115327716041656e-22,3.5353103412295697e-17,3.0849733853998716e-23,2.8479626658545717e-20,0.01904822916964032,2.436083166665146e-13,6.287535065855045e-07,0.0018862605197565137
3,100000,100,10,100,10,10,5.629734035232908,56.297340352329094,9.869604401089359e-16,2.9496295619977477e-27,1.0832211469577608,30.38375427321139,2.60912675373989e-13,5.652522549488607e-13,5.652522549488607e-13,7.374073904994368e-26,7.374073904994369e-28,100.0,7.374073904994368e-26,-7.374073904994368e-26,9.54533792131984e-19,3.0849733853998716e-23,2.8479626658545717e-20,0.01904822916964032,6.577424549995894e-15,6.287535065855045e-07,0.006287535065855045
3,1000,100,10,100,50,50,28.14867017616454,281.48670176164546,9.86960440108936e-10,7.374073904994369e-14,0.21664422939156017,67.94013996654914,2.9170923916377667e-06,1.2639424665006712e-06,1.2639424665006945e-06,1.8435184762485243e-12,1.8435184762485244e-14,99.99999999999632,1.8435184762484564e-12,-1.0318217987397921e-14,2.134402446027731e-12,3.0849733853998716e-23,1.4239813329272333e-19,0.08644265688861016,6.577424549995895e-09,6.287535065855045e-07,6.287535065855045e-05
3,3000,100,10,100,50,50,28.14867017616454,281.48670176164546,3.6554090374405037e-11,1.011532771604166e-16,0.21664422939155217,67.94013996655039,1.0804045894955091e-07,4.6812683944470163e-08,4.6812683944470163e-08,2.5288319290104148e-15,2.528831929010415e-17,100.0,2.5288319290104148e-15,-2.5288319290104148e-15,7.905194244547298e-14,3.0849733853998716e-23,1.4239813329272858e-19,0.08644265688861016,2.436083166665146e-10,6.287535065855045e-07,0.00018862605197565136
3,10000,100,10,100,50,50,28.14867017616454,281.48670176164546,9.869604401089358e-13,7.374073904994368e-20,0.21664422939155217,67.94013996655039,2.917092391637874e-09,1.2639424665006942e-09,1.2639424665006942e-09,1.843518476248592e-18,1.843518476248592e-20,100.0,1.843518476248592e-18,-1.843518476248592e-18,2.1344024460277703e-15,3.0849733853998716e-23,1.4239813329272858e-19,0.08644265688861016,6.577424549995894e-12,6.287535065855045e-07,0.0006287535065855046
3,30000,100,10,100,50,50,28.14867017616454,281.48670176164546,3.655409037440503e-14,1.0115327716041657e-22,0.21664422939155217,67.94013996655039,1.080404589495509e-10,4.681268394447016e-11,4.681268394447016e-11,2.528831929010414e-21,2.5288319290104143e-23,100.0,2.528831929010414e-21,-2.528831929010414e-21,7.905194244547295e-17,3.0849733853998716e-23,1.4239813329272858e-19,0.08644265688861016,2.436083166665146e-13,6.287535065855045e-07,0.0018862605197565137
3,100000,100,10,100,50,50,28.14867017616454,281.48670176164546,9.869604401089359e-16,7.374073904994369e-26,0.21664422939155217,67.94013996655039,2.9170923916378743e-12,1.2639424665006943e-12,1.2639424665006943e-12,1.8435184762485923e-24,1.8435184762485922e-26,100.0,1.8435184762485923e-24,-1.8435184762485923e-24,2.1344024460277704e-18,3.0849733853998716e-23,1.4239813329272858e-19,0.08644265688861016,6.577424549995894e-15,6.287535065855045e-07,0.006287535065855045
3,1000,100,10,100,100,100,56.29734035232908,562.9734035232909,9.86960440108936e-10,2.9496295619977476e-13,0.10832211469579206,96.08186737021484,8.250783245898084e-06,1.7874845781844516e-06,1.7874845781845833e-06,7.374073904993283e-12,7.374073904993282e-14,99.99999999998526,7.374073904992195e-12,-1.285116251755755e-14,3.018500886734558e-12,3.0849733853998716e-23,2.8479626658541517e-19,0.1653067078944932,6.577424549995895e-09,6.287535065855045e-07,6.287535065855045e-05
3,3000,100,10,100,100,100,56.29734035232908,562.9734035232909,3.6554090374405037e-11,4.046131086416664e-16,0.10832211469577611,96.08186737022191,3.0558456466293695e-07,6.620313252535494e-08,6.620313252535494e-08,1.0115327716041656e-14,1.011532771604166e-16,99.99999999999997,1.0115327716041654e-14,4.095526999160349e-15,1.1179632913832522e-13,3.0849733853998716e-23,2.847962665854571e-19,0.1653067078944932,2.436083166665146e-10,6.287535065855045e-07,0.00018862605197565136
3,10000,100,10,100,100,100,56.29734035232908,562.9734035232909,9.869604401089358e-13,2.949629561997747e-19,0.10832211469577609,96.08186737022191,8.250783245899299e-09,1.787484578184583e-09,1.787484578184583e-09,7.374073904994368e-18,7.374073904994368e-20,100.0,7.374073904994368e-18,-7.374073904994368e-18,3.0185008867347807e-15,3.0849733853998716e-23,2.8479626658545716e-19,0.1653067078944932,6.577424549995894e-12,6.287535065855045e-07,0.0006287535065855046
3,30000,100,10,100,100,100,56.29734035232908,562.9734035232909,3.655409037440503e-14,4.046131086416663e-22,0.10832211469577609,96.08186737022191,3.05584564662937e-10,6.620313252535493e-11,6.620313252535493e-11,1.0115327716041657e-20,1.0115327716041657e-22,100.0,1.0115327716041657e-20,-1.0115327716041657e-20,1.117963291383252e-16,3.0849733853998716e-23,2.8479626658545716e-19,0.1653067078944932,2.436083166665146e-13,6.287535065855045e-07,0.0018862605197565137
3,100000,100,10,100,100,100,56.29734035232908,562.9734035232909,9.869604401089359e-16,2.9496295619977475e-25,0.10832211469577609,96.08186737022191,8.2507832458993e-12,1.7874845781845831e-12,1.7874845781845831e-12,7.37407390499437e-24,7.374073904994369e-26,100.0,7.37407390499437e-24,-7.37407390499437e-24,3.018500886734781e-18,3.0849733853998716e-23,2.8479626658545716e-19,0.1653067078944932,6.577424549995894e-15,6.287535065855045e-07,0.006287535065855045
3,1000,100,30,1,0.5,0.5,0.8444601052849363,0.028148670176164545,8.882643960980423e-13,1.9909999543484802e-22,0.21664422939155217,3.922525809846872,1.5157656698068225e-10,6.56763770946938e-11,6.56763770946938e-11,4.9774998858712e-21,4.9774998858712006e-23,100.0,4.9774998858712e-21,-4.9774998858712e-21,1.1090680440958157e-12,2.4988284421738954e-21,3.8447495989036715e-20,0.0012363004682238745,5.919682094996306e-12,1.8862605197565136e-06,6.287535065855045e-05
3,3000,100,30,1,0.5,0.5,0.8444601052849363,0.028148670176164545,3.289868133696453e-14,2.7311384833312483e-25,0.21664422939155217,3.922525809846872,5.613946925210454e-12,2.432458410914585e-12,2.432458410914585e-12,6.827846208328119e-24,6.827846208328121e-26,100.0,6.827846208328119e-24,-6.827846208328119e-24,4.107659422577096e-14,2.4988284421738954e-21,3.8447495989036715e-20,0.0012363004682238745,2.1924748499986315e-13,1.8862605197565136e-06,0.00018862605197565136
3,10000,100,30,1,0.5,0.5,0.8444601052849363,0.028148670176164545,8.882643960980423e-16,1.9909999543484793e-28,0.21664422939155217,3.922525809846872,1.5157656698068224e-13,6.567637709469378e-14,6.567637709469378e-14,4.977499885871198e-27,4.9774998858711983e-29,100.0,4.977499885871198e-27,-4.977499885871198e-27,1.109068044095816e-15,2.4988284421738954e-21,3.8447495989036715e-20,0.0012363004682238745,5.9196820949963046e-15,1.8862605197565136e-06,0.0006287535065855046
3,30000,100,30,1,0.5,0.5,0.8444601052849363,0.028148670176164545,3.289868133696453e-17,2.7311384833312483e-31,0.21664422939155217,3.922525809846872,5.613946925210453e-15,2.4324584109145848e-15,2.4324584109145848e-15,6.82784620832812e-30,6.827846208328121e-32,100.0,6.82784620832812e-30,-6.82784620832812e-30,4.107659422577095e-17,2.4988284421738954e-21,3.8447495989036715e-20,0.0012363004682238745,2.1924748499986315e-16,1.8862605197565136e-06,0.0018862605197565137
3,100000,100,30,1,0.5,0.5,0.8444601052849363,0.028148670176164545,8.882643960980423e-19,1.99099995434848e-34,0.21664422939155217,3.922525809846872,1.5157656698068223e-16,6.567637709469378e-17,6.567637709469378e-17,4.9774998858711985e-33,4.9774998858712e-35,100.0,4.9774998858711985e-33,-4.9774998858711985e-33,1.1090680440958158e-18,2.4988284421738954e-21,3.8447495989036715e-20,0.0012363004682238745,5.919682094996305e-18,1.8862605197565136e-06,0.006287535065855045
3,1000,100,30,1,2.5,2.5,4.222300526424681,0.1407433508808227,8.882643960980423e-13,4.9774998858712e-21,0.043328845878310436,8.77103435431502,1.694677537824278e-09,1.4685684369964548e-10,1.4685684369964548e-10,1.2443749714678002e-19,1.2443749714678e-21,100.00000000000001,1.2443749714678002e-19,-1.421097915269915e-14,2.4799515382709786e-12,2.4988284421738954e-21,1.922374799451836e-19,0.005741577893139802,5.919682094996306e-12,1.8862605197565136e-06,6.287535065855045e-05
3,3000,100,30,1,2.5,2.5,4.222300526424681,0.1407433508808227,3.289868133696453e-14,6.82784620832812e-24,0.043328845878310436,8.77103435431502,6.276583473423252e-11,5.439142359246128e-12,5.439142359246128e-12,1.7069615520820304e-22,1.70696155208203e-24,100.00000000000001,1.7069615520820304e-22,-1.421085488589816e-14,9.185005697299921e-14,2.4988284421738954e-21,1.922374799451836e-19,0.005741577893139802,2.1924748499986315e-13,1.8862605197565136e-06,0.00018862605197565136
3,10000,100,30,1,2.5,2.5,4.222300526424681,0.1407433508808227,8.882643960980423e-16,4.977499885871198e-27,0.043328845878310436,8.77103435431502,1.6946775378242776e-12,1.4685684369964544e-13,1.4685684369964544e-13,1.2443749714677999e-25,1.2443749714677996e-27,100.00000000000001,1.2443749714677999e-25,-1.4210854715326442e-14,2.4799515382709787e-15,2.4988284421738954e-21,1.922374799451836e-19,0.005741577893139802,5.9196820949963046e-15,1.8862605197565136e-06,0.0006287535065855046
3,30000,100,30,1,2.5,2.5,4.222300526424681,0.1407433508808227,3.289868133696453e-17,6.82784620832812e-30,0.043328845878310436,8.77103435431502,6.276583473423251e-14,5.439142359246128e-15,5.439142359246128e-15,1.7069615520820302e-28,1.70696155208203e-30,100.00000000000001,1.7069615520820302e-28,-1.4210854715202174e-14,9.18500569729992e-17,2.4988284421738954e-21,1.922374799451836e-19,0.005741577893139802,2.1924748499986315e-16,1.8862605197565136e-06,0.0018862605197565137
3,100000,100,30,1,2.5,2.5,4.222300526424681,0.1407433508808227,8.882643960980423e-19,4.977499885871199e-33,0.043328845878310436,8.77103435431502,1.6946775378242777e-15,1.4685684369964544e-16,1.4685684369964544e-16,1.2443749714677998e-31,1.2443749714677998e-33,100.00000000000001,1.2443749714677998e-31,-1.4210854715202004e-14,2.4799515382709787e-18,2.4988284421738954e-21,1.922374799451836e-19,0.005741577893139802,5.919682094996305e-18,1.8862605197565136e-06,0.006287535065855045
3,1000,100,30,1,10,10,16.889202105698725,0.5629734035232908,8.882643960980423e-13,7.96399981739392e-20,0.010832211469577609,17.54206870863004,1.3557420302594224e-08,2.9371368739929097e-10,2.9371368739929097e-10,1.9909999543484804e-18,1.99099995434848e-20,100.00000000000001,1.9909999543484804e-18,-1.4212845715156352e-14,4.959903076541957e-12,2.4988284421738954e-21,7.689499197807344e-19,0.021450590396013776,5.919682094996306e-12,1.8862605197565136e-06,6.287535065855045e-05
3,3000,100,30,1,10,10,16.889202105698725,0.5629734035232908,3.289868133696453e-14,1.0924553933324993e-22,0.010832211469577609,17.54206870863004,5.021266778738601e-10,1.0878284718492257e-11,1.0878284718492257e-11,2.7311384833312486e-21,2.731138483331248e-23,100.00000000000001,2.7311384833312486e-21,-1.4210857446340486e-14,1.8370011394599843e-13,2.4988284421738954e-21,7.689499197807344e-19,0.021450590396013776,2.1924748499986315e-13,1.8862605197565136e-06,0.00018862605197565136
3,10000,100,30,1,10,10,16.889202105698725,0.5629734035232908,8.882643960980423e-16,7.963999817393917e-26,0.010832211469577609,17.54206870863004,1.3557420302594221e-11,2.937136873992909e-13,2.937136873992909e-13,1.9909999543484798e-24,1.9909999543484793e-26,100.00000000000001,1.9909999543484798e-24,-1.4210854717193003e-14,4.9599030765419575e-15,2.4988284421738954e-21,7.689499197807344e-19,0.021450590396013776,5.9196820949963046e-15,1.8862605197565136e-06,0.0006287535065855046
3,30000,100,30,1,10,10,16.889202105698725,0.5629734035232908,3.289868133696453e-17,1.0924553933324992e-28,0.010832211469577609,17.54206870863004,5.021266778738601e-13,1.0878284718492256e-14,1.0878284718492256e-14,2.7311384833312483e-27,2.731138483331248e-29,100.00000000000001,2.7311384833312483e-27,-1.4210854715204736e-14,1.837001139459984e-16,2.4988284421738954e-21,7.689499197807344e-19,0.021450590396013776,2.1924748499986315e-16,1.8862605197565136e-06,0.0018862605197565137
3,100000,100,30,1,10,10,16.889202105698725,0.5629734035232908,8.882643960980423e-19,7.963999817393919e-32,0.010832211469577609,17.54206870863004,1.3557420302594221e-14,2.937136873992909e-16,2.937136873992909e-16,1.9909999543484796e-30,1.9909999543484797e-32,100.00000000000001,1.9909999543484796e-30,-1.4210854715202007e-14,4.959903076541957e-18,2.4988284421738954e-21,7.689499197807344e-19,0.021450590396013776,5.919682094996305e-18,1.8862605197565136e-06,0.006287535065855045
3,1000,100,30,1,50,50,84.44601052849363,2.814867017616454,8.882643960980423e-13,1.9909999543484804e-18,0.002166442293915522,39.22525809846872,1.5157656698068225e-07,6.567637709469379e-10,6.567637709469379e-10,4.9774998858712e-17,4.977499885871201e-19,100.0,4.9774998858712e-17,-4.9774998858712e-17,1.1090680440958157e-11,2.4988284421738954e-21,3.8447495989036715e-18,0.09845446302047747,5.919682094996306e-12,1.8862605197565136e-06,6.287535065855045e-05
3,3000,100,30,1,50,50,84.44601052849363,2.814867017616454,3.289868133696453e-14,2.7311384833312483e-21,0.002166442293915522,39.22525809846872,5.613946925210454e-09,2.4324584109145848e-11,2.4324584109145848e-11,6.82784620832812e-20,6.827846208328121e-22,100.0,6.82784620832812e-20,-6.82784620832812e-20,4.107659422577096e-13,2.4988284421738954e-21,3.8447495989036715e-18,0.09845446302047747,2.1924748499986315e-13,1.8862605197565136e-06,0.00018862605197565136
3,10000,100,30,1,50,50,84.44601052849363,2.814867017616454,8.882643960980423e-16,1.9909999543484794e-24,0.002166442293915522,39.22525809846872,1.515765669806822e-10,6.567637709469379e-13,6.567637709469379e-13,4.9774998858711976e-23,4.9774998858711985e-25,100.0,4.9774998858711976e-23,-4.9774998858711976e-23,1.1090680440958159e-14,2.4988284421738954e-21,3.8447495989036715e-18,0.09845446302047747,5.9196820949963046e-15,1.8862605197565136e-06,0.0006287535065855046
3,30000,100,30,1,50,50,84.44601052849363,2.814867017616454,3.289868133696453e-17,2.731138483331248e-27,0.002166442293915522,39.22525809846872,5.613946925210453e-12,2.4324584109145847e-14,2.4324584109145847e-14,6.827846208328119e-26,6.82784620832812e-28,100.0,6.827846208328119e-26,-6.827846208328119e-26,4.107659422577095e-16,2.4988284421738954e-21,3.8447495989036715e-18,0.09845446302047747,2.1924748499986315e-16,1.8862605197565136e-06,0.0018862605197565137
3,100000,100,30,1,50,50,84.44601052849363,2.814867017616454,8.882643960980423e-19,1.9909999543484796e-30,0.002166442293915522,39.22525809846872,1.5157656698068224e-13,6.567637709469378e-16,6.567637709469378e-16,4.977499885871199e-29,4.977499885871199e-31,100.0,4.977499885871199e-29,-4.977499885871199e-29,1.1090680440958159e-17,2.4988284421738954e-21,3.8447495989036715e-18,0.09845446302047747,5.919682094996305e-18,1.8862605197565136e-06,0.006287535065855045
3,1000,100,30,1,100,100,168.89202105698726,5.629734035232908,8.882643960980423e-13,7.963999817393922e-18,0.001083221146957761,55.47289199043955,4.287232735240694e-07,9.288042321484566e-10,9.288042321484566e-10,1.99099995434848e-16,1.9909999543484804e-18,100.0,1.99099995434848e-16,-1.99099995434848e-16,1.5684590695549046e-11,2.4988284421738954e-21,7.689499197807343e-18,0.1893303201582278,5.919682094996306e-12,1.8862605197565136e-06,6.287535065855045e-05
3,3000,100,30,1,100,100,168.89202105698726,5.629734035232908,3.289868133696453e-14,1.0924553933324993e-20,0.001083221146957761,55.47289199043955,1.5878639760150717e-08,3.4400156746239133e-11,3.4400156746239133e-11,2.731138483331248e-19,2.7311384833312483e-21,100.0,2.731138483331248e-19,-2.731138483331248e-19,5.809107665018166e-13,2.4988284421738954e-21,7.689499197807343e-18,0.1893303201582278,2.1924748499986315e-13,1.8862605197565136e-06,0.00018862605197565136
3,10000,100,30,1,100,100,168.89202105698726,5.629734035232908,8.882643960980423e-16,7.963999817393918e-24,0.001083221146957761,55.47289199043955,4.287232735240693e-10,9.288042321484563e-13,9.288042321484563e-13,1.990999954348479e-22,1.9909999543484794e-24,100.0,1.990999954348479e-22,-1.990999954348479e-22,1.5684590695549047e-14,2.4988284421738954e-21,7.689499197807343e-18,0.1893303201582278,5.9196820949963046e-15,1.8862605197565136e-06,0.0006287535065855046
3,30000,100,30,1,100,100,168.89202105698726,5.629734035232908,3.289868133696453e-17,1.0924553933324992e-26,0.001083221146957761,55.47289199043955,1.5878639760150717e-11,3.440015674623913e-14,3.440015674623913e-14,2.7311384833312474e-25,2.731138483331248e-27,100.0,2.7311384833312474e-25,-2.7311384833312474e-25,5.809107665018165e-16,2.4988284421738954e-21,7.689499197807343e-18,0.1893303201582278,2.1924748499986315e-16,1.8862605197565136e-06,0.0018862605197565137
3,100000,100,30,1,100,100,168.89202105698726,5.629734035232908,8.882643960980423e-19,7.963999817393919e-30,0.001083221146957761,55.47289199043955,4.287232735240693e-13,9.288042321484564e-16,9.288042321484564e-16,1.9909999543484795e-28,1.9909999543484796e-30,100.0,1.9909999543484795e-28,-1.9909999543484795e-28,1.5684590695549047e-17,2.4988284421738954e-21,7.689499197807343e-18,0.1893303201582278,5.919682094996305e-18,1.8862605197565136e-06,0.006287535065855045
3,1000,100,30,10,0.5,0.5,0.8444601052849363,0.2814867017616454,8.882643960980424e-11,1.99099995434848e-19,2.1664422939155217,3.922525809846872,1.5157656698068225e-09,6.567637709469379e-09,6.567637709469379e-09,4.9774998858711995e-18,4.9774998858712e-20,100.0,4.9774998858711995e-18,-4.9774998858711995e-18,1.1090680440958157e-12,2.4988284421738954e-21,3.8447495989036715e-20,0.0012363004682238745,5.919682094996306e-10,1.8862605197565136e-06,6.287535065855045e-05
3,3000,100,30,10,0.5,0.5,0.8444601052849363,0.2814867017616454,3.2898681336964532e-12,2.7311384833312483e-22,2.1664422939155217,3.922525809846872,5.6139469252104537e-11,2.432458410914585e-10,2.432458410914585e-10,6.82784620832812e-21,6.827846208328121e-23,100.0,6.82784620832812e-21,-6.82784620832812e-21,4.107659422577096e-14,2.4988284421738954e-21,3.8447495989036715e-20,0.0012363004682238745,2.1924748499986317e-11,1.8862605197565136e-06,0.00018862605197565136
3,10000,100,30,10,0.5,0.5,0.8444601052849363,0.2814867017616454,8.882643960980424e-14,1.9909999543484797e-25,2.1664422939155217,3.922525809846872,1.5157656698068224e-12,6.567637709469379e-12,6.567637709469379e-12,4.977499885871199e-24,4.977499885871199e-26,100.0,4.977499885871199e-24,-4.977499885871199e-24,1.109068044095816e-15,2.4988284421738954e-21,3.8447495989036715e-20,0.0012363004682238745,5.919682094996306e-13,1.8862605197565136e-06,0.0006287535065855046
3,30000,100,30,10,0.5,0.5,0.8444601052849363,0.2814867017616454,3.2898681336964534e-15,2.7311384833312486e-28,2.1664422939155217,3.922525809846872,5.6139469252104536e-14,2.432458410914585e-13,2.432458410914585e-13,6.82784620832812e-27,6.827846208328121e-29,100.0,6.82784620832812e-27,-6.82784620832812e-27,4.107659422577095e-17,2.4988284421738954e-21,3.8447495989036715e-20,0.0012363004682238745,2.1924748499986318e-14,1.8862605197565136e-06,0.0018862605197565137
3,100000,100,30,10,0.5,0.5,0.8444601052849363,0.2814867017616454,8.882643960980424e-17,1.9909999543484803e-31,2.1664422939155217,3.922525809846872,1.5157656698068227e-15,6.56763770946938e-15,6.56763770946938e-15,4.977499885871201e-30,4.977499885871201e-32,100.0,4.977499885871201e-30,-4.977499885871201e-30,1.1090680440958158e-18,2.4988284421738954e-21,3.8447495989036715e-20,0.0012363004682238745,5.919682094996306e-16,1.8862605197565136e-06,0.006287535065855045
3,1000,100,30,10,2.5,2.5,4.222300526424681,1.407433508808227,8.882643960980424e-11,4.9774998858712e-18,0.43328845878310435,8.77103435431502,1.694677537824278e-08,1.4685684369964546e-08,1.4685684369964546e-08,1.2443749714678002e-16,1.2443749714678e-18,100.00000000000001,1.2443749714678002e-16,-1.4335292212348785e-14,2.4799515382709786e-12,2.4988284421738954e-21,1.922374799451836e-19,0.005741577893139802,5.919682094996306e-10,1.8862605197565136e-06,6.287535065855045e-05
3,3000,100,30,10,2.5,2.5,4.222300526424681,1.407433508808227,3.2898681336964532e-12,6.827846208328121e-21,0.43328845878310435,8.77103435431502,6.276583473423252e-10,5.439142359246129e-10,5.439142359246129e-10,1.7069615520820306e-19,1.7069615520820304e-21,100.00000000000001,1.7069615520820306e-19,-1.4211025411357213e-14,9.185005697299921e-14,2.4988284421738954e-21,1.922374799451836e-19,0.005741577893139802,2.1924748499986317e-11,1.8862605197565136e-06,0.00018862605197565136
3,10000,100,30,10,2.5,2.5,4.222300526424681,1.407433508808227,8.882643960980424e-14,4.977499885871199e-24,0.43328845878310435,8.77103435431502,1.6946775378242778e-11,1.4685684369964545e-11,1.4685684369964545e-11,1.2443749714678e-22,1.2443749714677998e-24,100.00000000000001,1.2443749714678e-22,-1.42108548396395e-14,2.4799515382709787e-15,2.4988284421738954e-21,1.922374799451836e-19,0.005741577893139802,5.919682094996306e-13,1.8862605197565136e-06,0.0006287535065855046
3,30000,100,30,10,2.5,2.5,4.222300526424681,1.407433508808227,3.2898681336964534e-15,6.827846208328122e-27,0.43328845878310435,8.77103435431502,6.276583473423252e-13,5.439142359246129e-13,5.439142359246129e-13,1.7069615520820305e-25,1.7069615520820304e-27,100.00000000000001,1.7069615520820305e-25,-1.42108547153727e-14,9.18500569729992e-17,2.4988284421738954e-21,1.922374799451836e-19,0.005741577893139802,2.1924748499986318e-14,1.8862605197565136e-06,0.0018862605197565137
3,100000,100,30,10,2.5,2.5,4.222300526424681,1.407433508808227,8.882643960980424e-17,4.977499885871201e-30,0.43328845878310435,8.77103435431502,1.694677537824278e-14,1.468568436996455e-14,1.468568436996455e-14,1.2443749714678004e-28,1.2443749714678002e-30,100.00000000000001,1.2443749714678004e-28,-1.4210854715202127e-14,2.4799515382709787e-18,2.4988284421738954e-21,1.922374799451836e-19,0.005741577893139802,5.919682094996306e-16,1.8862605197565136e-06,0.006287535065855045
3,1000,100,30,10,10,10,16.889202105698725,5.629734035232908,8.882643960980424e-11,7.96399981739392e-17,0.10832211469577609,17.54206870863004,1.3557420302594225e-07,2.9371368739929092e-08,2.9371368739929092e-08,1.9909999543484804e-15,1.99099995434848e-17,100.00000000000001,1.9909999543484804e-15,-1.6201854669550484e-14,4.959903076541957e-12,2.4988284421738954e-21,7.689499197807344e-19,0.021450590396013776,5.919682094996306e-10,1.8862605197565136e-06,6.287535065855045e-05
3,3000,100,30,10,10,10,16.889202105698725,5.629734035232908,3.2898681336964532e-12,1.0924553933324994e-19,0.10832211469577609,17.54206870863004,5.021266778738602e-09,1.0878284718492257e-09,1.0878284718492257e-09,2.731138483331249e-18,2.7311384833312486e-20,100.00000000000001,2.731138483331249e-18,-1.4213585853685334e-14,1.8370011394599843e-13,2.4988284421738954e-21,7.689499197807344e-19,0.021450590396013776,2.1924748499986317e-11,1.8862605197565136e-06,0.00018862605197565136
3,10000,100,30,10,10,10,16.889202105698725,5.629734035232908,8.882643960980424e-14,7.963999817393919e-23,0.10832211469577609,17.54206870863004,1.3557420302594223e-10,2.937136873992909e-11,2.937136873992909e-11,1.99099995434848e-21,1.9909999543484797e-23,100.00000000000001,1.99099995434848e-21,-1.421085670620196e-14,4.9599030765419575e-15,2.4988284421738954e-21,7.689499197807344e-19,0.021450590396013776,5.919682094996306e-13,1.8862605197565136e-06,0.0006287535065855046
3,30000,100,30,10,10,10,16.889202105698725,5.629734035232908,3.2898681336964534e-15,1.0924553933324995e-25,0.10832211469577609,17.54206870863004,5.021266778738601e-12,1.0878284718492258e-12,1.0878284718492258e-12,2.7311384833312488e-24,2.7311384833312487e-26,100.00000000000001,2.7311384833312488e-24,-1.421085471793314e-14,1.837001139459984e-16,2.4988284421738954e-21,7.689499197807344e-19,0.021450590396013776,2.1924748499986318e-14,1.8862605197565136e-06,0.0018862605197565137
3,100000,100,30,10,10,10,16.889202105698725,5.629734035232908,8.882643960980424e-17,7.963999817393921e-29,0.10832211469577609,17.54206870863004,1.3557420302594224e-13,2.93713687399291e-14,2.93713687399291e-14,1.9909999543484806e-27,1.9909999543484803e-29,100.00000000000001,1.9909999543484806e-27,-1.4210854715203995e-14,4.959903076541957e-18,2.4988284421738954e-21,7.689499197807344e-19,0.021450590396013776,5.919682094996306e-16,1.8862605197565136e-06,0.006287535065855045
3,1000,100,30,10,50,50,84.44601052849363,28.14867017616454,8.882643960980424e-11,1.99099995434848e-15,0.02166442293915524,39.22525809846871,1.515765669806821e-06,6.567637709469377e-08,6.567637709469379e-08,4.9774998858711946e-14,4.977499885871196e-16,99.9999999999999,4.9774998858711896e-14,-7.142434713105885e-15,1.1090680440958156e-11,2.4988284421738954e-21,3.844749598903668e-18,0.09845446302047747,5.919682094996306e-10,1.8862605197565136e-06,6.287535065855045e-05
3,3000,100,30,10,50,50,84.44601052849363,28.14867017616454,3.2898681336964532e-12,2.7311384833312483e-18,0.021664422939155218,39.22525809846872,5.613946925210454e-08,2.4324584109145853e-09,2.4324584109145853e-09,6.827846208328121e-17,6.827846208328121e-19,100.0,6.827846208328121e-17,-6.827846208328121e-17,4.107659422577096e-13,2.4988284421738954e-21,3.8447495989036715e-18,0.09845446302047747,2.1924748499986317e-11,1.8862605197565136e-06,0.00018862605197565136
3,10000,100,30,10,50,50,84.44601052849363,28.14867017616454,8.882643960980424e-14,1.9909999543484796e-21,0.021664422939155218,39.22525809846872,1.5157656698068225e-09,6.56763770946938e-11,6.56763770946938e-11,4.9774998858712e-20,4.977499885871199e-22,100.0,4.9774998858712e-20,-4.9774998858712e-20,1.1090680440958159e-14,2.4988284421738954e-21,3.8447495989036715e-18,0.09845446302047747,5.919682094996306e-13,1.8862605197565136e-06,0.0006287535065855046
3,30000,100,30,10,50,50,84.44601052849363,28.14867017616454,3.2898681336964534e-15,2.7311384833312484e-24,0.021664422939155218,39.22525809846872,5.613946925210454e-11,2.432458410914585e-12,2.432458410914585e-12,6.827846208328122e-23,6.827846208328121e-25,100.0,6.827846208328122e-23,-6.827846208328122e-23,4.107659422577095e-16,2.4988284421738954e-21,3.8447495989036715e-18,0.09845446302047747,2.1924748499986318e-14,1.8862605197565136e-06,0.0018862605197565137
3,100000,100,30,10,50,50,84.44601052849363,28.14867017616454,8.882643960980424e-17,1.9909999543484802e-27,0.021664422939155218,39.22525809846872,1.5157656698068226e-12,6.56763770946938e-14,6.56763770946938e-14,4.977499885871201e-26,4.9774998858712005e-28,100.0,4.977499885871201e-26,-4.977499885871201e-26,1.1090680440958159e-17,2.4988284421738954e-21,3.8447495989036715e-18,0.09845446302047747,5.919682094996306e-16,1.8862605197565136e-06,0.006287535065855045
3,1000,100,30,10,100,100,168.89202105698726,56.29734035232908,8.882643960980424e-11,7.96399981739392e-15,0.010832211469577652,55.472891990439436,4.287232735240676e-06,9.288042321484547e-08,9.288042321484565e-08,1.9909999543484713e-13,1.990999954348472e-15,99.99999999999959,1.9909999543484635e-13,1.406282529318371e-14,1.5684590695549014e-11,2.4988284421738954e-21,7.68949919780731e-18,0.1893303201582278,5.919682094996306e-10,1.8862605197565136e-06,6.287535065855045e-05
3,3000,100,30,10,100,100,168.89202105698726,56.29734035232908,3.2898681336964532e-12,1.0924553933324993e-17,0.010832211469577609,55.47289199043955,1.587863976015072e-07,3.4400156746239134e-09,3.4400156746239134e-09,2.7311384833312484e-16,2.7311384833312483e-18,100.0,2.7311384833312484e-16,-2.7311384833312484e-16,5.809107665018166e-13,2.4988284421738954e-21,7.689499197807343e-18,0.1893303201582278,2.1924748499986317e-11,1.8862605197565136e-06,0.00018862605197565136
3,10000,100,30,10,100,100,168.89202105698726,56.29734035232908,8.882643960980424e-14,7.963999817393918e-21,0.010832211469577609,55.47289199043955,4.287232735240694e-09,9.288042321484565e-11,9.288042321484565e-11,1.99099995434848e-19,1.9909999543484796e-21,100.0,1.99099995434848e-19,-1.99099995434848e-19,1.5684590695549047e-14,2.4988284421738954e-21,7.689499197807343e-18,0.1893303201582278,5.919682094996306e-13,1.8862605197565136e-06,0.0006287535065855046
3,30000,100,30,10,100,100,168.89202105698726,56.29734035232908,3.2898681336964534e-15,1.0924553933324994e-23,0.010832211469577609,55.47289199043955,1.587863976015072e-10,3.4400156746239136e-12,3.4400156746239136e-12,2.7311384833312487e-22,2.7311384833312484e-24,100.0,2.7311384833312487e-22,-2.7311384833312487e-22,5.809107665018165e-16,2.4988284421738954e-21,7.689499197807343e-18,0.1893303201582278,2.1924748499986318e-14,1.8862605197565136e-06,0.0018862605197565137
3,100000,100,30,10,100,100,168.89202105698726,56.29734035232908,8.882643960980424e-17,7.963999817393921e-27,0.010832211469577609,55.47289199043955,4.287232735240695e-12,9.288042321484566e-14,9.288042321484566e-14,1.9909999543484804e-25,1.9909999543484802e-27,100.0,1.9909999543484804e-25,-1.9909999543484804e-25,1.5684590695549047e-17,2.4988284421738954e-21,7.689499197807343e-18,0.1893303201582278,5.919682094996306e-16,1.8862605197565136e-06,0.006287535065855045
3,1000,100,30,100,0.5,0.5,0.8444601052849363,2.814867017616455,8.882643960980425e-09,1.9909999543484803e-16,21.664422939155216,3.922525809846872,1.5157656698068226e-08,6.567637709469379e-07,6.567637709469379e-07,4.977499885871199e-15,4.977499885871201e-17,99.99999999999999,4.977499885871199e-15,9.233354829330805e-15,1.1090680440958157e-12,2.4988284421738954e-21,3.844749598903671e-20,0.0012363004682238745,5.9196820949963054e-08,1.8862605197565136e-06,6.287535065855045e-05
3,3000,100,30,100,0.5,0.5,0.8444601052849363,2.814867017616455,3.289868133696453e-10,2.731138483331248e-19,21.664422939155216,3.922525809846872,5.613946925210454e-10,2.4324584109145847e-08,2.4324584109145847e-08,6.82784620832812e-18,6.82784620832812e-20,100.0,6.82784620832812e-18,-6.82784620832812e-18,4.107659422577096e-14,2.4988284421738954e-21,3.8447495989036715e-20,0.0012363004682238745,2.1924748499986317e-09,1.8862605197565136e-06,0.00018862605197565136
3,10000,100,30,100,0.5,0.5,0.8444601052849363,2.814867017616455,8.882643960980424e-12,1.99099995434848e-22,21.664422939155216,3.922525809846872,1.5157656698068227e-11,6.567637709469379e-10,6.567637709469379e-10,4.9774998858712e-21,4.9774998858712e-23,100.0,4.9774998858712e-21,-4.9774998858712e-21,1.109068044095816e-15,2.4988284421738954e-21,3.8447495989036715e-20,0.0012363004682238745,5.919682094996305e-11,1.8862605197565136e-06,0.0006287535065855046
3,30000,100,30,100,0.5,0.5,0.8444601052849363,2.814867017616455,3.2898681336964533e-13,2.7311384833312483e-25,21.664422939155216,3.922525809846872,5.613946925210455e-13,2.432458410914585e-11,2.432458410914585e-11,6.827846208328122e-24,6.827846208328121e-26,100.0,6.827846208328122e-24,-6.827846208328122e-24,4.107659422577095e-17,2.4988284421738954e-21,3.8447495989036715e-20,0.0012363004682238745,2.192474849998632e-12,1.8862605197565136e-06,0.0018862605197565137
3,100000,100,30,100,0.5,0.5,0.8444601052849363,2.814867017616455,8.882643960980424e-15,1.99099995434848e-28,21.664422939155216,3.922525809846872,1.5157656698068226e-14,6.56763770946938e-13,6.56763770946938e-13,4.9774998858711996e-27,4.9774998858712e-29,100.0,4.9774998858711996e-27,-4.9774998858711996e-27,1.1090680440958158e-18,2.4988284421738954e-21,3.8447495989036715e-20,0.0012363004682238745,5.919682094996306e-14,1.8862605197565136e-06,0.006287535065855045
3,1000,100,30,100,2.5,2.5,4.222300526424681,14.074335088082274,8.882643960980425e-09,4.977499885871201e-15,4.332884587831054,8.77103435431501,1.6946775378242739e-07,1.468568436996453e-06,1.4685684369964547e-06,1.2443749714677971e-13,1.2443749714677968e-15,99.99999999999974,1.244374971467794e-13,3.4601952900386224e-15,2.4799515382709754e-12,2.4988284421738954e-21,1.922374799451831e-19,0.005741577893139802,5.9196820949963054e-08,1.8862605197565136e-06,6.287535065855045e-05
3,3000,100,30,100,2.5,2.5,4.222300526424681,14.074335088082274,3.289868133696453e-10,6.82784620832812e-18,4.332884587831043,8.77103435431502,6.276583473423251e-09,5.4391423592461284e-08,5.4391423592461284e-08,1.7069615520820302e-16,1.70696155208203e-18,100.00000000000001,1.7069615520820302e-16,-1.4381550870410206e-14,9.185005697299921e-14,2.4988284421738954e-21,1.922374799451836e-19,0.005741577893139802,2.1924748499986317e-09,1.8862605197565136e-06,0.00018862605197565136
3,10000,100,30,100,2.5,2.5,4.222300526424681,14.074335088082274,8.882643960980424e-12,4.9774998858712e-21,4.332884587831043,8.77103435431502,1.694677537824278e-10,1.4685684369964548e-09,1.4685684369964548e-09,1.2443749714678e-19,1.2443749714678e-21,100.00000000000001,1.2443749714678e-19,-1.421097915269915e-14,2.4799515382709787e-15,2.4988284421738954e-21,1.922374799451836e-19,0.005741577893139802,5.919682094996305e-11,1.8862605197565136e-06,0.0006287535065855046
3,30000,100,30,100,2.5,2.5,4.222300526424681,14.074335088082274,3.2898681336964533e-13,6.827846208328122e-24,4.332884587831043,8.77103435431502,6.276583473423252e-12,5.439142359246129e-11,5.439142359246129e-11,1.7069615520820304e-22,1.7069615520820305e-24,100.00000000000001,1.7069615520820304e-22,-1.421085488589816e-14,9.18500569729992e-17,2.4988284421738954e-21,1.922374799451836e-19,0.005741577893139802,2.192474849998632e-12,1.8862605197565136e-06,0.0018862605197565137
3,100000,100,30,100,2.5,2.5,4.222300526424681,14.074335088082274,8.882643960980424e-15,4.9774998858712e-27,4.332884587831043,8.77103435431502,1.694677537824278e-13,1.4685684369964546e-12,1.4685684369964546e-12,1.2443749714678003e-25,1.2443749714678e-27,100.00000000000001,1.2443749714678003e-25,-1.4210854715326442e-14,2.4799515382709787e-18,2.4988284421738954e-21,1.922374799451836e-19,0.005741577893139802,5.919682094996306e-14,1.8862605197565136e-06,0.006287535065855045
3,1000,100,30,100,10,10,16.889202105698725,56.297340352329094,8.882643960980425e-09,7.963999817393921e-14,1.083221146957804,17.542068708629692,1.3557420302593685e-06,2.9371368739928514e-06,2.9371368739929094e-06,1.990999954348401e-12,1.9909999543484008e-14,99.99999999999602,1.9909999543483215e-12,-1.4802942200410187e-15,4.959903076541859e-12,2.4988284421738954e-21,7.689499197807037e-19,0.021450590396013776,5.9196820949963054e-08,1.8862605197565136e-06,6.287535065855045e-05
3,3000,100,30,100,10,10,16.889202105698725,56.297340352329094,3.289868133696453e-10,1.0924553933324992e-16,1.0832211469577608,17.54206870863004,5.021266778738601e-08,1.0878284718492257e-07,1.0878284718492257e-07,2.7311384833312483e-15,2.731138483331248e-17,100.00000000000001,2.7311384833312483e-15,-1.694199319853325e-14,1.8370011394599843e-13,2.4988284421738954e-21,7.689499197807344e-19,0.021450590396013776,2.1924748499986317e-09,1.8862605197565136e-06,0.00018862605197565136
3,10000,100,30,100,10,10,16.889202105698725,56.297340352329094,8.882643960980424e-12,7.96399981739392e-20,1.0832211469577608,17.54206870863004,1.3557420302594223e-09,2.9371368739929096e-09,2.9371368739929096e-09,1.99099995434848e-18,1.99099995434848e-20,100.00000000000001,1.99099995434848e-18,-1.4212845715156352e-14,4.9599030765419575e-15,2.4988284421738954e-21,7.689499197807344e-19,0.021450590396013776,5.919682094996305e-11,1.8862605197565136e-06,0.0006287535065855046
3,30000,100,30,100,10,10,16.889202105698725,56.297340352329094,3.2898681336964533e-13,1.0924553933324995e-22,1.0832211469577608,17.54206870863004,5.0212667787386015e-11,1.0878284718492258e-10,1.0878284718492258e-10,2.7311384833312486e-21,2.731138483331249e-23,100.00000000000001,2.7311384833312486e-21,-1.4210857446340486e-14,1.837001139459984e-16,2.4988284421738954e-21,7.689499197807344e-19,0.021450590396013776,2.192474849998632e-12,1.8862605197565136e-06,0.0018862605197565137
3,100000,100,30,100,10,10,16.889202105698725,56.297340352329094,8.882643960980424e-15,7.96399981739392e-26,1.0832211469577608,17.54206870863004,1.3557420302594223e-12,2.937136873992909e-12,2.937136873992909e-12,1.9909999543484805e-24,1.99099995434848e-26,100.00000000000001,1.9909999543484805e-24,-1.4210854717193003e-14,4.959903076541957e-18,2.4988284421738954e-21,7.689499197807344e-19,0.021450590396013776,5.919682094996306e-14,1.8862605197565136e-06,0.006287535065855045
3,1000,100,30,100,50,50,84.44601052849363,281.48670176164546,8.882643960980425e-09,1.9909999543484803e-12,0.21664422939176783,39.2252580984492,1.5157656698053137e-05,6.567637709466112e-06,6.56763770946938e-06,4.9774998858662457e-11,4.977499885866245e-13,99.99999999990045,4.977499885861291e-11,-8.585645975492861e-15,1.109068044095264e-11,2.4988284421738954e-21,3.844749598899844e-18,0.09845446302047747,5.9196820949963054e-08,1.8862605197565136e-06,6.287535065855045e-05
3,3000,100,30,100,50,50,84.44601052849363,281.48670176164546,3.289868133696453e-10,2.7311384833312483e-15,0.21664422939155245,39.2252580984687,5.613946925210446e-07,2.4324584109145834e-07,2.432458410914585e-07,6.82784620832811e-14,6.827846208328112e-16,99.99999999999987,6.827846208328102e-14,-1.1435043222473002e-14,4.1076594225770943e-13,2.4988284421738954e-21,3.844749598903666e-18,0.09845446302047747,2.1924748499986317e-09,1.8862605197565136e-06,0.00018862605197565136
3,10000,100,30,100,50,50,84.44601052849363,281.48670176164546,8.882643960980424e-12,1.99099995434848e-18,0.21664422939155217,39.22525809846872,1.5157656698068226e-08,6.567637709469379e-09,6.567637709469379e-09,4.9774998858711996e-17,4.9774998858712e-19,100.0,4.9774998858711996e-17,-4.9774998858711996e-17,1.1090680440958159e-14,2.4988284421738954e-21,3.8447495989036715e-18,0.09845446302047747,5.919682094996305e-11,1.8862605197565136e-06,0.0006287535065855046
3,30000,100,30,100,50,50,84.44601052849363,281.48670176164546,3.2898681336964533e-13,2.7311384833312486e-21,0.21664422939155217,39.22525809846872,5.613946925210455e-10,2.432458410914585e-10,2.432458410914585e-10,6.827846208328121e-20,6.827846208328122e-22,100.0,6.827846208328121e-20,-6.827846208328121e-20,4.107659422577095e-16,2.4988284421738954e-21,3.8447495989036715e-18,0.09845446302047747,2.192474849998632e-12,1.8862605197565136e-06,0.0018862605197565137
3,100000,100,30,100,50,50,84.44601052849363,281.48670176164546,8.882643960980424e-15,1.99099995434848e-24,0.21664422939155217,39.22525809846872,1.5157656698068227e-11,6.567637709469379e-12,6.567637709469379e-12,4.9774998858712006e-23,4.9774998858712e-25,100.0,4.9774998858712006e-23,-4.9774998858712006e-23,1.1090680440958159e-17,2.4988284421738954e-21,3.8447495989036715e-18,0.09845446302047747,5.919682094996306e-14,1.8862605197565136e-06,0.006287535065855045
3,1000,100,30,100,100,100,168.89202105698726,562.9734035232909,8.882643960980425e-09,7.963999817393921e-12,0.10832211469620742,55.4728919903291,4.2872327352236225e-05,9.288042321466074e-06,9.288042321484567e-06,1.9909999543405521e-10,1.9909999543405526e-12,99.9999999996018,1.9909999543326239e-10,8.289981432887642e-15,1.568459069551782e-11,2.4988284421738954e-21,7.689499197776724e-18,0.1893303201582278,5.9196820949963054e-08,1.8862605197565136e-06,6.287535065855045e-05
3,3000,100,30,100,100,100,168.89202105698726,562.9734035232909,3.289868133696453e-10,1.0924553933324993e-14,0.10832211469577667,55.47289199043939,1.587863976015063e-06,3.4400156746239034e-07,3.440015674623913e-07,2.7311384833312326e-13,2.7311384833312337e-15,99.99999999999945,2.731138483331218e-13,1.1103245970918277e-14,5.80910766501815e-13,2.4988284421738954e-21,7.6894991978073e-18,0.1893303201582278,2.1924748499986317e-09,1.8862605197565136e-06,0.00018862605197565136
3,10000,100,30,100,100,100,168.89202105698726,562.9734035232909,8.882643960980424e-12,7.96399981739392e-18,0.10832211469577609,55.47289199043955,4.2872327352406936e-08,9.288042321484566e-09,9.288042321484566e-09,1.9909999543484798e-16,1.99099995434848e-18,100.0,1.9909999543484798e-16,-1.9909999543484798e-16,1.5684590695549047e-14,2.4988284421738954e-21,7.689499197807343e-18,0.1893303201582278,5.919682094996305e-11,1.8862605197565136e-06,0.0006287535065855046
3,30000,100,30,100,100,100,168.89202105698726,562.9734035232909,3.2898681336964533e-13,1.0924553933324995e-20,0.10832211469577609,55.47289199043955,1.587863976015072e-09,3.4400156746239136e-10,3.4400156746239136e-10,2.7311384833312484e-19,2.7311384833312486e-21,100.0,2.7311384833312484e-19,-2.7311384833312484e-19,5.809107665018165e-16,2.4988284421738954e-21,7.689499197807343e-18,0.1893303201582278,2.192474849998632e-12,1.8862605197565136e-06,0.0018862605197565137
3,100000,100,30,100,100,100,168.89202105698726,562.9734035232909,8.882643960980424e-15,7.96399981739392e-24,0.10832211469577609,55.47289199043955,4.2872327352406944e-11,9.288042321484566e-12,9.288042321484566e-12,1.9909999543484802e-22,1.99099995434848e-24,100.0,1.9909999543484802e-22,-1.9909999543484802e-22,1.5684590695549047e-17,2.4988284421738954e-21,7.689499197807343e-18,0.1893303201582278,5.919682094996306e-14,1.8862605197565136e-06,0.006287535065855045
3,1000,100,100,1,0.5,0.5,2.814867017616455,0.028148670176164545,9.869604401089358e-12,7.374073904994367e-21,0.21664422939155217,2.1484558684493518,9.224656102723598e-10,3.996937025553266e-10,3.996937025553266e-10,1.8435184762485917e-19,1.8435184762485916e-21,100.0,1.8435184762485917e-19,-1.8435184762485917e-19,6.749573172882362e-12,3.0849733853998715e-19,1.4239813329272859e-18,0.0013679382449243013,6.577424549995895e-11,6.287535065855045e-06,6.287535065855045e-05
3,3000,100,100,1,0.5,0.5,2.814867017616455,0.028148670176164545,3.655409037440503e-13,1.0115327716041655e-23,0.21664422939155217,2.1484558684493518,3.4165392973050365e-11,1.4803470465012095e-11,1.4803470465012095e-11,2.5288319290104143e-22,2.528831929010414e-24,100.0,2.5288319290104143e-22,-2.5288319290104143e-22,2.4998419158823567e-13,3.0849733853998715e-19,1.4239813329272859e-18,0.0013679382449243013,2.4360831666651457e-12,6.287535065855045e-06,0.00018862605197565136
3,10000,100,100,1,0.5,0.5,2.814867017616455,0.028148670176164545,9.869604401089359e-15,7.374073904994368e-27,0.21664422939155217,2.1484558684493518,9.224656102723599e-13,3.996937025553266e-13,3.996937025553266e-13,1.8435184762485921e-25,1.843518476248592e-27,100.0,1.8435184762485921e-25,-1.8435184762485921e-25,6.749573172882363e-15,3.0849733853998715e-19,1.4239813329272859e-18,0.0013679382449243013,6.577424549995894e-14,6.287535065855045e-06,0.0006287535065855046
3,30000,100,100,1,0.5,0.5,2.814867017616455,0.028148670176164545,3.655409037440503e-16,1.0115327716041656e-29,0.21664422939155217,2.1484558684493518,3.4165392973050363e-14,1.4803470465012095e-14,1.4803470465012095e-14,2.528831929010414e-28,2.528831929010414e-30,100.0,2.528831929010414e-28,-2.528831929010414e-28,2.499841915882356e-16,3.0849733853998715e-19,1.4239813329272859e-18,0.0013679382449243013,2.436083166665146e-15,6.287535065855045e-06,0.0018862605197565137
3,100000,100,100,1,0.5,0.5,2.814867017616455,0.028148670176164545,9.869604401089358e-18,7.374073904994367e-33,0.21664422939155217,2.1484558684493518,9.224656102723597e-16,3.996937025553266e-16,3.996937025553266e-16,1.843518476248592e-31,1.8435184762485917e-33,100.0,1.843518476248592e-31,-1.843518476248592e-31,6.7495731728823625e-18,3.0849733853998715e-19,1.4239813329272859e-18,0.0013679382449243013,6.577424549995893e-17,6.287535065855045e-06,0.006287535065855045
3,1000,100,100,1,2.5,2.5,14.074335088082274,0.1407433508808227,9.869604401089358e-12,1.843518476248592e-19,0.043328845878310436,4.804093368511096,1.0313479057374124e-08,8.937422890922916e-10,8.937422890922916e-10,4.60879619062148e-18,4.60879619062148e-20,100.0,4.60879619062148e-18,-4.60879619062148e-18,1.5092504433673903e-11,3.0849733853998715e-19,7.11990666463643e-18,0.006399766776641935,6.577424549995895e-11,6.287535065855045e-06,6.287535065855045e-05
3,3000,100,100,1,2.5,2.5,14.074335088082274,0.1407433508808227,3.655409037440503e-13,2.528831929010414e-22,0.043328845878310436,4.804093368511096,3.819807058286713e-10,3.3101566262677466e-11,3.3101566262677466e-11,6.3220798225260364e-21,6.322079822526035e-23,100.0,6.3220798225260364e-21,-6.3220798225260364e-21,5.589816456916261e-13,3.0849733853998715e-19,7.11990666463643e-18,0.006399766776641935,2.4360831666651457e-12,6.287535065855045e-06,0.00018862605197565136
3,10000,100,100,1,2.5,2.5,14.074335088082274,0.1407433508808227,9.869604401089359e-15,1.8435184762485921e-25,0.043328845878310436,4.804093368511096,1.0313479057374126e-11,8.937422890922917e-13,8.937422890922917e-13,4.608796190621481e-24,4.6087961906214804e-26,100.0,4.608796190621481e-24,-4.608796190621481e-24,1.5092504433673906e-14,3.0849733853998715e-19,7.11990666463643e-18,0.006399766776641935,6.577424549995894e-14,6.287535065855045e-06,0.0006287535065855046
3,30000,100,100,1,2.5,2.5,14.074335088082274,0.1407433508808227,3.655409037440503e-16,2.5288319290104143e-28,0.043328845878310436,4.804093368511096,3.819807058286713e-13,3.310156626267747e-14,3.310156626267747e-14,6.322079822526036e-27,6.322079822526036e-29,100.0,6.322079822526036e-27,-6.322079822526036e-27,5.589816456916261e-16,3.0849733853998715e-19,7.11990666463643e-18,0.006399766776641935,2.436083166665146e-15,6.287535065855045e-06,0.0018862605197565137
3,100000,100,100,1,2.5,2.5,14.074335088082274,0.1407433508808227,9.869604401089358e-18,1.843518476248592e-31,0.043328845878310436,4.804093368511096,1.0313479057374124e-14,8.937422890922917e-16,8.937422890922917e-16,4.6087961906214796e-30,4.60879619062148e-32,100.0,4.6087961906214796e-30,-4.6087961906214796e-30,1.5092504433673904e-17,3.0849733853998715e-19,7.11990666463643e-18,0.006399766776641935,6.577424549995893e-17,6.287535065855045e-06,0.006287535065855045
3,1000,100,100,1,10,10,56.297340352329094,0.5629734035232908,9.869604401089358e-12,2.949629561997747e-18,0.010832211469577609,9.608186737022193,8.250783245899299e-08,1.7874845781845832e-09,1.7874845781845832e-09,7.374073904994368e-17,7.374073904994368e-19,100.0,7.374073904994368e-17,-7.374073904994368e-17,3.018500886734781e-11,3.0849733853998715e-19,2.847962665854572e-17,0.02408334593002231,6.577424549995895e-11,6.287535065855045e-06,6.287535065855045e-05
3,3000,100,100,1,10,10,56.297340352329094,0.5629734035232908,3.655409037440503e-13,4.046131086416662e-21,0.010832211469577609,9.608186737022193,3.0558456466293703e-09,6.620313252535493e-11,6.620313252535493e-11,1.0115327716041658e-19,1.0115327716041655e-21,100.0,1.0115327716041658e-19,-1.0115327716041658e-19,1.1179632913832522e-12,3.0849733853998715e-19,2.847962665854572e-17,0.02408334593002231,2.4360831666651457e-12,6.287535065855045e-06,0.00018862605197565136
3,10000,100,100,1,10,10,56.297340352329094,0.5629734035232908,9.869604401089359e-15,2.9496295619977474e-24,0.010832211469577609,9.608186737022193,8.2507832458993e-11,1.7874845781845833e-12,1.7874845781845833e-12,7.37407390499437e-23,7.374073904994369e-25,100.0,7.37407390499437e-23,-7.37407390499437e-23,3.018500886734781e-14,3.0849733853998715e-19,2.847962665854572e-17,0.02408334593002231,6.577424549995894e-14,6.287535065855045e-06,0.0006287535065855046
3,30000,100,100,1,10,10,56.297340352329094,0.5629734035232908,3.655409037440503e-16,4.046131086416663e-27,0.010832211469577609,9.608186737022193,3.0558456466293703e-12,6.620313252535494e-14,6.620313252535494e-14,1.0115327716041658e-25,1.0115327716041657e-27,100.0,1.0115327716041658e-25,-1.0115327716041658e-25,1.1179632913832521e-15,3.0849733853998715e-19,2.847962665854572e-17,0.02408334593002231,2.436083166665146e-15,6.287535065855045e-06,0.0018862605197565137
3,100000,100,100,1,10,10,56.297340352329094,0.5629734035232908,9.869604401089358e-18,2.949629561997747e-30,0.010832211469577609,9.608186737022193,8.250783245899299e-14,1.7874845781845833e-15,1.7874845781845833e-15,7.374073904994367e-29,7.374073904994368e-31,100.0,7.374073904994367e-29,-7.374073904994367e-29,3.018500886734781e-17,3.0849733853998715e-19,2.847962665854572e-17,0.02408334593002231,6.577424549995893e-17,6.287535065855045e-06,0.006287535065855045
3,1000,100,100,1,50,50,281.48670176164546,2.814867017616454,9.869604401089358e-12,7.374073904994367e-17,0.002166442293915522,21.484558684493518,9.224656102723597e-07,3.996937025553266e-09,3.996937025553266e-09,1.8435184762485916e-15,1.8435184762485918e-17,100.0,1.8435184762485916e-15,-1.8435184762485916e-15,6.749573172882363e-11,3.0849733853998715e-19,1.423981332927286e-16,0.11161824069052016,6.577424549995895e-11,6.287535065855045e-06,6.287535065855045e-05
3,3000,100,100,1,50,50,281.48670176164546,2.814867017616454,3.655409037440503e-13,1.0115327716041656e-19,0.002166442293915522,21.484558684493518,3.416539297305036e-08,1.4803470465012095e-10,1.4803470465012095e-10,2.528831929010414e-18,2.528831929010414e-20,100.0,2.528831929010414e-18,-2.528831929010414e-18,2.4998419158823567e-12,3.0849733853998715e-19,1.423981332927286e-16,0.11161824069052016,2.4360831666651457e-12,6.287535065855045e-06,0.00018862605197565136
3,10000,100,100,1,50,50,281.48670176164546,2.814867017616454,9.869604401089359e-15,7.374073904994368e-23,0.002166442293915522,21.484558684493518,9.224656102723598e-10,3.996937025553266e-12,3.996937025553266e-12,1.8435184762485916e-21,1.843518476248592e-23,100.0,1.8435184762485916e-21,-1.8435184762485916e-21,6.749573172882364e-14,3.0849733853998715e-19,1.423981332927286e-16,0.11161824069052016,6.577424549995894e-14,6.287535065855045e-06,0.0006287535065855046
3,30000,100,100,1,50,50,281.48670176164546,2.814867017616454,3.655409037440503e-16,1.0115327716041656e-25,0.002166442293915522,21.484558684493518,3.416539297305036e-11,1.4803470465012096e-13,1.4803470465012096e-13,2.5288319290104142e-24,2.528831929010414e-26,100.0,2.5288319290104142e-24,-2.5288319290104142e-24,2.4998419158823564e-15,3.0849733853998715e-19,1.423981332927286e-16,0.11161824069052016,2.436083166665146e-15,6.287535065855045e-06,0.0018862605197565137
3,100000,100,100,1,50,50,281.48670176164546,2.814867017616454,9.869604401089358e-18,7.374073904994367e-29,0.002166442293915522,21.484558684493518,9.224656102723597e-13,3.9969370255532656e-15,3.9969370255532656e-15,1.8435184762485913e-27,1.8435184762485918e-29,100.0,1.8435184762485913e-27,-1.8435184762485913e-27,6.749573172882363e-17,3.0849733853998715e-19,1.423981332927286e-16,0.11161824069052016,6.577424549995893e-17,6.287535065855045e-06,0.006287535065855045
3,1000,100,100,1,100,100,562.9734035232909,5.629734035232908,9.869604401089358e-12,2.949629561997747e-16,0.001083221146957761,30.38375427321139,2.6091267537398897e-06,5.652522549488606e-09,5.652522549488606e-09,7.374073904994366e-15,7.374073904994367e-17,99.99999999999999,7.374073904994366e-15,-7.374073904994366e-15,9.545337921319838e-11,3.0849733853998715e-19,2.8479626658545713e-16,0.21565787549831314,6.577424549995895e-11,6.287535065855045e-06,6.287535065855045e-05
3,3000,100,100,1,100,100,562.9734035232909,5.629734035232908,3.655409037440503e-13,4.0461310864166623e-19,0.001083221146957761,30.38375427321139,9.663432421258852e-08,2.093526870180965e-10,2.093526870180965e-10,1.0115327716041655e-17,1.0115327716041656e-19,100.0,1.0115327716041655e-17,-1.0115327716041655e-17,3.53531034122957e-12,3.0849733853998715e-19,2.847962665854572e-16,0.21565787549831314,2.4360831666651457e-12,6.287535065855045e-06,0.00018862605197565136
3,10000,100,100,1,100,100,562.9734035232909,5.629734035232908,9.869604401089359e-15,2.9496295619977474e-22,0.001083221146957761,30.38375427321139,2.60912675373989e-09,5.652522549488606e-12,5.652522549488606e-12,7.374073904994367e-21,7.374073904994368e-23,100.0,7.374073904994367e-21,-7.374073904994367e-21,9.545337921319838e-14,3.0849733853998715e-19,2.847962665854572e-16,0.21565787549831314,6.577424549995894e-14,6.287535065855045e-06,0.0006287535065855046
3,30000,100,100,1,100,100,562.9734035232909,5.629734035232908,3.655409037440503e-16,4.0461310864166626e-25,0.001083221146957761,30.38375427321139,9.663432421258851e-11,2.093526870180965e-13,2.093526870180965e-13,1.0115327716041657e-23,1.0115327716041656e-25,100.0,1.0115327716041657e-23,-1.0115327716041657e-23,3.5353103412295693e-15,3.0849733853998715e-19,2.847962665854572e-16,0.21565787549831314,2.436083166665146e-15,6.287535065855045e-06,0.0018862605197565137
3,100000,100,100,1,100,100,562.9734035232909,5.629734035232908,9.869604401089358e-18,2.949629561997747e-28,0.001083221146957761,30.38375427321139,2.60912675373989e-12,5.652522549488605e-15,5.652522549488605e-15,7.374073904994365e-27,7.374073904994367e-29,100.0,7.374073904994365e-27,-7.374073904994365e-27,9.545337921319839e-17,3.0849733853998715e-19,2.847962665854572e-16,0.21565787549831314,6.577424549995893e-17,6.287535065855045e-06,0.006287535065855045
3,1000,100,100,10,0.5,0.5,2.814867017616455,0.2814867017616454,9.86960440108936e-10,7.37407390499437e-18,2.1664422939155217,2.1484558684493518,9.224656102723599e-09,3.9969370255532666e-08,3.9969370255532666e-08,1.8435184762485924e-16,1.8435184762485927e-18,100.0,1.8435184762485924e-16,-1.8435184762485924e-16,6.749573172882362e-12,3.0849733853998715e-19,1.4239813329272859e-18,0.0013679382449243013,6.577424549995895e-09,6.287535065855045e-06,6.287535065855045e-05
3,3000,100,100,10,0.5,0.5,2.814867017616455,0.2814867017616454,3.6554090374405037e-11,1.0115327716041661e-20,2.1664422939155217,2.1484558684493518,3.416539297305037e-10,1.4803470465012097e-09,1.4803470465012097e-09,2.528831929010415e-19,2.5288319290104153e-21,100.0,2.528831929010415e-19,-2.528831929010415e-19,2.4998419158823567e-13,3.0849733853998715e-19,1.4239813329272859e-18,0.0013679382449243013,2.436083166665146e-10,6.287535065855045e-06,0.00018862605197565136
3,10000,100,100,10,0.5,0.5,2.814867017616455,0.2814867017616454,9.869604401089358e-13,7.374073904994368e-24,2.1664422939155217,2.1484558684493518,9.224656102723598e-12,3.996937025553266e-11,3.996937025553266e-11,1.8435184762485919e-22,1.843518476248592e-24,100.0,1.8435184762485919e-22,-1.8435184762485919e-22,6.749573172882363e-15,3.0849733853998715e-19,1.4239813329272859e-18,0.0013679382449243013,6.577424549995894e-12,6.287535065855045e-06,0.0006287535065855046
3,30000,100,100,10,0.5,0.5,2.814867017616455,0.2814867017616454,3.655409037440503e-14,1.0115327716041658e-26,2.1664422939155217,2.1484558684493518,3.4165392973050366e-13,1.4803470465012095e-12,1.4803470465012095e-12,2.5288319290104143e-25,2.5288319290104146e-27,100.0,2.5288319290104143e-25,-2.5288319290104143e-25,2.499841915882356e-16,3.0849733853998715e-19,1.4239813329272859e-18,0.0013679382449243013,2.436083166665146e-13,6.287535065855045e-06,0.0018862605197565137
3,100000,100,100,10,0.5,0.5,2.814867017616455,0.2814867017616454,9.869604401089359e-16,7.37407390499437e-30,2.1664422939155217,2.1484558684493518,9.2246561027236e-15,3.9969370255532664e-14,3.9969370255532664e-14,1.8435184762485923e-28,1.8435184762485925e-30,100.0,1.8435184762485923e-28,-1.8435184762485923e-28,6.7495731728823625e-18,3.0849733853998715e-19,1.4239813329272859e-18,0.0013679382449243013,6.577424549995894e-15,6.287535065855045e-06,0.006287535065855045
3,1000,100,100,10,2.5,2.5,14.074335088082274,1.407433508808227,9.86960440108936e-10,1.8435184762485924e-16,0.43328845878310435,4.804093368511096,1.0313479057374126e-07,8.937422890922917e-08,8.937422890922917e-08,4.608796190621481e-15,4.608796190621481e-17,100.0,4.608796190621481e-15,-4.608796190621481e-15,1.5092504433673903e-11,3.0849733853998715e-19,7.11990666463643e-18,0.006399766776641935,6.577424549995895e-09,6.287535065855045e-06,6.287535065855045e-05
3,3000,100,100,10,2.5,2.5,14.074335088082274,1.407433508808227,3.6554090374405037e-11,2.528831929010415e-19,0.43328845878310435,4.804093368511096,3.819807058286713e-09,3.310156626267747e-09,3.310156626267747e-09,6.322079822526037e-18,6.322079822526037e-20,100.0,6.322079822526037e-18,-6.322079822526037e-18,5.589816456916261e-13,3.0849733853998715e-19,7.11990666463643e-18,0.006399766776641935,2.436083166665146e-10,6.287535065855045e-06,0.00018862605197565136
3,10000,100,100,10,2.5,2.5,14.074335088082274,1.407433508808227,9.869604401089358e-13,1.8435184762485919e-22,0.43328845878310435,4.804093368511096,1.0313479057374126e-10,8.937422890922916e-11,8.937422890922916e-11,4.608796190621481e-21,4.6087961906214797e-23,100.0,4.608796190621481e-21,-4.608796190621481e-21,1.5092504433673906e-14,3.0849733853998715e-19,7.11990666463643e-18,0.006399766776641935,6.577424549995894e-12,6.287535065855045e-06,0.0006287535065855046
3,30000,100,100,10,2.5,2.5,14.074335088082274,1.407433508808227,3.655409037440503e-14,2.5288319290104143e-25,0.43328845878310435,4.804093368511096,3.819807058286713e-12,3.310156626267747e-12,3.310156626267747e-12,6.3220798225260364e-24,6.322079822526036e-26,100.0,6.3220798225260364e-24,-6.3220798225260364e-24,5.589816456916261e-16,3.0849733853998715e-19,7.11990666463643e-18,0.006399766776641935,2.436083166665146e-13,6.287535065855045e-06,0.0018862605197565137
3,100000,100,100,10,2.5,2.5,14.074335088082274,1.407433508808227,9.869604401089359e-16,1.8435184762485923e-28,0.43328845878310435,4.804093368511096,1.0313479057374126e-13,8.937422890922918e-14,8.937422890922918e-14,4.608796190621481e-27,4.6087961906214807e-29,100.0,4.608796190621481e-27,-4.608796190621481e-27,1.5092504433673904e-17,3.0849733853998715e-19,7.11990666463643e-18,0.006399766776641935,6.577424549995894e-15,6.287535065855045e-06,0.006287535065855045
3,1000,100,100,10,10,10,56.297340352329094,5.629734035232908,9.86960440108936e-10,2.949629561997748e-15,0.10832211469577623,9.608186737022185,8.250783245899289e-07,1.787484578184582e-07,1.7874845781845834e-07,7.374073904994359e-14,7.37407390499436e-16,99.99999999999986,7.374073904994349e-14,-2.6864654739334684e-15,3.018500886734778e-11,3.0849733853998715e-19,2.847962665854568e-17,0.02408334593002231,6.577424549995895e-09,6.287535065855045e-06,6.287535065855045e-05
3,3000,100,100,10,10,10,56.297340352329094,5.629734035232908,3.6554090374405037e-11,4.046131086416664e-18,0.10832211469577609,9.608186737022193,3.05584564662937e-08,6.620313252535494e-09,6.620313252535494e-09,1.011532771604166e-16,1.011532771604166e-18,100.0,1.011532771604166e-16,-1.011532771604166e-16,1.1179632913832522e-12,3.0849733853998715e-19,2.847962665854572e-17,0.02408334593002231,2.436083166665146e-10,6.287535065855045e-06,0.00018862605197565136
3,10000,100,100,10,10,10,56.297340352329094,5.629734035232908,9.869604401089358e-13,2.949629561997747e-21,0.10832211469577609,9.608186737022193,8.250783245899301e-10,1.7874845781845831e-10,1.7874845781845831e-10,7.374073904994369e-20,7.3740739049943675e-22,100.0,7.374073904994369e-20,-7.374073904994369e-20,3.018500886734781e-14,3.0849733853998715e-19,2.847962665854572e-17,0.02408334593002231,6.577424549995894e-12,6.287535065855045e-06,0.0006287535065855046
3,30000,100,100,10,10,10,56.297340352329094,5.629734035232908,3.655409037440503e-14,4.046131086416663e-24,0.10832211469577609,9.608186737022193,3.05584564662937e-11,6.620313252535494e-12,6.620313252535494e-12,1.0115327716041658e-22,1.0115327716041657e-24,100.0,1.0115327716041658e-22,-1.0115327716041658e-22,1.1179632913832521e-15,3.0849733853998715e-19,2.847962665854572e-17,0.02408334593002231,2.436083166665146e-13,6.287535065855045e-06,0.0018862605197565137
3,100000,100,100,10,10,10,56.297340352329094,5.629734035232908,9.869604401089359e-16,2.9496295619977477e-27,0.10832211469577609,9.608186737022193,8.250783245899301e-13,1.7874845781845835e-13,1.7874845781845835e-13,7.37407390499437e-26,7.374073904994369e-28,100.0,7.37407390499437e-26,-7.37407390499437e-26,3.018500886734781e-17,3.0849733853998715e-19,2.847962665854572e-17,0.02408334593002231,6.577424549995894e-15,6.287535065855045e-06,0.006287535065855045
3,1000,100,100,10,50,50,281.48670176164546,28.14867017616454,9.86960440108936e-10,7.374073904994369e-14,0.021664422939156016,21.48455868449312,9.22465610272326e-06,3.9969370255531923e-07,3.9969370255532664e-07,1.8435184762485247e-12,1.8435184762485244e-14,99.99999999999632,1.8435184762484564e-12,-1.0318217987397921e-14,6.749573172882237e-11,3.0849733853998715e-19,1.4239813329272334e-16,0.11161824069052016,6.577424549995895e-09,6.287535065855045e-06,6.287535065855045e-05
3,3000,100,100,10,50,50,281.48670176164546,28.14867017616454,3.6554090374405037e-11,1.011532771604166e-16,0.021664422939155218,21.484558684493518,3.4165392973050366e-07,1.4803470465012098e-08,1.4803470465012098e-08,2.5288319290104144e-15,2.528831929010415e-17,100.0,2.5288319290104144e-15,-2.5288319290104144e-15,2.4998419158823567e-12,3.0849733853998715e-19,1.423981332927286e-16,0.11161824069052016,2.436083166665146e-10,6.287535065855045e-06,0.00018862605197565136
3,10000,100,100,10,50,50,281.48670176164546,28.14867017616454,9.869604401089358e-13,7.374073904994368e-20,0.021664422939155218,21.484558684493518,9.224656102723597e-09,3.996937025553266e-10,3.996937025553266e-10,1.843518476248592e-18,1.843518476248592e-20,100.0,1.843518476248592e-18,-1.843518476248592e-18,6.749573172882364e-14,3.0849733853998715e-19,1.423981332927286e-16,0.11161824069052016,6.577424549995894e-12,6.287535065855045e-06,0.0006287535065855046
3,30000,100,100,10,50,50,281.48670176164546,28.14867017616454,3.655409037440503e-14,1.0115327716041657e-22,0.021664422939155218,21.484558684493518,3.416539297305036e-10,1.4803470465012095e-11,1.4803470465012095e-11,2.528831929010414e-21,2.5288319290104143e-23,100.0,2.528831929010414e-21,-2.528831929010414e-21,2.4998419158823564e-15,3.0849733853998715e-19,1.423981332927286e-16,0.11161824069052016,2.436083166665146e-13,6.287535065855045e-06,0.0018862605197565137
3,100000,100,100,10,50,50,281.48670176164546,28.14867017616454,9.869604401089359e-16,7.374073904994369e-26,0.021664422939155218,21.484558684493518,9.224656102723598e-12,3.996937025553266e-13,3.996937025553266e-13,1.843518476248592e-24,1.8435184762485922e-26,100.0,1.843518476248592e-24,-1.843518476248592e-24,6.749573172882363e-17,3.0849733853998715e-19,1.423981332927286e-16,0.11161824069052016,6.577424549995894e-15,6.287535065855045e-06,0.006287535065855045
3,1000,100,100,10,100,100,562.9734035232909,56.29734035232908,9.86960440108936e-10,2.9496295619977476e-13,0.010832211469579207,30.383754273209153,2.6091267537395054e-05,5.65252254948819e-07,5.652522549488606e-07,7.374073904993281e-12,7.374073904993282e-14,99.99999999998525,7.374073904992194e-12,1.3596921976460692e-15,9.545337921319135e-11,3.0849733853998715e-19,2.8479626658541517e-16,0.21565787549831314,6.577424549995895e-09,6.287535065855045e-06,6.287535065855045e-05
3,3000,100,100,10,100,100,562.9734035232909,56.29734035232908,3.6554090374405037e-11,4.046131086416664e-16,0.01083221146957761,30.383754273211387,9.66343242125885e-07,2.0935268701809653e-08,2.0935268701809653e-08,1.0115327716041654e-14,1.011532771604166e-16,99.99999999999997,1.0115327716041653e-14,4.095526999160351e-15,3.53531034122957e-12,3.0849733853998715e-19,2.847962665854571e-16,0.21565787549831314,2.436083166665146e-10,6.287535065855045e-06,0.00018862605197565136
3,10000,100,100,10,100,100,562.9734035232909,56.29734035232908,9.869604401089358e-13,2.949629561997747e-19,0.010832211469577609,30.38375427321139,2.6091267537398903e-08,5.652522549488606e-10,5.652522549488606e-10,7.374073904994368e-18,7.374073904994368e-20,100.0,7.374073904994368e-18,-7.374073904994368e-18,9.545337921319838e-14,3.0849733853998715e-19,2.847962665854572e-16,0.21565787549831314,6.577424549995894e-12,6.287535065855045e-06,0.0006287535065855046
3,30000,100,100,10,100,100,562.9734035232909,56.29734035232908,3.655409037440503e-14,4.046131086416663e-22,0.010832211469577609,30.38375427321139,9.663432421258851e-10,2.093526870180965e-11,2.093526870180965e-11,1.0115327716041657e-20,1.0115327716041657e-22,100.0,1.0115327716041657e-20,-1.0115327716041657e-20,3.5353103412295693e-15,3.0849733853998715e-19,2.847962665854572e-16,0.21565787549831314,2.436083166665146e-13,6.287535065855045e-06,0.0018862605197565137
3,100000,100,100,10,100,100,562.9734035232909,56.29734035232908,9.869604401089359e-16,2.9496295619977475e-25,0.010832211469577609,30.38375427321139,2.6091267537398902e-11,5.652522549488607e-13,5.652522549488607e-13,7.374073904994368e-24,7.374073904994369e-26,100.0,7.374073904994368e-24,-7.374073904994368e-24,9.545337921319839e-17,3.0849733853998715e-19,2.847962665854572e-16,0.21565787549831314,6.577424549995894e-15,6.287535065855045e-06,0.006287535065855045
3,1000,100,100,100,0.5,0.5,2.814867017616455,2.814867017616455,9.869604401089358e-08,7.374073904994368e-15,21.664422939155294,2.1484558684493478,9.224656102723566e-08,3.996937025553258e-06,3.9969370255532656e-06,1.8435184762485853e-13,1.8435184762485853e-15,99.99999999999963,1.8435184762485785e-13,3.892636727681954e-16,6.74957317288235e-12,3.0849733853998715e-19,1.4239813329272807e-18,0.0013679382449243013,6.577424549995894e-07,6.287535065855045e-06,6.287535065855045e-05
3,3000,100,100,100,0.5,0.5,2.814867017616455,2.814867017616455,3.655409037440503e-09,1.011532771604166e-17,21.664422939155216,2.1484558684493518,3.416539297305037e-09,1.4803470465012097e-07,1.4803470465012097e-07,2.528831929010415e-16,2.528831929010415e-18,100.0,2.528831929010415e-16,-2.528831929010415e-16,2.4998419158823567e-13,3.0849733853998715e-19,1.4239813329272859e-18,0.0013679382449243013,2.4360831666651462e-08,6.287535065855045e-06,0.00018862605197565136
3,10000,100,100,100,0.5,0.5,2.814867017616455,2.814867017616455,9.869604401089359e-11,7.37407390499437e-21,21.664422939155216,2.1484558684493518,9.2246561027236e-11,3.996937025553266e-09,3.996937025553266e-09,1.8435184762485924e-19,1.8435184762485924e-21,100.0,1.8435184762485924e-19,-1.8435184762485924e-19,6.749573172882363e-15,3.0849733853998715e-19,1.4239813329272859e-18,0.0013679382449243013,6.577424549995894e-10,6.287535065855045e-06,0.0006287535065855046
3,30000,100,100,100,0.5,0.5,2.814867017616455,2.814867017616455,3.6554090374405035e-12,1.011532771604166e-23,21.664422939155216,2.1484558684493518,3.416539297305037e-12,1.4803470465012095e-10,1.4803470465012095e-10,2.5288319290104147e-22,2.528831929010415e-24,100.0,2.5288319290104147e-22,-2.5288319290104147e-22,2.499841915882356e-16,3.0849733853998715e-19,1.4239813329272859e-18,0.0013679382449243013,2.436083166665146e-11,6.287535065855045e-06,0.0018862605197565137
3,100000,100,100,100,0.5,0.5,2.814867017616455,2.814867017616455,9.869604401089359e-14,7.374073904994371e-27,21.664422939155216,2.1484558684493518,9.2246561027236e-14,3.996937025553267e-12,3.996937025553267e-12,1.8435184762485928e-25,1.8435184762485928e-27,100.0,1.8435184762485928e-25,-1.8435184762485928e-25,6.7495731728823625e-18,3.0849733853998715e-19,1.4239813329272859e-18,0.0013679382449243013,6.577424549995895e-13,6.287535065855045e-06,0.006287535065855045
3,1000,100,100,100,2.5,2.5,14.074335088082274,14.074335088082274,9.869604401089358e-08,1.8435184762485917e-13,4.332884587831443,4.804093368510874,1.0313479057373172e-06,8.937422890922504e-06,8.937422890922917e-06,4.608796190621054e-12,4.608796190621053e-14,99.99999999999076,4.6087961906206295e-12,2.3942446535223745e-14,1.5092504433673206e-11,3.0849733853998715e-19,7.119906664635772e-18,0.006399766776641935,6.577424549995894e-07,6.287535065855045e-06,6.287535065855045e-05
3,3000,100,100,100,2.5,2.5,14.074335088082274,14.074335088082274,3.655409037440503e-09,2.5288319290104145e-16,4.332884587831043,4.804093368511095,3.8198070582867126e-08,3.310156626267746e-07,3.310156626267747e-07,6.322079822526035e-15,6.322079822526036e-17,99.99999999999997,6.322079822526035e-15,2.2099629607877974e-14,5.58981645691626e-13,3.0849733853998715e-19,7.119906664636427e-18,0.006399766776641935,2.4360831666651462e-08,6.287535065855045e-06,0.00018862605197565136
3,10000,100,100,100,2.5,2.5,14.074335088082274,14.074335088082274,9.869604401089359e-11,1.8435184762485922e-19,4.332884587831043,4.804093368511096,1.0313479057374125e-09,8.937422890922917e-09,8.937422890922917e-09,4.608796190621481e-18,4.6087961906214805e-20,100.0,4.608796190621481e-18,-4.608796190621481e-18,1.5092504433673906e-14,3.0849733853998715e-19,7.11990666463643e-18,0.006399766776641935,6.577424549995894e-10,6.287535065855045e-06,0.0006287535065855046
3,30000,100,100,100,2.5,2.5,14.074335088082274,14.074335088082274,3.6554090374405035e-12,2.5288319290104147e-22,4.332884587831043,4.804093368511096,3.819807058286713e-11,3.310156626267747e-10,3.310156626267747e-10,6.322079822526037e-21,6.322079822526037e-23,100.0,6.322079822526037e-21,-6.322079822526037e-21,5.589816456916261e-16,3.0849733853998715e-19,7.11990666463643e-18,0.006399766776641935,2.436083166665146e-11,6.287535065855045e-06,0.0018862605197565137
3,100000,100,100,100,2.5,2.5,14.074335088082274,14.074335088082274,9.869604401089359e-14,1.8435184762485924e-25,4.332884587831043,4.804093368511096,1.0313479057374126e-12,8.937422890922918e-12,8.937422890922918e-12,4.608796190621481e-24,4.608796190621481e-26,100.0,4.608796190621481e-24,-4.608796190621481e-24,1.5092504433673904e-17,3.0849733853998715e-19,7.11990666463643e-18,0.006399766776641935,6.577424549995895e-13,6.287535065855045e-06,0.006287535065855045
3,1000,100,100,100,10,10,56.297340352329094,56.297340352329094,9.869604401089358e-08,2.9496295619977466e-12,1.0832211469593584,9.608186737015107,8.250783245887131e-06,1.787484578183265e-05,1.7874845781845834e-05,7.374073904983493e-11,7.374073904983491e-13,99.9999999998525,7.374073904972617e-11,1.3596922172227848e-14,3.0185008867325544e-11,3.0849733853998715e-19,2.8479626658503715e-17,0.02408334593002231,6.577424549995894e-07,6.287535065855045e-06,6.287535065855045e-05
3,3000,100,100,100,10,10,56.297340352329094,56.297340352329094,3.655409037440503e-09,4.046131086416663e-15,1.083221146957763,9.608186737022182,3.055845646629364e-07,6.620313252535487e-07,6.620313252535494e-07,1.0115327716041637e-13,1.011532771604164e-15,99.99999999999979,1.0115327716041617e-13,1.2533560561199865e-14,1.117963291383251e-12,3.0849733853998715e-19,2.847962665854566e-17,0.02408334593002231,2.4360831666651462e-08,6.287535065855045e-06,0.00018862605197565136
3,10000,100,100,100,10,10,56.297340352329094,56.297340352329094,9.869604401089359e-11,2.9496295619977475e-18,1.0832211469577608,9.608186737022193,8.2507832458993e-09,1.7874845781845834e-08,1.7874845781845834e-08,7.37407390499437e-17,7.374073904994369e-19,100.0,7.37407390499437e-17,-7.37407390499437e-17,3.018500886734781e-14,3.0849733853998715e-19,2.847962665854572e-17,0.02408334593002231,6.577424549995894e-10,6.287535065855045e-06,0.0006287535065855046
3,30000,100,100,100,10,10,56.297340352329094,56.297340352329094,3.6554090374405035e-12,4.0461310864166636e-21,1.0832211469577608,9.608186737022193,3.0558456466293704e-10,6.620313252535494e-10,6.620313252535494e-10,1.011532771604166e-19,1.0115327716041659e-21,100.0,1.011532771604166e-19,-1.011532771604166e-19,1.1179632913832521e-15,3.0849733853998715e-19,2.847962665854572e-17,0.02408334593002231,2.436083166665146e-11,6.287535065855045e-06,0.0018862605197565137
3,100000,100,100,100,10,10,56.297340352329094,56.297340352329094,9.869604401089359e-14,2.9496295619977478e-24,1.0832211469577608,9.608186737022193,8.250783245899301e-12,1.7874845781845836e-11,1.7874845781845836e-11,7.37407390499437e-23,7.3740739049943695e-25,100.0,7.37407390499437e-23,-7.37407390499437e-23,3.018500886734781e-17,3.0849733853998715e-19,2.847962665854572e-17,0.02408334593002231,6.577424549995895e-13,6.287535065855045e-06,0.006287535065855045
3,1000,100,100,100,50,50,281.48670176164546,281.48670176164546,9.869604401089358e-08,7.374073904994367e-11,0.2166442293995399,21.484558684097447,9.224656102383482e-05,3.996937025479582e-05,3.996937025553266e-05,1.8435184761806206e-09,1.843518476180621e-11,99.99999999631297,1.8435184761126497e-09,-1.1373283545952333e-15,6.749573172757934e-11,3.0849733853998715e-19,1.4239813328747833e-16,0.11161824069052016,6.577424549995894e-07,6.287535065855045e-06,6.287535065855045e-05
3,3000,100,100,100,50,50,281.48670176164546,281.48670176164546,3.655409037440503e-09,1.011532771604166e-13,0.21664422939156314,21.484558684492974,3.416539297304864e-06,1.4803470465011723e-06,1.4803470465012097e-06,2.528831929010287e-12,2.5288319290102867e-14,99.99999999999494,2.528831929010159e-12,7.002102957978353e-16,2.4998419158822933e-12,3.0849733853998715e-19,1.4239813329272137e-16,0.11161824069052016,2.4360831666651462e-08,6.287535065855045e-06,0.00018862605197565136
3,10000,100,100,100,50,50,281.48670176164546,281.48670176164546,9.869604401089359e-11,7.37407390499437e-17,0.21664422939155217,21.484558684493518,9.224656102723599e-08,3.996937025553266e-08,3.996937025553266e-08,1.8435184762485924e-15,1.8435184762485924e-17,100.0,1.8435184762485924e-15,-1.8435184762485924e-15,6.749573172882364e-14,3.0849733853998715e-19,1.423981332927286e-16,0.11161824069052016,6.577424549995894e-10,6.287535065855045e-06,0.0006287535065855046
3,30000,100,100,100,50,50,281.48670176164546,281.48670176164546,3.6554090374405035e-12,1.0115327716041658e-19,0.21664422939155217,21.484558684493518,3.4165392973050365e-09,1.4803470465012097e-09,1.4803470465012097e-09,2.5288319290104146e-18,2.5288319290104146e-20,100.0,2.5288319290104146e-18,-2.5288319290104146e-18,2.4998419158823564e-15,3.0849733853998715e-19,1.423981332927286e-16,0.11161824069052016,2.436083166665146e-11,6.287535065855045e-06,0.0018862605197565137
3,100000,100,100,100,50,50,281.48670176164546,281.48670176164546,9.869604401089359e-14,7.37407390499437e-23,0.21664422939155217,21.484558684493518,9.2246561027236e-11,3.9969370255532664e-11,3.9969370255532664e-11,1.8435184762485924e-21,1.8435184762485924e-23,100.0,1.8435184762485924e-21,-1.8435184762485924e-21,6.749573172882363e-17,3.0849733853998715e-19,1.423981332927286e-16,0.11161824069052016,6.577424549995895e-13,6.287535065855045e-06,0.006287535065855045
3,1000,100,100,100,100,100,562.9734035232909,562.9734035232909,9.869604401089358e-08,2.9496295619977467e-10,0.10832211471175159,30.383754270970872,0.0002609126753355093,5.6525225490717846e-05,5.652522549488606e-05,7.3740739039068286e-09,7.37407390390683e-11,99.99999998525186,7.3740739028192896e-09,-4.547682109025138e-15,9.545337920615958e-11,3.0849733853998715e-19,2.84796266543455e-16,0.21565787549831314,6.577424549995894e-07,6.287535065855045e-06,6.287535065855045e-05
3,3000,100,100,100,100,100,562.9734035232909,562.9734035232909,3.655409037440503e-09,4.046131086416664e-13,0.108322114695798,30.38375427320832,9.663432421256899e-06,2.0935268701807537e-06,2.0935268701809654e-06,1.0115327716039613e-11,1.0115327716039611e-13,99.99999999997978,1.0115327716037567e-11,-1.1410013528942662e-14,3.5353103412292133e-12,3.0849733853998715e-19,2.847962665853996e-16,0.21565787549831314,2.4360831666651462e-08,6.287535065855045e-06,0.00018862605197565136
3,10000,100,100,100,100,100,562.9734035232909,562.9734035232909,9.869604401089359e-11,2.949629561997748e-16,0.10832211469577609,30.38375427321139,2.60912675373989e-07,5.652522549488607e-08,5.652522549488607e-08,7.374073904994368e-15,7.37407390499437e-17,99.99999999999999,7.374073904994368e-15,-7.374073904994368e-15,9.545337921319838e-14,3.0849733853998715e-19,2.8479626658545713e-16,0.21565787549831314,6.577424549995894e-10,6.287535065855045e-06,0.0006287535065855046
3,30000,100,100,100,100,100,562.9734035232909,562.9734035232909,3.6554090374405035e-12,4.0461310864166633e-19,0.10832211469577609,30.38375427321139,9.663432421258854e-09,2.0935268701809654e-09,2.0935268701809654e-09,1.0115327716041658e-17,1.0115327716041658e-19,100.0,1.0115327716041658e-17,-1.0115327716041658e-17,3.5353103412295693e-15,3.0849733853998715e-19,2.847962665854572e-16,0.21565787549831314,2.436083166665146e-11,6.287535065855045e-06,0.0018862605197565137
3,100000,100,100,100,100,100,562.9734035232909,562.9734035232909,9.869604401089359e-14,2.949629561997748e-22,0.10832211469577609,30.38375427321139,2.6091267537398904e-10,5.652522549488607e-11,5.652522549488607e-11,7.37407390499437e-21,7.37407390499437e-23,100.0,7.37407390499437e-21,-7.37407390499437e-21,9.545337921319839e-17,3.0849733853998715e-19,2.847962665854572e-16,0.21565787549831314,6.577424549995895e-13,6.287535065855045e-06,0.006287535065855045
3,3000,100,300,1,0.5,0.5,8.444601052849363,0.028148670176164545,3.289868133696453e-12,2.7311384833312473e-22,0.21664422939155217,1.2404115739912644,1.775285894696398e-10,7.692108892123867e-11,7.692108892123867e-11,6.827846208328118e-21,6.827846208328118e-23,100.0,6.827846208328118e-21,-6.827846208328118e-21,1.2989559627595698e-12,2.4988284421738962e-17,3.844749598903672e-17,0.0014880563062429739,2.1924748499986314e-11,1.8862605197565134e-05,0.00018862605197565136
3,10000,100,300,1,0.5,0.5,8.444601052849363,0.028148670176164545,8.882643960980422e-14,1.9909999543484795e-25,0.21664422939155217,1.2404115739912644,4.7932719156802745e-12,2.076869400873444e-12,2.076869400873444e-12,4.977499885871199e-24,4.9774998858711986e-26,100.0,4.977499885871199e-24,-4.977499885871199e-24,3.5071810994508384e-14,2.4988284421738962e-17,3.844749598903672e-17,0.0014880563062429739,5.919682094996305e-13,1.8862605197565134e-05,0.0006287535065855046
3,30000,100,300,1,0.5,0.5,8.444601052849363,0.028148670176164545,3.289868133696453e-15,2.7311384833312477e-28,0.21664422939155217,1.2404115739912644,1.775285894696398e-13,7.692108892123866e-14,7.692108892123866e-14,6.827846208328119e-27,6.827846208328119e-29,100.0,6.827846208328119e-27,-6.827846208328119e-27,1.2989559627595696e-15,2.4988284421738962e-17,3.844749598903672e-17,0.0014880563062429739,2.192474849998631e-14,1.8862605197565134e-05,0.0018862605197565137
3,100000,100,300,1,0.5,0.5,8.444601052849363,0.028148670176164545,8.882643960980423e-17,1.99099995434848e-31,0.21664422939155217,1.2404115739912644,4.7932719156802745e-15,2.0768694008734444e-15,2.0768694008734444e-15,4.9774998858711994e-30,4.9774998858712e-32,100.0,4.9774998858711994e-30,-4.9774998858711994e-30,3.5071810994508386e-17,2.4988284421738962e-17,3.844749598903672e-17,0.0014880563062429739,5.919682094996305e-16,1.8862605197565134e-05,0.006287535065855045
3,3000,100,300,1,2.5,2.5,42.223005264246815,0.1407433508808227,3.289868133696453e-12,6.827846208328117e-21,0.043328845878310436,2.7736445995219774,1.984829970018839e-09,1.7200078373119563e-10,1.7200078373119563e-10,1.7069615520820292e-19,1.7069615520820292e-21,100.0,1.7069615520820292e-19,-1.7069615520820292e-19,2.904553832509083e-12,2.4988284421738962e-17,1.9223747994518361e-16,0.0070003570832352984,2.1924748499986314e-11,1.8862605197565134e-05,0.00018862605197565136
3,10000,100,300,1,2.5,2.5,42.223005264246815,0.1407433508808227,8.882643960980422e-14,4.977499885871198e-24,0.043328845878310436,2.7736445995219774,5.359040919050867e-11,4.644021160742282e-12,4.644021160742282e-12,1.2443749714677995e-22,1.2443749714677994e-24,100.0,1.2443749714677995e-22,-1.2443749714677995e-22,7.842295347774523e-14,2.4988284421738962e-17,1.9223747994518361e-16,0.0070003570832352984,5.919682094996305e-13,1.8862605197565134e-05,0.0006287535065855046
3,30000,100,300,1,2.5,2.5,42.223005264246815,0.1407433508808227,3.289868133696453e-15,6.827846208328117e-27,0.043328845878310436,2.7736445995219774,1.9848299700188396e-12,1.7200078373119562e-13,1.7200078373119562e-13,1.7069615520820298e-25,1.7069615520820293e-27,100.0,1.7069615520820298e-25,-1.7069615520820298e-25,2.9045538325090825e-15,2.4988284421738962e-17,1.9223747994518361e-16,0.0070003570832352984,2.192474849998631e-14,1.8862605197565134e-05,0.0018862605197565137
3,100000,100,300,1,2.5,2.5,42.223005264246815,0.1407433508808227,8.882643960980423e-17,4.977499885871199e-30,0.043328845878310436,2.7736445995219774,5.359040919050866e-14,4.6440211607422825e-15,4.6440211607422825e-15,1.2443749714677997e-28,1.2443749714677997e-30,100.0,1.2443749714677997e-28,-1.2443749714677997e-28,7.842295347774524e-17,2.4988284421738962e-17,1.9223747994518361e-16,0.0070003570832352984,5.919682094996305e-16,1.8862605197565134e-05,0.006287535065855045
3,3000,100,300,1,10,10,168.89202105698726,0.5629734035232908,3.289868133696453e-12,1.0924553933324987e-19,0.010832211469577609,5.547289199043955,1.5878639760150713e-08,3.4400156746239126e-10,3.4400156746239126e-10,2.7311384833312467e-18,2.731138483331247e-20,100.0,2.7311384833312467e-18,-2.7311384833312467e-18,5.809107665018166e-12,2.4988284421738962e-17,7.689499197807345e-16,0.02648570715639577,2.1924748499986314e-11,1.8862605197565134e-05,0.00018862605197565136
3,10000,100,300,1,10,10,168.89202105698726,0.5629734035232908,8.882643960980422e-14,7.963999817393916e-23,0.010832211469577609,5.547289199043955,4.2872327352406934e-10,9.288042321484564e-12,9.288042321484564e-12,1.9909999543484792e-21,1.990999954348479e-23,100.0,1.9909999543484792e-21,-1.9909999543484792e-21,1.5684590695549047e-13,2.4988284421738962e-17,7.689499197807345e-16,0.02648570715639577,5.919682094996305e-13,1.8862605197565134e-05,0.0006287535065855046
3,30000,100,300,1,10,10,168.89202105698726,0.5629734035232908,3.289868133696453e-15,1.0924553933324988e-25,0.010832211469577609,5.547289199043955,1.5878639760150717e-11,3.4400156746239124e-13,3.4400156746239124e-13,2.7311384833312477e-24,2.731138483331247e-26,100.0,2.7311384833312477e-24,-2.7311384833312477e-24,5.809107665018165e-15,2.4988284421738962e-17,7.689499197807345e-16,0.02648570715639577,2.192474849998631e-14,1.8862605197565134e-05,0.0018862605197565137
3,100000,100,300,1,10,10,168.89202105698726,0.5629734035232908,8.882643960980423e-17,7.963999817393918e-29,0.010832211469577609,5.547289199043955,4.287232735240693e-13,9.288042321484565e-15,9.288042321484565e-15,1.9909999543484795e-27,1.9909999543484795e-29,100.0,1.9909999543484795e-27,-1.9909999543484795e-27,1.5684590695549048e-16,2.4988284421738962e-17,7.689499197807345e-16,0.02648570715639577,5.919682094996305e-16,1.8862605197565134e-05,0.006287535065855045
3,3000,100,300,1,50,50,844.4601052849363,2.814867017616454,3.289868133696453e-12,2.731138483331247e-18,0.002166442293915522,12.404115739912644,1.7752858946963977e-07,7.692108892123867e-10,7.692108892123867e-10,6.827846208328117e-17,6.827846208328118e-19,100.0,6.827846208328117e-17,-6.827846208328117e-17,1.2989559627595698e-11,2.4988284421738962e-17,3.844749598903673e-15,0.12363004682238742,2.1924748499986314e-11,1.8862605197565134e-05,0.00018862605197565136
3,10000,100,300,1,50,50,844.4601052849363,2.814867017616454,8.882643960980422e-14,1.9909999543484792e-21,0.002166442293915522,12.404115739912644,4.793271915680274e-09,2.076869400873444e-11,2.076869400873444e-11,4.9774998858711974e-20,4.977499885871198e-22,100.0,4.9774998858711974e-20,-4.9774998858711974e-20,3.507181099450838e-13,2.4988284421738962e-17,3.844749598903673e-15,0.12363004682238742,5.919682094996305e-13,1.8862605197565134e-05,0.0006287535065855046
3,30000,100,300,1,50,50,844.4601052849363,2.814867017616454,3.289868133696453e-15,2.731138483331247e-24,0.002166442293915522,12.404115739912644,1.7752858946963977e-10,7.692108892123867e-13,7.692108892123867e-13,6.827846208328117e-23,6.827846208328117e-25,100.0,6.827846208328117e-23,-6.827846208328117e-23,1.2989559627595696e-14,2.4988284421738962e-17,3.844749598903673e-15,0.12363004682238742,2.192474849998631e-14,1.8862605197565134e-05,0.0018862605197565137
3,100000,100,300,1,50,50,844.4601052849363,2.814867017616454,8.882643960980423e-17,1.9909999543484795e-27,0.002166442293915522,12.404115739912644,4.7932719156802745e-12,2.0768694008734443e-14,2.0768694008734443e-14,4.977499885871199e-26,4.977499885871199e-28,100.0,4.977499885871199e-26,-4.977499885871199e-26,3.5071810994508385e-16,2.4988284421738962e-17,3.844749598903673e-15,0.12363004682238742,5.919682094996305e-16,1.8862605197565134e-05,0.006287535065855045
3,3000,100,300,1,100,100,1688.9202105698726,5.629734035232908,3.289868133696453e-12,1.0924553933324988e-17,0.001083221146957761,17.54206870863004,5.0212667787386e-07,1.0878284718492255e-09,1.0878284718492255e-09,2.731138483331247e-16,2.731138483331247e-18,100.0,2.731138483331247e-16,-2.731138483331247e-16,1.8370011394599842e-11,2.4988284421738962e-17,7.689499197807345e-15,0.2396814877620477,2.1924748499986314e-11,1.8862605197565134e-05,0.00018862605197565136
3,10000,100,300,1,100,100,1688.9202105698726,5.629734035232908,8.882643960980422e-14,7.963999817393917e-21,0.001083221146957761,17.54206870863004,1.3557420302594219e-08,2.937136873992909e-11,2.937136873992909e-11,1.990999954348479e-19,1.9909999543484792e-21,100.0,1.990999954348479e-19,-1.990999954348479e-19,4.959903076541958e-13,2.4988284421738962e-17,7.689499197807345e-15,0.2396814877620477,5.919682094996305e-13,1.8862605197565134e-05,0.0006287535065855046
3,30000,100,300,1,100,100,1688.9202105698726,5.629734035232908,3.289868133696453e-15,1.0924553933324988e-23,0.001083221146957761,17.54206870863004,5.021266778738599e-10,1.0878284718492256e-12,1.0878284718492256e-12,2.731138483331247e-22,2.731138483331247e-24,100.0,2.731138483331247e-22,-2.731138483331247e-22,1.837001139459984e-14,2.4988284421738962e-17,7.689499197807345e-15,0.2396814877620477,2.192474849998631e-14,1.8862605197565134e-05,0.0018862605197565137
3,100000,100,300,1,100,100,1688.9202105698726,5.629734035232908,8.882643960980423e-17,7.963999817393918e-27,0.001083221146957761,17.54206870863004,1.3557420302594221e-11,2.937136873992909e-14,2.937136873992909e-14,1.9909999543484797e-25,1.9909999543484795e-27,100.0,1.9909999543484797e-25,-1.9909999543484797e-25,4.959903076541957e-16,2.4988284421738962e-17,7.689499197807345e-15,0.2396814877620477,5.919682094996305e-16,1.8862605197565134e-05,0.006287535065855045
3,3000,100,300,10,0.5,0.5,8.444601052849363,0.2814867017616454,3.289868133696453e-10,2.731138483331248e-19,2.1664422939155217,1.2404115739912644,1.7752858946963978e-09,7.692108892123868e-09,7.692108892123868e-09,6.8278462083281185e-18,6.82784620832812e-20,100.0,6.8278462083281185e-18,-6.8278462083281185e-18,1.2989559627595698e-12,2.4988284421738962e-17,3.844749598903672e-17,0.0014880563062429739,2.1924748499986317e-09,1.8862605197565134e-05,0.00018862605197565136
3,10000,100,300,10,0.5,0.5,8.444601052849363,0.2814867017616454,8.882643960980424e-12,1.99099995434848e-22,2.1664422939155217,1.2404115739912644,4.793271915680275e-11,2.0768694008734446e-10,2.0768694008734446e-10,4.9774998858712e-21,4.9774998858712e-23,100.0,4.9774998858712e-21,-4.9774998858712e-21,3.5071810994508384e-14,2.4988284421738962e-17,3.844749598903672e-17,0.0014880563062429739,5.919682094996305e-11,1.8862605197565134e-05,0.0006287535065855046
3,30000,100,300,10,0.5,0.5,8.444601052849363,0.2814867017616454,3.2898681336964533e-13,2.7311384833312483e-25,2.1664422939155217,1.2404115739912644,1.775285894696398e-12,7.692108892123868e-12,7.692108892123868e-12,6.82784620832812e-24,6.827846208328121e-26,100.0,6.82784620832812e-24,-6.82784620832812e-24,1.2989559627595696e-15,2.4988284421738962e-17,3.844749598903672e-17,0.0014880563062429739,2.192474849998632e-12,1.8862605197565134e-05,0.0018862605197565137
3,100000,100,300,10,0.5,0.5,8.444601052849363,0.2814867017616454,8.882643960980424e-15,1.99099995434848e-28,2.1664422939155217,1.2404115739912644,4.793271915680275e-14,2.0768694008734444e-13,2.0768694008734444e-13,4.9774998858711996e-27,4.9774998858712e-29,100.0,4.9774998858711996e-27,-4.9774998858711996e-27,3.5071810994508386e-17,2.4988284421738962e-17,3.844749598903672e-17,0.0014880563062429739,5.919682094996306e-14,1.8862605197565134e-05,0.006287535065855045
3,3000,100,300,10,2.5,2.5,42.223005264246815,1.407433508808227,3.289868133696453e-10,6.827846208328119e-18,0.43328845878310435,2.7736445995219774,1.9848299700188397e-08,1.7200078373119565e-08,1.7200078373119565e-08,1.70696155208203e-16,1.7069615520820298e-18,100.0,1.70696155208203e-16,-1.70696155208203e-16,2.904553832509083e-12,2.4988284421738962e-17,1.9223747994518361e-16,0.0070003570832352984,2.1924748499986317e-09,1.8862605197565134e-05,0.00018862605197565136
3,10000,100,300,10,2.5,2.5,42.223005264246815,1.407433508808227,8.882643960980424e-12,4.9774998858711995e-21,0.43328845878310435,2.7736445995219774,5.359040919050867e-10,4.6440211607422827e-10,4.6440211607422827e-10,1.2443749714678e-19,1.2443749714677999e-21,100.0,1.2443749714678e-19,-1.2443749714678e-19,7.842295347774523e-14,2.4988284421738962e-17,1.9223747994518361e-16,0.0070003570832352984,5.919682094996305e-11,1.8862605197565134e-05,0.0006287535065855046
3,30000,100,300,10,2.5,2.5,42.223005264246815,1.407433508808227,3.2898681336964533e-13,6.82784620832812e-24,0.43328845878310435,2.7736445995219774,1.9848299700188396e-11,1.7200078373119567e-11,1.7200078373119567e-11,1.70696155208203e-22,1.70696155208203e-24,100.0,1.70696155208203e-22,-1.70696155208203e-22,2.9045538325090825e-15,2.4988284421738962e-17,1.9223747994518361e-16,0.0070003570832352984,2.192474849998632e-12,1.8862605197565134e-05,0.0018862605197565137
3,100000,100,300,10,2.5,2.5,42.223005264246815,1.407433508808227,8.882643960980424e-15,4.9774998858711996e-27,0.43328845878310435,2.7736445995219774,5.359040919050867e-13,4.644021160742283e-13,4.644021160742283e-13,1.2443749714677999e-25,1.2443749714677999e-27,100.0,1.2443749714677999e-25,-1.2443749714677999e-25,7.842295347774524e-17,2.4988284421738962e-17,1.9223747994518361e-16,0.0070003570832352984,5.919682094996306e-14,1.8862605197565134e-05,0.006287535065855045
3,3000,100,300,10,10,10,168.89202105698726,5.629734035232908,3.289868133696453e-10,1.0924553933324991e-16,0.10832211469577609,5.547289199043955,1.5878639760150717e-07,3.440015674623913e-08,3.440015674623913e-08,2.731138483331248e-15,2.7311384833312477e-17,100.0,2.731138483331248e-15,-2.731138483331248e-15,5.809107665018166e-12,2.4988284421738962e-17,7.689499197807345e-16,0.02648570715639577,2.1924748499986317e-09,1.8862605197565134e-05,0.00018862605197565136
3,10000,100,300,10,10,10,168.89202105698726,5.629734035232908,8.882643960980424e-12,7.963999817393919e-20,0.10832211469577609,5.547289199043955,4.287232735240694e-09,9.288042321484565e-10,9.288042321484565e-10,1.99099995434848e-18,1.9909999543484798e-20,100.0,1.99099995434848e-18,-1.99099995434848e-18,1.5684590695549047e-13,2.4988284421738962e-17,7.689499197807345e-16,0.02648570715639577,5.919682094996305e-11,1.8862605197565134e-05,0.0006287535065855046
3,30000,100,300,10,10,10,168.89202105698726,5.629734035232908,3.2898681336964533e-13,1.0924553933324993e-22,0.10832211469577609,5.547289199043955,1.5878639760150716e-10,3.4400156746239133e-11,3.4400156746239133e-11,2.731138483331248e-21,2.731138483331248e-23,100.0,2.731138483331248e-21,-2.731138483331248e-21,5.809107665018165e-15,2.4988284421738962e-17,7.689499197807345e-16,0.02648570715639577,2.192474849998632e-12,1.8862605197565134e-05,0.0018862605197565137
3,100000,100,300,10,10,10,168.89202105698726,5.629734035232908,8.882643960980424e-15,7.963999817393919e-26,0.10832211469577609,5.547289199043955,4.287232735240694e-12,9.288042321484565e-13,9.288042321484565e-13,1.9909999543484798e-24,1.9909999543484799e-26,100.0,1.9909999543484798e-24,-1.9909999543484798e-24,1.5684590695549048e-16,2.4988284421738962e-17,7.689499197807345e-16,0.02648570715639577,5.919682094996306e-14,1.8862605197565134e-05,0.006287535065855045
3,3000,100,300,10,50,50,844.4601052849363,28.14867017616454,3.289868133696453e-10,2.7311384833312475e-15,0.021664422939155246,12.404115739912635,1.7752858946963954e-06,7.692108892123862e-08,7.692108892123868e-08,6.827846208328108e-14,6.82784620832811e-16,99.99999999999986,6.827846208328099e-14,2.7758114927290266e-15,1.2989559627595687e-11,2.4988284421738962e-17,3.8447495989036664e-15,0.12363004682238742,2.1924748499986317e-09,1.8862605197565134e-05,0.00018862605197565136
3,10000,100,300,10,50,50,844.4601052849363,28.14867017616454,8.882643960980424e-12,1.9909999543484796e-18,0.021664422939155218,12.404115739912644,4.793271915680275e-08,2.0768694008734443e-09,2.0768694008734443e-09,4.9774998858711996e-17,4.977499885871199e-19,100.0,4.9774998858711996e-17,-4.9774998858711996e-17,3.507181099450838e-13,2.4988284421738962e-17,3.844749598903673e-15,0.12363004682238742,5.919682094996305e-11,1.8862605197565134e-05,0.0006287535065855046
3,30000,100,300,10,50,50,844.4601052849363,28.14867017616454,3.2898681336964533e-13,2.731138483331248e-21,0.021664422939155218,12.404115739912644,1.7752858946963982e-09,7.692108892123869e-11,7.692108892123869e-11,6.827846208328121e-20,6.82784620832812e-22,100.0,6.827846208328121e-20,-6.827846208328121e-20,1.2989559627595696e-14,2.4988284421738962e-17,3.844749598903673e-15,0.12363004682238742,2.192474849998632e-12,1.8862605197565134e-05,0.0018862605197565137
3,100000,100,300,10,50,50,844.4601052849363,28.14867017616454,8.882643960980424e-15,1.9909999543484798e-24,0.021664422939155218,12.404115739912644,4.793271915680275e-11,2.0768694008734444e-12,2.0768694008734444e-12,4.9774998858711994e-23,4.977499885871199e-25,100.0,4.9774998858711994e-23,-4.9774998858711994e-23,3.5071810994508385e-16,2.4988284421738962e-17,3.844749598903673e-15,0.12363004682238742,5.919682094996306e-14,1.8862605197565134e-05,0.006287535065855045
3,3000,100,300,10,100,100,1688.9202105698726,56.29734035232908,3.289868133696453e-10,1.092455393332499e-14,0.010832211469577666,17.54206870862999,5.021266778738573e-06,1.0878284718492225e-07,1.0878284718492257e-07,2.731138483331232e-13,2.731138483331233e-15,99.99999999999945,2.7311384833312175e-13,1.1103245970918328e-14,1.8370011394599794e-11,2.4988284421738962e-17,7.689499197807303e-15,0.2396814877620477,2.1924748499986317e-09,1.8862605197565134e-05,0.00018862605197565136
3,10000,100,300,10,100,100,1688.9202105698726,56.29734035232908,8.882643960980424e-12,7.963999817393919e-18,0.010832211469577609,17.54206870863004,1.3557420302594223e-07,2.9371368739929096e-09,2.9371368739929096e-09,1.9909999543484798e-16,1.9909999543484796e-18,100.0,1.9909999543484798e-16,-1.9909999543484798e-16,4.959903076541958e-13,2.4988284421738962e-17,7.689499197807345e-15,0.2396814877620477,5.919682094996305e-11,1.8862605197565134e-05,0.0006287535065855046
3,30000,100,300,10,100,100,1688.9202105698726,56.29734035232908,3.2898681336964533e-13,1.0924553933324992e-20,0.010832211469577609,17.54206870863004,5.021266778738601e-09,1.0878284718492258e-10,1.0878284718492258e-10,2.7311384833312484e-19,2.731138483331248e-21,100.0,2.7311384833312484e-19,-2.7311384833312484e-19,1.837001139459984e-14,2.4988284421738962e-17,7.689499197807345e-15,0.2396814877620477,2.192474849998632e-12,1.8862605197565134e-05,0.0018862605197565137
3,100000,100,300,10,100,100,1688.9202105698726,56.29734035232908,8.882643960980424e-15,7.963999817393919e-24,0.010832211469577609,17.54206870863004,1.3557420302594223e-10,2.937136873992909e-12,2.937136873992909e-12,1.9909999543484798e-22,1.9909999543484798e-24,100.0,1.9909999543484798e-22,-1.9909999543484798e-22,4.959903076541957e-16,2.4988284421738962e-17,7.689499197807345e-15,0.2396814877620477,5.919682094996306e-14,1.8862605197565134e-05,0.006287535065855045
3,3000,100,300,100,0.5,0.5,8.444601052849363,2.814867017616455,3.289868133696453e-08,2.7311384833312484e-16,21.664422939155216,1.2404115739912644,1.775285894696398e-08,7.692108892123868e-07,7.692108892123868e-07,6.8278462083281196e-15,6.827846208328121e-17,99.99999999999999,6.8278462083281196e-15,7.383008506873885e-15,1.2989559627595698e-12,2.4988284421738962e-17,3.844749598903672e-17,0.0014880563062429739,2.1924748499986317e-07,1.8862605197565134e-05,0.00018862605197565136
3,10000,100,300,100,0.5,0.5,8.444601052849363,2.814867017616455,8.882643960980423e-10,1.9909999543484794e-19,21.664422939155216,1.2404115739912644,4.793271915680275e-10,2.0768694008734442e-08,2.0768694008734442e-08,4.977499885871199e-18,4.9774998858711986e-20,100.0,4.977499885871199e-18,-4.977499885871199e-18,3.5071810994508384e-14,2.4988284421738962e-17,3.844749598903672e-17,0.0014880563062429739,5.919682094996305e-09,1.8862605197565134e-05,0.0006287535065855046
3,30000,100,300,100,0.5,0.5,8.444601052849363,2.814867017616455,3.289868133696453e-11,2.7311384833312483e-22,21.664422939155216,1.2404115739912644,1.775285894696398e-11,7.692108892123868e-10,7.692108892123868e-10,6.82784620832812e-21,6.827846208328121e-23,100.0,6.82784620832812e-21,-6.82784620832812e-21,1.2989559627595696e-15,2.4988284421738962e-17,3.844749598903672e-17,0.0014880563062429739,2.1924748499986316e-10,1.8862605197565134e-05,0.0018862605197565137
3,100000,100,300,100,0.5,0.5,8.444601052849363,2.814867017616455,8.882643960980423e-13,1.9909999543484801e-25,21.664422939155216,1.2404115739912644,4.793271915680275e-13,2.0768694008734444e-11,2.0768694008734444e-11,4.977499885871201e-24,4.9774998858712004e-26,100.0,4.977499885871201e-24,-4.977499885871201e-24,3.5071810994508386e-17,2.4988284421738962e-17,3.844749598903672e-17,0.0014880563062429739,5.919682094996306e-12,1.8862605197565134e-05,0.006287535065855045
3,3000,100,300,100,2.5,2.5,42.223005264246815,14.074335088082274,3.289868133696453e-08,6.8278462083281196e-15,4.332884587831058,2.7736445995219725,1.984829970018833e-07,1.7200078373119535e-06,1.7200078373119565e-06,1.7069615520820242e-13,1.7069615520820238e-15,99.99999999999966,1.7069615520820186e-13,-1.658986257778169e-16,2.904553832509078e-12,2.4988284421738962e-17,1.9223747994518297e-16,0.0070003570832352984,2.1924748499986317e-07,1.8862605197565134e-05,0.00018862605197565136
3,10000,100,300,100,2.5,2.5,42.223005264246815,14.074335088082274,8.882643960980423e-10,4.977499885871198e-18,4.332884587831043,2.7736445995219774,5.359040919050866e-09,4.644021160742282e-08,4.644021160742282e-08,1.2443749714677995e-16,1.2443749714677995e-18,100.0,1.2443749714677995e-16,-1.2443749714677995e-16,7.842295347774523e-14,2.4988284421738962e-17,1.9223747994518361e-16,0.0070003570832352984,5.919682094996305e-09,1.8862605197565134e-05,0.0006287535065855046
3,30000,100,300,100,2.5,2.5,42.223005264246815,14.074335088082274,3.289868133696453e-11,6.82784620832812e-21,4.332884587831043,2.7736445995219774,1.9848299700188397e-10,1.7200078373119565e-09,1.7200078373119565e-09,1.70696155208203e-19,1.70696155208203e-21,100.0,1.70696155208203e-19,-1.70696155208203e-19,2.9045538325090825e-15,2.4988284421738962e-17,1.9223747994518361e-16,0.0070003570832352984,2.1924748499986316e-10,1.8862605197565134e-05,0.0018862605197565137
3,100000,100,300,100,2.5,2.5,42.223005264246815,14.074335088082274,8.882643960980423e-13,4.977499885871199e-24,4.332884587831043,2.7736445995219774,5.359040919050868e-12,4.644021160742283e-11,4.644021160742283e-11,1.2443749714678e-22,1.2443749714677998e-24,100.0,1.2443749714678e-22,-1.2443749714678e-22,7.842295347774524e-17,2.4988284421738962e-17,1.9223747994518361e-16,0.0070003570832352984,5.919682094996306e-12,1.8862605197565134e-05,0.006287535065855045
3,3000,100,300,100,10,10,168.89202105698726,56.297340352329094,3.289868133696453e-08,1.0924553933324991e-13,1.08322114695782,5.547289199043803,1.5878639760149851e-06,3.440015674623819e-06,3.440015674623913e-06,2.731138483331099e-12,2.7311384833310986e-14,99.99999999999454,2.73113848333095e-12,-2.65437801216517e-15,5.8091076650180076e-12,2.4988284421738962e-17,7.689499197806924e-16,0.02648570715639577,2.1924748499986317e-07,1.8862605197565134e-05,0.00018862605197565136
3,10000,100,300,100,10,10,168.89202105698726,56.297340352329094,8.882643960980423e-10,7.963999817393917e-17,1.0832211469577608,5.547289199043955,4.287232735240693e-08,9.288042321484564e-08,9.288042321484564e-08,1.9909999543484792e-15,1.9909999543484792e-17,100.0,1.9909999543484792e-15,-1.9909999543484792e-15,1.5684590695549047e-13,2.4988284421738962e-17,7.689499197807345e-16,0.02648570715639577,5.919682094996305e-09,1.8862605197565134e-05,0.0006287535065855046
3,30000,100,300,100,10,10,168.89202105698726,56.297340352329094,3.289868133696453e-11,1.0924553933324992e-19,1.0832211469577608,5.547289199043955,1.5878639760150718e-09,3.440015674623913e-09,3.440015674623913e-09,2.731138483331248e-18,2.731138483331248e-20,100.0,2.731138483331248e-18,-2.731138483331248e-18,5.809107665018165e-15,2.4988284421738962e-17,7.689499197807345e-16,0.02648570715639577,2.1924748499986316e-10,1.8862605197565134e-05,0.0018862605197565137
3,100000,100,300,100,10,10,168.89202105698726,56.297340352329094,8.882643960980423e-13,7.963999817393919e-23,1.0832211469577608,5.547289199043955,4.2872327352406944e-11,9.288042321484566e-11,9.288042321484566e-11,1.99099995434848e-21,1.9909999543484797e-23,100.0,1.99099995434848e-21,-1.99099995434848e-21,1.5684590695549048e-16,2.4988284421738962e-17,7.689499197807345e-16,0.02648570715639577,5.919682094996306e-12,1.8862605197565134e-05,0.006287535065855045
3,3000,100,300,100,50,50,844.4601052849363,281.48670176164546,3.289868133696453e-08,2.7311384833312476e-12,0.21664422939184802,12.404115739904174,1.775285894693974e-05,7.692108892118616e-06,7.692108892123868e-06,6.827846208318798e-11,6.827846208318795e-13,99.99999999986345,6.827846208309474e-11,-9.516031264312562e-15,1.2989559627586827e-11,2.4988284421738962e-17,3.844749598898422e-15,0.12363004682238742,2.1924748499986317e-07,1.8862605197565134e-05,0.00018862605197565136
3,10000,100,300,100,50,50,844.4601052849363,281.48670176164546,8.882643960980423e-10,1.990999954348479e-15,0.21664422939155237,12.404115739912637,4.793271915680269e-07,2.0768694008734428e-07,2.0768694008734442e-07,4.977499885871193e-14,4.977499885871193e-16,99.9999999999999,4.977499885871188e-14,-7.142434713105872e-15,3.507181099450836e-13,2.4988284421738962e-17,3.844749598903668e-15,0.12363004682238742,5.919682094996305e-09,1.8862605197565134e-05,0.0006287535065855046
3,30000,100,300,100,50,50,844.4601052849363,281.48670176164546,3.289868133696453e-11,2.7311384833312475e-18,0.21664422939155217,12.404115739912644,1.775285894696398e-08,7.692108892123868e-09,7.692108892123868e-09,6.82784620832812e-17,6.827846208328119e-19,100.0,6.82784620832812e-17,-6.82784620832812e-17,1.2989559627595696e-14,2.4988284421738962e-17,3.844749598903673e-15,0.12363004682238742,2.1924748499986316e-10,1.8862605197565134e-05,0.0018862605197565137
3,100000,100,300,100,50,50,844.4601052849363,281.48670176164546,8.882643960980423e-13,1.9909999543484796e-21,0.21664422939155217,12.404115739912644,4.793271915680275e-10,2.0768694008734443e-10,2.0768694008734443e-10,4.9774998858712e-20,4.977499885871199e-22,100.0,4.9774998858712e-20,-4.9774998858712e-20,3.5071810994508385e-16,2.4988284421738962e-17,3.844749598903673e-15,0.12363004682238742,5.919682094996306e-12,1.8862605197565134e-05,0.006287535065855045
3,3000,100,300,100,100,100,1688.9202105698726,562.9734035232909,3.289868133696453e-08,1.092455393332499e-11,0.10832211469636778,17.54206870858213,5.021266778711173e-05,1.0878284718462546e-05,1.0878284718492257e-05,2.7311384833163294e-10,2.7311384833163292e-12,99.99999999945376,2.731138483301411e-10,4.568441326189513e-15,1.8370011394549672e-11,2.4988284421738962e-17,7.689499197765342e-15,0.2396814877620477,2.1924748499986317e-07,1.8862605197565134e-05,0.00018862605197565136
3,10000,100,300,100,100,100,1688.9202105698726,562.9734035232909,8.882643960980423e-10,7.963999817393915e-15,0.10832211469577652,17.542068708630005,1.3557420302594168e-06,2.937136873992903e-07,2.937136873992909e-07,1.9909999543484715e-13,1.990999954348471e-15,99.9999999999996,1.9909999543484635e-13,-1.480294220182938e-16,4.959903076541948e-13,2.4988284421738962e-17,7.689499197807314e-15,0.2396814877620477,5.919682094996305e-09,1.8862605197565134e-05,0.0006287535065855046
3,30000,100,300,100,100,100,1688.9202105698726,562.9734035232909,3.289868133696453e-11,1.092455393332499e-17,0.10832211469577609,17.54206870863004,5.0212667787386e-08,1.0878284718492256e-08,1.0878284718492256e-08,2.731138483331248e-16,2.7311384833312475e-18,100.0,2.731138483331248e-16,-2.731138483331248e-16,1.837001139459984e-14,2.4988284421738962e-17,7.689499197807345e-15,0.2396814877620477,2.1924748499986316e-10,1.8862605197565134e-05,0.0018862605197565137
3,100000,100,300,100,100,100,1688.9202105698726,562.9734035232909,8.882643960980423e-13,7.963999817393918e-21,0.10832211469577609,17.54206870863004,1.3557420302594223e-09,2.9371368739929097e-10,2.9371368739929097e-10,1.99099995434848e-19,1.9909999543484796e-21,100.0,1.99099995434848e-19,-1.99099995434848e-19,4.959903076541957e-16,2.4988284421738962e-17,7.689499197807345e-15,0.2396814877620477,5.919682094996306e-12,1.8862605197565134e-05,0.006287535065855045
3,10000,100,1000,1,0.5,0.5,28.148670176164543,0.028148670176164545,9.869604401089358e-13,7.37407390499437e-24,0.21664422939155217,0.679401399665504,2.9170923916378746e-11,1.2639424665006943e-11,1.2639424665006943e-11,1.8435184762485923e-22,1.8435184762485923e-24,100.0,1.8435184762485923e-22,-1.8435184762485923e-22,2.13440244602777e-13,3.084973385399872e-15,1.4239813329272864e-15,0.001619694082943401,6.577424549995894e-12,6.287535065855045e-05,0.0006287535065855046
3,30000,100,1000,1,0.5,0.5,28.148670176164543,0.028148670176164545,3.655409037440503e-14,1.011532771604166e-26,0.21664422939155217,0.679401399665504,1.080404589495509e-12,4.681268394447017e-13,4.681268394447017e-13,2.5288319290104148e-25,2.528831929010415e-27,100.0,2.5288319290104148e-25,-2.5288319290104148e-25,7.905194244547296e-15,3.084973385399872e-15,1.4239813329272864e-15,0.001619694082943401,2.436083166665146e-13,6.287535065855045e-05,0.0018862605197565137
3,100000,100,1000,1,0.5,0.5,28.148670176164543,0.028148670176164545,9.869604401089359e-16,7.374073904994371e-30,0.21664422939155217,0.679401399665504,2.9170923916378745e-14,1.2639424665006944e-14,1.2639424665006944e-14,1.8435184762485925e-28,1.8435184762485928e-30,100.0,1.8435184762485925e-28,-1.8435184762485925e-28,2.13440244602777e-16,3.084973385399872e-15,1.4239813329272864e-15,0.001619694082943401,6.577424549995894e-15,6.287535065855045e-05,0.006287535065855045
3,10000,100,1000,1,2.5,2.5,140.7433508808227,0.1407433508808227,9.869604401089358e-13,1.8435184762485919e-22,0.043328845878310436,1.5191877136605696,3.261408442174863e-10,2.826261274744303e-11,2.826261274744303e-11,4.60879619062148e-21,4.6087961906214797e-23,100.0,4.60879619062148e-21,-4.60879619062148e-21,4.77266896065992e-13,3.084973385399872e-15,7.11990666463643e-15,0.007658545966737434,6.577424549995894e-12,6.287535065855045e-05,0.0006287535065855046
3,30000,100,1000,1,2.5,2.5,140.7433508808227,0.1407433508808227,3.655409037440503e-14,2.5288319290104143e-25,0.043328845878310436,1.5191877136605696,1.2079290526573568e-11,1.0467634350904827e-12,1.0467634350904827e-12,6.322079822526037e-24,6.322079822526036e-26,100.0,6.322079822526037e-24,-6.322079822526037e-24,1.7676551706147848e-14,3.084973385399872e-15,7.11990666463643e-15,0.007658545966737434,2.436083166665146e-13,6.287535065855045e-05,0.0018862605197565137
3,100000,100,1000,1,2.5,2.5,140.7433508808227,0.1407433508808227,9.869604401089359e-16,1.8435184762485923e-28,0.043328845878310436,1.5191877136605696,3.2614084421748634e-13,2.8262612747443033e-14,2.8262612747443033e-14,4.608796190621481e-27,4.6087961906214807e-29,100.0,4.608796190621481e-27,-4.608796190621481e-27,4.77266896065992e-16,3.084973385399872e-15,7.11990666463643e-15,0.007658545966737434,6.577424549995894e-15,6.287535065855045e-05,0.006287535065855045
3,10000,100,1000,1,10,10,562.9734035232908,0.5629734035232908,9.869604401089358e-13,2.949629561997747e-21,0.010832211469577609,3.038375427321139,2.60912675373989e-09,5.652522549488606e-11,5.652522549488606e-11,7.374073904994368e-20,7.3740739049943675e-22,100.0,7.374073904994368e-20,-7.374073904994368e-20,9.54533792131984e-13,3.084973385399872e-15,2.847962665854572e-14,0.029118462690404304,6.577424549995894e-12,6.287535065855045e-05,0.0006287535065855046
3,30000,100,1000,1,10,10,562.9734035232908,0.5629734035232908,3.655409037440503e-14,4.046131086416663e-24,0.010832211469577609,3.038375427321139,9.663432421258854e-11,2.0935268701809654e-12,2.0935268701809654e-12,1.011532771604166e-22,1.0115327716041657e-24,100.0,1.011532771604166e-22,-1.011532771604166e-22,3.5353103412295696e-14,3.084973385399872e-15,2.847962665854572e-14,0.029118462690404304,2.436083166665146e-13,6.287535065855045e-05,0.0018862605197565137
3,100000,100,1000,1,10,10,562.9734035232908,0.5629734035232908,9.869604401089359e-16,2.9496295619977477e-27,0.010832211469577609,3.038375427321139,2.6091267537398907e-12,5.6525225494886065e-14,5.6525225494886065e-14,7.37407390499437e-26,7.374073904994369e-28,100.0,7.37407390499437e-26,-7.37407390499437e-26,9.54533792131984e-16,3.084973385399872e-15,2.847962665854572e-14,0.029118462690404304,6.577424549995894e-15,6.287535065855045e-05,0.006287535065855045
3,10000,100,1000,1,50,50,2814.867017616454,2.814867017616454,9.869604401089358e-13,7.374073904994368e-20,0.002166442293915522,6.79401399665504,2.917092391637874e-08,1.2639424665006943e-10,1.2639424665006943e-10,1.843518476248592e-18,1.843518476248592e-20,100.0,1.843518476248592e-18,-1.843518476248592e-18,2.1344024460277705e-12,3.084973385399872e-15,1.4239813329272862e-13,0.13679382449243013,6.577424549995894e-12,6.287535065855045e-05,0.0006287535065855046
3,30000,100,1000,1,50,50,2814.867017616454,2.814867017616454,3.655409037440503e-14,1.0115327716041657e-22,0.002166442293915522,6.79401399665504,1.0804045894955088e-09,4.681268394447017e-12,4.681268394447017e-12,2.528831929010414e-21,2.5288319290104143e-23,100.0,2.528831929010414e-21,-2.528831929010414e-21,7.905194244547296e-14,3.084973385399872e-15,1.4239813329272862e-13,0.13679382449243013,2.436083166665146e-13,6.287535065855045e-05,0.0018862605197565137
3,100000,100,1000,1,50,50,2814.867017616454,2.814867017616454,9.869604401089359e-16,7.374073904994369e-26,0.002166442293915522,6.79401399665504,2.9170923916378746e-11,1.2639424665006946e-13,1.2639424665006946e-13,1.8435184762485923e-24,1.8435184762485922e-26,100.0,1.8435184762485923e-24,-1.8435184762485923e-24,2.1344024460277703e-15,3.084973385399872e-15,1.4239813329272862e-13,0.13679382449243013,6.577424549995894e-15,6.287535065855045e-05,0.006287535065855045
3,10000,100,1000,1,100,100,5629.734035232908,5.629734035232908,9.869604401089358e-13,2.949629561997747e-19,0.001083221146957761,9.608186737022193,8.250783245899299e-08,1.7874845781845831e-10,1.7874845781845831e-10,7.374073904994368e-18,7.374073904994368e-20,100.0,7.374073904994368e-18,-7.374073904994368e-18,3.018500886734781e-12,3.084973385399872e-15,2.8479626658545723e-13,0.2660090431021331,6.577424549995894e-12,6.287535065855045e-05,0.0006287535065855046
3,30000,100,1000,1,100,100,5629.734035232908,5.629734035232908,3.655409037440503e-14,4.046131086416663e-22,0.001083221146957761,9.608186737022193,3.05584564662937e-09,6.620313252535494e-12,6.620313252535494e-12,1.0115327716041657e-20,1.0115327716041657e-22,100.0,1.0115327716041657e-20,-1.0115327716041657e-20,1.117963291383252e-13,3.084973385399872e-15,2.8479626658545723e-13,0.2660090431021331,2.436083166665146e-13,6.287535065855045e-05,0.0018862605197565137
3,100000,100,1000,1,100,100,5629.734035232908,5.629734035232908,9.869604401089359e-16,2.9496295619977475e-25,0.001083221146957761,9.608186737022193,8.2507832458993e-11,1.7874845781845835e-13,1.7874845781845835e-13,7.37407390499437e-24,7.374073904994369e-26,100.0,7.37407390499437e-24,-7.37407390499437e-24,3.0185008867347807e-15,3.084973385399872e-15,2.8479626658545723e-13,0.2660090431021331,6.577424549995894e-15,6.287535065855045e-05,0.006287535065855045
3,10000,100,1000,10,0.5,0.5,28.148670176164543,0.2814867017616454,9.869604401089359e-11,7.374073904994371e-21,2.1664422939155217,0.679401399665504,2.9170923916378745e-10,1.2639424665006944e-09,1.2639424665006944e-09,1.8435184762485927e-19,1.8435184762485928e-21,100.0,1.8435184762485927e-19,-1.8435184762485927e-19,2.13440244602777e-13,3.084973385399872e-15,1.4239813329272864e-15,0.001619694082943401,6.577424549995894e-10,6.287535065855045e-05,0.0006287535065855046
3,30000,100,1000,10,0.5,0.5,28.148670176164543,0.2814867017616454,3.6554090374405035e-12,1.0115327716041661e-23,2.1664422939155217,0.679401399665504,1.0804045894955092e-11,4.681268394447016e-11,4.681268394447016e-11,2.528831929010415e-22,2.5288319290104153e-24,100.0,2.528831929010415e-22,-2.528831929010415e-22,7.905194244547296e-15,3.084973385399872e-15,1.4239813329272864e-15,0.001619694082943401,2.436083166665146e-11,6.287535065855045e-05,0.0018862605197565137
3,100000,100,1000,10,0.5,0.5,28.148670176164543,0.2814867017616454,9.869604401089359e-14,7.374073904994371e-27,2.1664422939155217,0.679401399665504,2.917092391637875e-13,1.2639424665006945e-12,1.2639424665006945e-12,1.8435184762485928e-25,1.8435184762485928e-27,100.0,1.8435184762485928e-25,-1.8435184762485928e-25,2.13440244602777e-16,3.084973385399872e-15,1.4239813329272864e-15,0.001619694082943401,6.577424549995895e-13,6.287535065855045e-05,0.006287535065855045
3,10000,100,1000,10,2.5,2.5,140.7433508808227,1.407433508808227,9.869604401089359e-11,1.8435184762485922e-19,0.43328845878310435,1.5191877136605696,3.2614084421748633e-09,2.8262612747443033e-09,2.8262612747443033e-09,4.608796190621481e-18,4.6087961906214805e-20,100.0,4.608796190621481e-18,-4.608796190621481e-18,4.77266896065992e-13,3.084973385399872e-15,7.11990666463643e-15,0.007658545966737434,6.577424549995894e-10,6.287535065855045e-05,0.0006287535065855046
3,30000,100,1000,10,2.5,2.5,140.7433508808227,1.407433508808227,3.6554090374405035e-12,2.5288319290104147e-22,0.43328845878310435,1.5191877136605696,1.2079290526573567e-10,1.0467634350904826e-10,1.0467634350904826e-10,6.3220798225260364e-21,6.322079822526037e-23,100.0,6.3220798225260364e-21,-6.3220798225260364e-21,1.7676551706147848e-14,3.084973385399872e-15,7.11990666463643e-15,0.007658545966737434,2.436083166665146e-11,6.287535065855045e-05,0.0018862605197565137
3,100000,100,1000,10,2.5,2.5,140.7433508808227,1.407433508808227,9.869604401089359e-14,1.8435184762485924e-25,0.43328845878310435,1.5191877136605696,3.2614084421748636e-12,2.8262612747443035e-12,2.8262612747443035e-12,4.608796190621482e-24,4.608796190621481e-26,100.0,4.608796190621482e-24,-4.608796190621482e-24,4.77266896065992e-16,3.084973385399872e-15,7.11990666463643e-15,0.007658545966737434,6.577424549995895e-13,6.287535065855045e-05,0.006287535065855045
3,10000,100,1000,10,10,10,562.9734035232908,5.629734035232908,9.869604401089359e-11,2.9496295619977475e-18,0.10832211469577609,3.038375427321139,2.6091267537398906e-08,5.6525225494886066e-09,5.6525225494886066e-09,7.37407390499437e-17,7.374073904994369e-19,100.0,7.37407390499437e-17,-7.37407390499437e-17,9.54533792131984e-13,3.084973385399872e-15,2.847962665854572e-14,0.029118462690404304,6.577424549995894e-10,6.287535065855045e-05,0.0006287535065855046
3,30000,100,1000,10,10,10,562.9734035232908,5.629734035232908,3.6554090374405035e-12,4.0461310864166636e-21,0.10832211469577609,3.038375427321139,9.663432421258854e-10,2.0935268701809653e-10,2.0935268701809653e-10,1.0115327716041658e-19,1.0115327716041659e-21,100.0,1.0115327716041658e-19,-1.0115327716041658e-19,3.5353103412295696e-14,3.084973385399872e-15,2.847962665854572e-14,0.029118462690404304,2.436083166665146e-11,6.287535065855045e-05,0.0018862605197565137
3,100000,100,1000,10,10,10,562.9734035232908,5.629734035232908,9.869604401089359e-14,2.9496295619977478e-24,0.10832211469577609,3.038375427321139,2.609126753739891e-11,5.652522549488607e-12,5.652522549488607e-12,7.374073904994371e-23,7.3740739049943695e-25,100.0,7.374073904994371e-23,-7.374073904994371e-23,9.54533792131984e-16,3.084973385399872e-15,2.847962665854572e-14,0.029118462690404304,6.577424549995895e-13,6.287535065855045e-05,0.006287535065855045
3,10000,100,1000,10,50,50,2814.867017616454,28.14867017616454,9.869604401089359e-11,7.37407390499437e-17,0.021664422939155218,6.79401399665504,2.9170923916378743e-07,1.2639424665006944e-08,1.2639424665006944e-08,1.8435184762485924e-15,1.8435184762485924e-17,100.0,1.8435184762485924e-15,-1.8435184762485924e-15,2.1344024460277705e-12,3.084973385399872e-15,1.4239813329272862e-13,0.13679382449243013,6.577424549995894e-10,6.287535065855045e-05,0.0006287535065855046
3,30000,100,1000,10,50,50,2814.867017616454,28.14867017616454,3.6554090374405035e-12,1.0115327716041658e-19,0.021664422939155218,6.79401399665504,1.080404589495509e-08,4.681268394447017e-10,4.681268394447017e-10,2.528831929010415e-18,2.5288319290104146e-20,100.0,2.528831929010415e-18,-2.528831929010415e-18,7.905194244547296e-14,3.084973385399872e-15,1.4239813329272862e-13,0.13679382449243013,2.436083166665146e-11,6.287535065855045e-05,0.0018862605197565137
3,100000,100,1000,10,50,50,2814.867017616454,28.14867017616454,9.869604401089359e-14,7.37407390499437e-23,0.021664422939155218,6.79401399665504,2.9170923916378745e-10,1.2639424665006945e-11,1.2639424665006945e-11,1.8435184762485928e-21,1.8435184762485924e-23,100.0,1.8435184762485928e-21,-1.8435184762485928e-21,2.1344024460277703e-15,3.084973385399872e-15,1.4239813329272862e-13,0.13679382449243013,6.577424549995895e-13,6.287535065855045e-05,0.006287535065855045
3,10000,100,1000,10,100,100,5629.734035232908,56.29734035232908,9.869604401089359e-11,2.949629561997748e-16,0.010832211469577609,9.60818673702219,8.250783245899298e-07,1.787484578184583e-08,1.7874845781845834e-08,7.374073904994366e-15,7.37407390499437e-17,99.99999999999997,7.374073904994366e-15,6.836780810207637e-15,3.01850088673478e-12,3.084973385399872e-15,2.8479626658545713e-13,0.2660090431021331,6.577424549995894e-10,6.287535065855045e-05,0.0006287535065855046
3,30000,100,1000,10,100,100,5629.734035232908,56.29734035232908,3.6554090374405035e-12,4.0461310864166633e-19,0.010832211469577609,9.608186737022193,3.05584564662937e-08,6.620313252535494e-10,6.620313252535494e-10,1.011532771604166e-17,1.0115327716041658e-19,100.0,1.011532771604166e-17,-1.011532771604166e-17,1.117963291383252e-13,3.084973385399872e-15,2.8479626658545723e-13,0.2660090431021331,2.436083166665146e-11,6.287535065855045e-05,0.0018862605197565137
3,100000,100,1000,10,100,100,5629.734035232908,56.29734035232908,9.869604401089359e-14,2.949629561997748e-22,0.010832211469577609,9.608186737022193,8.250783245899301e-10,1.7874845781845836e-11,1.7874845781845836e-11,7.374073904994371e-21,7.37407390499437e-23,100.0,7.374073904994371e-21,-7.374073904994371e-21,3.0185008867347807e-15,3.084973385399872e-15,2.8479626658545723e-13,0.2660090431021331,6.577424549995895e-13,6.287535065855045e-05,0.006287535065855045
3,10000,100,1000,100,0.5,0.5,28.148670176164543,2.814867017616455,9.869604401089358e-09,7.37407390499437e-18,21.664422939155216,0.679401399665504,2.9170923916378747e-09,1.2639424665006944e-07,1.2639424665006944e-07,1.8435184762485927e-16,1.8435184762485927e-18,100.0,1.8435184762485927e-16,-1.8435184762485927e-16,2.13440244602777e-13,3.084973385399872e-15,1.4239813329272864e-15,0.001619694082943401,6.577424549995894e-08,6.287535065855045e-05,0.0006287535065855046
3,30000,100,1000,100,0.5,0.5,28.148670176164543,2.814867017616455,3.6554090374405033e-10,1.0115327716041661e-20,21.664422939155216,0.679401399665504,1.0804045894955091e-10,4.681268394447016e-09,4.681268394447016e-09,2.5288319290104153e-19,2.5288319290104153e-21,100.0,2.5288319290104153e-19,-2.5288319290104153e-19,7.905194244547296e-15,3.084973385399872e-15,1.4239813329272864e-15,0.001619694082943401,2.436083166665146e-09,6.287535065855045e-05,0.0018862605197565137
3,100000,100,1000,100,0.5,0.5,28.148670176164543,2.814867017616455,9.869604401089358e-12,7.37407390499437e-24,21.664422939155216,0.679401399665504,2.9170923916378747e-12,1.2639424665006943e-10,1.2639424665006943e-10,1.8435184762485923e-22,1.8435184762485923e-24,100.0,1.8435184762485923e-22,-1.8435184762485923e-22,2.13440244602777e-16,3.084973385399872e-15,1.4239813329272864e-15,0.001619694082943401,6.577424549995895e-11,6.287535065855045e-05,0.006287535065855045
3,10000,100,1000,100,2.5,2.5,140.7433508808227,14.074335088082274,9.869604401089358e-09,1.8435184762485924e-16,4.332884587831043,1.5191877136605696,3.261408442174863e-08,2.826261274744303e-07,2.826261274744303e-07,4.60879619062148e-15,4.608796190621481e-17,99.99999999999999,4.60879619062148e-15,9.602058524580524e-15,4.77266896065992e-13,3.084973385399872e-15,7.119906664636429e-15,0.007658545966737434,6.577424549995894e-08,6.287535065855045e-05,0.0006287535065855046
3,30000,100,1000,100,2.5,2.5,140.7433508808227,14.074335088082274,3.6554090374405033e-10,2.528831929010415e-19,4.332884587831043,1.5191877136605696,1.2079290526573567e-09,1.0467634350904826e-08,1.0467634350904826e-08,6.3220798225260365e-18,6.322079822526037e-20,100.0,6.3220798225260365e-18,-6.3220798225260365e-18,1.7676551706147848e-14,3.084973385399872e-15,7.11990666463643e-15,0.007658545966737434,2.436083166665146e-09,6.287535065855045e-05,0.0018862605197565137
3,100000,100,1000,100,2.5,2.5,140.7433508808227,14.074335088082274,9.869604401089358e-12,1.843518476248592e-22,4.332884587831043,1.5191877136605696,3.2614084421748624e-11,2.826261274744303e-10,2.826261274744303e-10,4.608796190621479e-21,4.60879619062148e-23,100.0,4.608796190621479e-21,-4.608796190621479e-21,4.77266896065992e-16,3.084973385399872e-15,7.11990666463643e-15,0.007658545966737434,6.577424549995895e-11,6.287535065855045e-05,0.006287535065855045
3,10000,100,1000,100,10,10,562.9734035232908,56.297340352329094,9.869604401089358e-09,2.949629561997748e-15,1.0832211469577622,3.038375427321137,2.609126753739887e-07,5.652522549488602e-07,5.652522549488606e-07,7.37407390499436e-14,7.37407390499436e-16,99.99999999999984,7.37407390499435e-14,1.1524389241268523e-14,9.545337921319834e-13,3.084973385399872e-15,2.847962665854568e-14,0.029118462690404304,6.577424549995894e-08,6.287535065855045e-05,0.0006287535065855046
3,30000,100,1000,100,10,10,562.9734035232908,56.297340352329094,3.6554090374405033e-10,4.046131086416664e-18,1.0832211469577608,3.038375427321139,9.663432421258854e-09,2.0935268701809653e-08,2.0935268701809653e-08,1.0115327716041658e-16,1.011532771604166e-18,100.0,1.0115327716041658e-16,-1.0115327716041658e-16,3.5353103412295696e-14,3.084973385399872e-15,2.847962665854572e-14,0.029118462690404304,2.436083166665146e-09,6.287535065855045e-05,0.0018862605197565137
3,100000,100,1000,100,10,10,562.9734035232908,56.297340352329094,9.869604401089358e-12,2.9496295619977474e-21,1.0832211469577608,3.038375427321139,2.60912675373989e-10,5.652522549488606e-10,5.652522549488606e-10,7.374073904994367e-20,7.374073904994368e-22,100.0,7.374073904994367e-20,-7.374073904994367e-20,9.54533792131984e-16,3.084973385399872e-15,2.847962665854572e-14,0.029118462690404304,6.577424549995895e-11,6.287535065855045e-05,0.006287535065855045
3,10000,100,1000,100,50,50,2814.867017616454,281.48670176164546,9.869604401089358e-09,7.374073904994369e-14,0.21664422939156017,6.794013996654914,2.9170923916377667e-06,1.263942466500671e-06,1.2639424665006945e-06,1.8435184762485243e-12,1.8435184762485244e-14,99.9999999999963,1.8435184762484564e-12,3.8926367278040825e-15,2.1344024460277305e-12,3.084973385399872e-15,1.4239813329272337e-13,0.13679382449243013,6.577424549995894e-08,6.287535065855045e-05,0.0006287535065855046
3,30000,100,1000,100,50,50,2814.867017616454,281.48670176164546,3.6554090374405033e-10,1.0115327716041658e-16,0.21664422939155217,6.79401399665504,1.0804045894955091e-07,4.6812683944470163e-08,4.6812683944470163e-08,2.5288319290104148e-15,2.5288319290104146e-17,100.0,2.5288319290104148e-15,-2.5288319290104148e-15,7.905194244547296e-14,3.084973385399872e-15,1.4239813329272862e-13,0.13679382449243013,2.436083166665146e-09,6.287535065855045e-05,0.0018862605197565137
3,100000,100,1000,100,50,50,2814.867017616454,281.48670176164546,9.869604401089358e-12,7.374073904994367e-20,0.21664422939155217,6.79401399665504,2.9170923916378743e-09,1.2639424665006944e-09,1.2639424665006944e-09,1.8435184762485923e-18,1.8435184762485917e-20,100.0,1.8435184762485923e-18,-1.8435184762485923e-18,2.1344024460277703e-15,3.084973385399872e-15,1.4239813329272862e-13,0.13679382449243013,6.577424549995895e-11,6.287535065855045e-05,0.006287535065855045
3,10000,100,1000,100,100,100,5629.734035232908,562.9734035232909,9.869604401089358e-09,2.9496295619977476e-13,0.10832211469579206,9.608186737021484,8.250783245898084e-06,1.7874845781844516e-06,1.7874845781845833e-06,7.374073904993283e-12,7.374073904993282e-14,99.99999999998526,7.374073904992195e-12,-1.285116251755755e-14,3.018500886734558e-12,3.084973385399872e-15,2.8479626658541523e-13,0.2660090431021331,6.577424549995894e-08,6.287535065855045e-05,0.0006287535065855046
3,30000,100,1000,100,100,100,5629.734035232908,562.9734035232909,3.6554090374405033e-10,4.0461310864166634e-16,0.10832211469577611,9.60818673702219,3.0558456466293695e-07,6.620313252535493e-08,6.620313252535494e-08,1.0115327716041656e-14,1.0115327716041658e-16,99.99999999999997,1.0115327716041654e-14,4.095526999160349e-15,1.1179632913832516e-13,3.084973385399872e-15,2.8479626658545713e-13,0.2660090431021331,2.436083166665146e-09,6.287535065855045e-05,0.0018862605197565137
3,100000,100,1000,100,100,100,5629.734035232908,562.9734035232909,9.869604401089358e-12,2.9496295619977467e-19,0.10832211469577609,9.608186737022193,8.2507832458993e-09,1.7874845781845832e-09,1.7874845781845832e-09,7.374073904994369e-18,7.374073904994367e-20,100.0,7.374073904994369e-18,-7.374073904994369e-18,3.0185008867347807e-15,3.084973385399872e-15,2.8479626658545723e-13,0.2660090431021331,6.577424549995895e-11,6.287535065855045e-05,0.006287535065855045
10,1000,100,10,1,0.5,0.5,0.2814867017616454,0.028148670176164545,9.869604401089359e-14,8.193415449993744e-23,0.21664422939155217,6.79401399665504,9.723641305459582e-11,4.213141555002315e-11,4.213141555002315e-11,2.0483538624984362e-21,2.048353862498436e-23,100.0,2.0483538624984362e-21,-2.0483538624984362e-21,2.1344024460277705e-13,3.808609117777619e-21,1.7580016455892418e-19,0.0037206080230173383,2.1924748499986314e-12,2.095845021951682e-06,0.00020958450219516817
10,3000,100,10,1,0.5,0.5,0.2814867017616454,0.028148670176164545,3.655409037440504e-15,1.1239253017824067e-25,0.21664422939155217,6.79401399665504,3.6013486316516976e-12,1.5604227981490058e-12,1.5604227981490058e-12,2.8098132544560174e-24,2.809813254456017e-26,100.0,2.8098132544560174e-24,-2.8098132544560174e-24,7.905194244547299e-15,3.808609117777619e-21,1.7580016455892418e-19,0.0037206080230173383,8.120277222217156e-14,2.095845021951682e-06,0.0006287535065855046
10,10000,100,10,1,0.5,0.5,0.2814867017616454,0.028148670176164545,9.86960440108936e-17,8.193415449993745e-29,0.21664422939155217,6.79401399665504,9.723641305459582e-14,4.2131415550023153e-14,4.2131415550023153e-14,2.048353862498436e-27,2.0483538624984362e-29,100.0,2.048353862498436e-27,-2.048353862498436e-27,2.1344024460277706e-16,3.808609117777619e-21,1.7580016455892418e-19,0.0037206080230173383,2.192474849998632e-15,2.095845021951682e-06,0.0020958450219516816
10,30000,100,10,1,0.5,0.5,0.2814867017616454,0.028148670176164545,3.6554090374405034e-18,1.1239253017824065e-31,0.21664422939155217,6.79401399665504,3.6013486316516975e-15,1.5604227981490056e-15,1.5604227981490056e-15,2.809813254456017e-30,2.8098132544560163e-32,100.0,2.809813254456017e-30,-2.809813254456017e-30,7.905194244547298e-18,3.808609117777619e-21,1.7580016455892418e-19,0.0037206080230173383,8.120277222217155e-17,2.095845021951682e-06,0.006287535065855045
10,100000,100,10,1,0.5,0.5,0.2814867017616454,0.028148670176164545,9.869604401089359e-20,8.193415449993743e-35,0.21664422939155217,6.79401399665504,9.723641305459581e-17,4.213141555002315e-17,4.213141555002315e-17,2.048353862498436e-33,2.0483538624984357e-35,100.0,2.048353862498436e-33,-2.048353862498436e-33,2.1344024460277705e-19,3.808609117777619e-21,1.7580016455892418e-19,0.0037206080230173383,2.1924748499986315e-18,2.095845021951682e-06,0.020958450219516818
10,1000,100,10,1,2.5,2.5,1.407433508808227,0.1407433508808227,9.869604401089359e-14,2.048353862498436e-21,0.043328845878310436,15.191877136605695,1.087136147391621e-09,9.420870915814344e-11,9.420870915814344e-11,5.1208846562460896e-20,5.12088465624609e-22,100.0,5.1208846562460896e-20,-5.1208846562460896e-20,4.77266896065992e-13,3.808609117777619e-21,8.790008227946207e-19,0.01713662528848812,2.1924748499986314e-12,2.095845021951682e-06,0.00020958450219516817
10,3000,100,10,1,2.5,2.5,1.407433508808227,0.1407433508808227,3.655409037440504e-15,2.809813254456017e-24,0.043328845878310436,15.191877136605695,4.0264301755245225e-11,3.4892114503016094e-12,3.4892114503016094e-12,7.024533136140042e-23,7.024533136140043e-25,100.0,7.024533136140042e-23,-7.024533136140042e-23,1.767655170614785e-14,3.808609117777619e-21,8.790008227946207e-19,0.01713662528848812,8.120277222217156e-14,2.095845021951682e-06,0.0006287535065855046
10,10000,100,10,1,2.5,2.5,1.407433508808227,0.1407433508808227,9.86960440108936e-17,2.048353862498436e-27,0.043328845878310436,15.191877136605695,1.0871361473916212e-12,9.420870915814345e-14,9.420870915814345e-14,5.120884656246091e-26,5.12088465624609e-28,100.0,5.120884656246091e-26,-5.120884656246091e-26,4.77266896065992e-16,3.808609117777619e-21,8.790008227946207e-19,0.01713662528848812,2.192474849998632e-15,2.095845021951682e-06,0.0020958450219516816
10,30000,100,10,1,2.5,2.5,1.407433508808227,0.1407433508808227,3.6554090374405034e-18,2.8098132544560164e-30,0.043328845878310436,15.191877136605695,4.026430175524522e-14,3.489211450301609e-15,3.489211450301609e-15,7.024533136140041e-29,7.024533136140041e-31,100.0,7.024533136140041e-29,-7.024533136140041e-29,1.7676551706147848e-17,3.808609117777619e-21,8.790008227946207e-19,0.01713662528848812,8.120277222217155e-17,2.095845021951682e-06,0.006287535065855045
10,100000,100,10,1,2.5,2.5,1.407433508808227,0.1407433508808227,9.869604401089359e-20,2.0483538624984357e-33,0.043328845878310436,15.191877136605695,1.0871361473916208e-15,9.420870915814344e-17,9.420870915814344e-17,5.120884656246089e-32,5.120884656246089e-34,100.0,5.120884656246089e-32,-5.120884656246089e-32,4.77266896065992e-19,3.808609117777619e-21,8.790008227946207e-19,0.01713662528848812,2.1924748499986315e-18,2.095845021951682e-06,0.020958450219516818
10,1000,100,10,1,10,10,5.629734035232908,0.5629734035232908,9.869604401089359e-14,3.2773661799974973e-20,0.010832211469577609,30.38375427321139,8.697089179132968e-09,1.8841741831628688e-10,1.8841741831628688e-10,8.193415449993743e-19,8.193415449993743e-21,100.0,8.193415449993743e-19,-8.193415449993743e-19,9.54533792131984e-13,3.808609117777619e-21,3.516003291178483e-18,0.0634940972321344,2.1924748499986314e-12,2.095845021951682e-06,0.00020958450219516817
10,3000,100,10,1,10,10,5.629734035232908,0.5629734035232908,3.655409037440504e-15,4.495701207129627e-23,0.010832211469577609,30.38375427321139,3.221144140419618e-10,6.978422900603219e-12,6.978422900603219e-12,1.1239253017824067e-21,1.1239253017824068e-23,100.0,1.1239253017824067e-21,-1.1239253017824067e-21,3.53531034122957e-14,3.808609117777619e-21,3.516003291178483e-18,0.0634940972321344,8.120277222217156e-14,2.095845021951682e-06,0.0006287535065855046
10,10000,100,10,1,10,10,5.629734035232908,0.5629734035232908,9.86960440108936e-17,3.277366179997498e-26,0.010832211469577609,30.38375427321139,8.69708917913297e-12,1.884174183162869e-13,1.884174183162869e-13,8.193415449993745e-25,8.193415449993745e-27,100.0,8.193415449993745e-25,-8.193415449993745e-25,9.54533792131984e-16,3.808609117777619e-21,3.516003291178483e-18,0.0634940972321344,2.192474849998632e-15,2.095845021951682e-06,0.0020958450219516816
10,30000,100,10,1,10,10,5.629734035232908,0.5629734035232908,3.6554090374405034e-18,4.495701207129626e-29,0.010832211469577609,30.38375427321139,3.2211441404196175e-13,6.978422900603218e-15,6.978422900603218e-15,1.1239253017824065e-27,1.1239253017824065e-29,100.0,1.1239253017824065e-27,-1.1239253017824065e-27,3.5353103412295697e-17,3.808609117777619e-21,3.516003291178483e-18,0.0634940972321344,8.120277222217155e-17,2.095845021951682e-06,0.006287535065855045
10,100000,100,10,1,10,10,5.629734035232908,0.5629734035232908,9.869604401089359e-20,3.277366179997497e-32,0.010832211469577609,30.38375427321139,8.697089179132967e-15,1.8841741831628687e-16,1.8841741831628687e-16,8.193415449993742e-31,8.193415449993743e-33,100.0,8.193415449993742e-31,-8.193415449993742e-31,9.54533792131984e-19,3.808609117777619e-21,3.516003291178483e-18,0.0634940972321344,2.1924748499986315e-18,2.095845021951682e-06,0.020958450219516818
10,1000,100,10,1,50,50,28.14867017616454,2.814867017616454,9.869604401089359e-14,8.193415449993742e-19,0.002166442293915522,67.94013996655039,9.72364130545958e-08,4.2131415550023144e-10,4.2131415550023144e-10,2.0483538624984356e-17,2.0483538624984356e-19,100.0,2.0483538624984356e-17,-2.0483538624984356e-17,2.13440244602777e-12,3.808609117777619e-21,1.7580016455892416e-17,0.28814218962870053,2.1924748499986314e-12,2.095845021951682e-06,0.00020958450219516817
10,3000,100,10,1,50,50,28.14867017616454,2.814867017616454,3.655409037440504e-15,1.1239253017824067e-21,0.002166442293915522,67.94013996655039,3.601348631651697e-09,1.5604227981490058e-11,1.5604227981490058e-11,2.809813254456017e-20,2.809813254456017e-22,100.0,2.809813254456017e-20,-2.809813254456017e-20,7.905194244547298e-14,3.808609117777619e-21,1.7580016455892416e-17,0.28814218962870053,8.120277222217156e-14,2.095845021951682e-06,0.0006287535065855046
10,10000,100,10,1,50,50,28.14867017616454,2.814867017616454,9.86960440108936e-17,8.193415449993744e-25,0.002166442293915522,67.94013996655039,9.72364130545958e-11,4.213141555002315e-13,4.213141555002315e-13,2.048353862498436e-23,2.048353862498436e-25,100.0,2.048353862498436e-23,-2.048353862498436e-23,2.1344024460277703e-15,3.808609117777619e-21,1.7580016455892416e-17,0.28814218962870053,2.192474849998632e-15,2.095845021951682e-06,0.0020958450219516816
10,30000,100,10,1,50,50,28.14867017616454,2.814867017616454,3.6554090374405034e-18,1.1239253017824063e-27,0.002166442293915522,67.94013996655039,3.6013486316516964e-12,1.5604227981490054e-14,1.5604227981490054e-14,2.809813254456016e-26,2.809813254456016e-28,100.0,2.809813254456016e-26,-2.809813254456016e-26,7.905194244547295e-17,3.808609117777619e-21,1.7580016455892416e-17,0.28814218962870053,8.120277222217155e-17,2.095845021951682e-06,0.006287535065855045
10,100000,100,10,1,50,50,28.14867017616454,2.814867017616454,9.869604401089359e-20,8.193415449993742e-31,0.002166442293915522,67.94013996655039,9.72364130545958e-14,4.213141555002314e-16,4.213141555002314e-16,2.0483538624984353e-29,2.0483538624984355e-31,100.0,2.0483538624984353e-29,-2.0483538624984353e-29,2.1344024460277704e-18,3.808609117777619e-21,1.7580016455892416e-17,0.28814218962870053,2.1924748499986315e-18,2.095845021951682e-06,0.020958450219516818
10,1000,100,10,1,100,100,56.29734035232908,5.629734035232908,9.869604401089359e-14,3.277366179997497e-18,0.001083221146957761,96.08186737022191,2.750261081966433e-07,5.958281927281944e-10,5.958281927281944e-10,8.193415449993742e-17,8.193415449993742e-19,100.0,8.193415449993742e-17,-8.193415449993742e-17,3.0185008867347806e-12,3.808609117777619e-21,3.516003291178483e-17,0.5510223596483106,2.1924748499986314e-12,2.095845021951682e-06,0.00020958450219516817
10,3000,100,10,1,100,100,56.29734035232908,5.629734035232908,3.655409037440504e-15,4.495701207129627e-21,0.001083221146957761,96.08186737022191,1.0186152155431236e-08,2.206771084178498e-11,2.206771084178498e-11,1.1239253017824068e-19,1.1239253017824067e-21,100.0,1.1239253017824068e-19,-1.1239253017824068e-19,1.1179632913832522e-13,3.808609117777619e-21,3.516003291178483e-17,0.5510223596483106,8.120277222217156e-14,2.095845021951682e-06,0.0006287535065855046
10,10000,100,10,1,100,100,56.29734035232908,5.629734035232908,9.86960440108936e-17,3.2773661799974974e-24,0.001083221146957761,96.08186737022191,2.750261081966433e-10,5.958281927281945e-13,5.958281927281945e-13,8.193415449993744e-23,8.193415449993744e-25,100.0,8.193415449993744e-23,-8.193415449993744e-23,3.0185008867347807e-15,3.808609117777619e-21,3.516003291178483e-17,0.5510223596483106,2.192474849998632e-15,2.095845021951682e-06,0.0020958450219516816
10,30000,100,10,1,100,100,56.29734035232908,5.629734035232908,3.6554090374405034e-18,4.4957012071296254e-27,0.001083221146957761,96.08186737022191,1.0186152155431233e-11,2.206771084178498e-14,2.206771084178498e-14,1.1239253017824065e-25,1.1239253017824063e-27,100.0,1.1239253017824065e-25,-1.1239253017824065e-25,1.117963291383252e-16,3.808609117777619e-21,3.516003291178483e-17,0.5510223596483106,8.120277222217155e-17,2.095845021951682e-06,0.006287535065855045
10,100000,100,10,1,100,100,56.29734035232908,5.629734035232908,9.869604401089359e-20,3.277366179997497e-30,0.001083221146957761,96.08186737022191,2.7502610819664327e-13,5.958281927281944e-16,5.958281927281944e-16,8.193415449993741e-29,8.193415449993742e-31,100.0,8.193415449993741e-29,-8.193415449993741e-29,3.018500886734781e-18,3.808609117777619e-21,3.516003291178483e-17,0.5510223596483106,2.1924748499986315e-18,2.095845021951682e-06,0.020958450219516818
10,1000,100,10,10,0.5,0.5,0.2814867017616454,0.2814867017616454,9.86960440108936e-12,8.193415449993744e-20,2.1664422939155217,6.79401399665504,9.723641305459582e-10,4.213141555002315e-09,4.213141555002315e-09,2.0483538624984357e-18,2.048353862498436e-20,100.0,2.0483538624984357e-18,-2.0483538624984357e-18,2.1344024460277705e-13,3.808609117777619e-21,1.7580016455892418e-19,0.0037206080230173383,2.1924748499986316e-10,2.095845021951682e-06,0.00020958450219516817
10,3000,100,10,10,0.5,0.5,0.2814867017616454,0.2814867017616454,3.6554090374405037e-13,1.1239253017824066e-22,2.1664422939155217,6.79401399665504,3.601348631651697e-11,1.5604227981490056e-10,1.5604227981490056e-10,2.8098132544560164e-21,2.8098132544560164e-23,100.0,2.8098132544560164e-21,-2.8098132544560164e-21,7.905194244547299e-15,3.808609117777619e-21,1.7580016455892418e-19,0.0037206080230173383,8.120277222217154e-12,2.095845021951682e-06,0.0006287535065855046
10,10000,100,10,10,0.5,0.5,0.2814867017616454,0.2814867017616454,9.86960440108936e-15,8.193415449993743e-26,2.1664422939155217,6.79401399665504,9.72364130545958e-13,4.213141555002315e-12,4.213141555002315e-12,2.048353862498436e-24,2.0483538624984358e-26,100.0,2.048353862498436e-24,-2.048353862498436e-24,2.1344024460277706e-16,3.808609117777619e-21,1.7580016455892418e-19,0.0037206080230173383,2.1924748499986315e-13,2.095845021951682e-06,0.0020958450219516816
10,30000,100,10,10,0.5,0.5,0.2814867017616454,0.2814867017616454,3.6554090374405037e-16,1.1239253017824066e-28,2.1664422939155217,6.79401399665504,3.601348631651697e-14,1.5604227981490057e-13,1.5604227981490057e-13,2.8098132544560164e-27,2.8098132544560164e-29,100.0,2.8098132544560164e-27,-2.8098132544560164e-27,7.905194244547298e-18,3.808609117777619e-21,1.7580016455892418e-19,0.0037206080230173383,8.120277222217155e-15,2.095845021951682e-06,0.006287535065855045
10,100000,100,10,10,0.5,0.5,0.2814867017616454,0.2814867017616454,9.86960440108936e-18,8.193415449993745e-32,2.1664422939155217,6.79401399665504,9.723641305459581e-16,4.2131415550023155e-15,4.2131415550023155e-15,2.048353862498436e-30,2.0483538624984361e-32,100.0,2.048353862498436e-30,-2.048353862498436e-30,2.1344024460277705e-19,3.808609117777619e-21,1.7580016455892418e-19,0.0037206080230173383,2.1924748499986318e-16,2.095845021951682e-06,0.020958450219516818
10,1000,100,10,10,2.5,2.5,1.407433508808227,1.407433508808227,9.86960440108936e-12,2.048353862498436e-18,0.43328845878310435,15.191877136605695,1.087136147391621e-08,9.420870915814344e-09,9.420870915814344e-09,5.12088465624609e-17,5.12088465624609e-19,100.0,5.12088465624609e-17,-5.12088465624609e-17,4.77266896065992e-13,3.808609117777619e-21,8.790008227946207e-19,0.01713662528848812,2.1924748499986316e-10,2.095845021951682e-06,0.00020958450219516817
10,3000,100,10,10,2.5,2.5,1.407433508808227,1.407433508808227,3.6554090374405037e-13,2.809813254456016e-21,0.43328845878310435,15.191877136605695,4.026430175524522e-10,3.4892114503016087e-10,3.4892114503016087e-10,7.02453313614004e-20,7.02453313614004e-22,100.0,7.02453313614004e-20,-7.02453313614004e-20,1.767655170614785e-14,3.808609117777619e-21,8.790008227946207e-19,0.01713662528848812,8.120277222217154e-12,2.095845021951682e-06,0.0006287535065855046
10,10000,100,10,10,2.5,2.5,1.407433508808227,1.407433508808227,9.86960440108936e-15,2.048353862498436e-24,0.43328845878310435,15.191877136605695,1.087136147391621e-11,9.420870915814344e-12,9.420870915814344e-12,5.1208846562460893e-23,5.12088465624609e-25,100.0,5.1208846562460893e-23,-5.1208846562460893e-23,4.77266896065992e-16,3.808609117777619e-21,8.790008227946207e-19,0.01713662528848812,2.1924748499986315e-13,2.095845021951682e-06,0.0020958450219516816
10,30000,100,10,10,2.5,2.5,1.407433508808227,1.407433508808227,3.6554090374405037e-16,2.8098132544560168e-27,0.43328845878310435,15.191877136605695,4.0264301755245226e-13,3.489211450301609e-13,3.489211450301609e-13,7.024533136140042e-26,7.024533136140042e-28,100.0,7.024533136140042e-26,-7.024533136140042e-26,1.7676551706147848e-17,3.808609117777619e-21,8.790008227946207e-19,0.01713662528848812,8.120277222217155e-15,2.095845021951682e-06,0.006287535065855045
10,100000,100,10,10,2.5,2.5,1.407433508808227,1.407433508808227,9.86960440108936e-18,2.048353862498436e-30,0.43328845878310435,15.191877136605695,1.0871361473916211e-14,9.420870915814345e-15,9.420870915814345e-15,5.120884656246091e-29,5.12088465624609e-31,100.0,5.120884656246091e-29,-5.120884656246091e-29,4.77266896065992e-19,3.808609117777619e-21,8.790008227946207e-19,0.01713662528848812,2.1924748499986318e-16,2.095845021951682e-06,0.020958450219516818
10,1000,100,10,10,10,10,5.629734035232908,5.629734035232908,9.86960440108936e-12,3.277366179997498e-17,0.10832211469577609,30.38375427321139,8.697089179132969e-08,1.8841741831628688e-08,1.8841741831628688e-08,8.193415449993744e-16,8.193415449993744e-18,100.0,8.193415449993744e-16,-8.193415449993744e-16,9.54533792131984e-13,3.808609117777619e-21,3.516003291178483e-18,0.0634940972321344,2.1924748499986316e-10,2.095845021951682e-06,0.00020958450219516817
10,3000,100,10,10,10,10,5.629734035232908,5.629734035232908,3.6554090374405037e-13,4.4957012071296256e-20,0.10832211469577609,30.38375427321139,3.2211441404196177e-09,6.978422900603217e-10,6.978422900603217e-10,1.1239253017824064e-18,1.1239253017824064e-20,100.0,1.1239253017824064e-18,-1.1239253017824064e-18,3.53531034122957e-14,3.808609117777619e-21,3.516003291178483e-18,0.0634940972321344,8.120277222217154e-12,2.095845021951682e-06,0.0006287535065855046
10,10000,100,10,10,10,10,5.629734035232908,5.629734035232908,9.86960440108936e-15,3.277366179997498e-23,0.10832211469577609,30.38375427321139,8.697089179132968e-11,1.884174183162869e-11,1.884174183162869e-11,8.193415449993743e-22,8.193415449993745e-24,100.0,8.193415449993743e-22,-8.193415449993743e-22,9.54533792131984e-16,3.808609117777619e-21,3.516003291178483e-18,0.0634940972321344,2.1924748499986315e-13,2.095845021951682e-06,0.0020958450219516816
10,30000,100,10,10,10,10,5.629734035232908,5.629734035232908,3.6554090374405037e-16,4.495701207129627e-26,0.10832211469577609,30.38375427321139,3.221144140419618e-12,6.978422900603218e-13,6.978422900603218e-13,1.1239253017824068e-24,1.1239253017824067e-26,100.0,1.1239253017824068e-24,-1.1239253017824068e-24,3.5353103412295697e-17,3.808609117777619e-21,3.516003291178483e-18,0.0634940972321344,8.120277222217155e-15,2.095845021951682e-06,0.006287535065855045
10,100000,100,10,10,10,10,5.629734035232908,5.629734035232908,9.86960440108936e-18,3.277366179997498e-29,0.10832211469577609,30.38375427321139,8.697089179132969e-14,1.884174183162869e-14,1.884174183162869e-14,8.193415449993745e-28,8.193415449993745e-30,100.0,8.193415449993745e-28,-8.193415449993745e-28,9.54533792131984e-19,3.808609117777619e-21,3.516003291178483e-18,0.0634940972321344,2.1924748499986318e-16,2.095845021951682e-06,0.020958450219516818
10,1000,100,10,10,50,50,28.14867017616454,28.14867017616454,9.86960440108936e-12,8.193415449993744e-16,0.02166442293915523,67.94013996655038,9.723641305459577e-07,4.213141555002314e-08,4.2131415550023146e-08,2.0483538624984353e-14,2.048353862498435e-16,99.99999999999996,2.0483538624984344e-14,7.938170805419664e-15,2.1344024460277697e-12,3.808609117777619e-21,1.758001645589241e-17,0.28814218962870053,2.1924748499986316e-10,2.095845021951682e-06,0.00020958450219516817
10,3000,100,10,10,50,50,28.14867017616454,28.14867017616454,3.6554090374405037e-13,1.1239253017824064e-18,0.021664422939155218,67.94013996655039,3.6013486316516965e-08,1.5604227981490055e-09,1.5604227981490055e-09,2.809813254456016e-17,2.809813254456016e-19,100.0,2.809813254456016e-17,-2.809813254456016e-17,7.905194244547298e-14,3.808609117777619e-21,1.7580016455892416e-17,0.28814218962870053,8.120277222217154e-12,2.095845021951682e-06,0.0006287535065855046
10,10000,100,10,10,50,50,28.14867017616454,28.14867017616454,9.86960440108936e-15,8.193415449993744e-22,0.021664422939155218,67.94013996655039,9.723641305459582e-10,4.213141555002315e-11,4.213141555002315e-11,2.048353862498436e-20,2.048353862498436e-22,100.0,2.048353862498436e-20,-2.048353862498436e-20,2.1344024460277703e-15,3.808609117777619e-21,1.7580016455892416e-17,0.28814218962870053,2.1924748499986315e-13,2.095845021951682e-06,0.0020958450219516816
10,30000,100,10,10,50,50,28.14867017616454,28.14867017616454,3.6554090374405037e-16,1.1239253017824066e-24,0.021664422939155218,67.94013996655039,3.601348631651697e-11,1.5604227981490054e-12,1.5604227981490054e-12,2.8098132544560164e-23,2.8098132544560165e-25,100.0,2.8098132544560164e-23,-2.8098132544560164e-23,7.905194244547295e-17,3.808609117777619e-21,1.7580016455892416e-17,0.28814218962870053,8.120277222217155e-15,2.095845021951682e-06,0.006287535065855045
10,100000,100,10,10,50,50,28.14867017616454,28.14867017616454,9.86960440108936e-18,8.193415449993745e-28,0.021664422939155218,67.94013996655039,9.72364130545958e-13,4.213141555002315e-14,4.213141555002315e-14,2.048353862498436e-26,2.0483538624984363e-28,100.0,2.048353862498436e-26,-2.048353862498436e-26,2.1344024460277704e-18,3.808609117777619e-21,1.7580016455892416e-17,0.28814218962870053,2.1924748499986318e-16,2.095845021951682e-06,0.020958450219516818
10,1000,100,10,10,100,100,56.29734035232908,56.29734035232908,9.86960440108936e-12,3.2773661799974975e-15,0.010832211469577626,96.08186737022184,2.750261081966429e-06,5.9582819272819396e-08,5.958281927281944e-08,8.19341544999373e-14,8.193415449993729e-16,99.99999999999984,8.193415449993717e-14,-1.0879880923927154e-14,3.0185008867347778e-12,3.808609117777619e-21,3.516003291178478e-17,0.5510223596483106,2.1924748499986316e-10,2.095845021951682e-06,0.00020958450219516817
10,3000,100,10,10,100,100,56.29734035232908,56.29734035232908,3.6554090374405037e-13,4.495701207129626e-18,0.010832211469577609,96.08186737022191,1.0186152155431234e-07,2.206771084178498e-09,2.206771084178498e-09,1.1239253017824063e-16,1.1239253017824064e-18,100.0,1.1239253017824063e-16,-1.1239253017824063e-16,1.1179632913832522e-13,3.808609117777619e-21,3.516003291178483e-17,0.5510223596483106,8.120277222217154e-12,2.095845021951682e-06,0.0006287535065855046
10,10000,100,10,10,100,100,56.29734035232908,56.29734035232908,9.86960440108936e-15,3.2773661799974975e-21,0.010832211469577609,96.08186737022191,2.750261081966433e-09,5.958281927281944e-11,5.958281927281944e-11,8.193415449993744e-20,8.193415449993744e-22,100.0,8.193415449993744e-20,-8.193415449993744e-20,3.0185008867347807e-15,3.808609117777619e-21,3.516003291178483e-17,0.5510223596483106,2.1924748499986315e-13,2.095845021951682e-06,0.0020958450219516816
10,30000,100,10,10,100,100,56.29734035232908,56.29734035232908,3.6554090374405037e-16,4.4957012071296264e-24,0.010832211469577609,96.08186737022191,1.0186152155431234e-10,2.206771084178498e-12,2.206771084178498e-12,1.1239253017824066e-22,1.1239253017824066e-24,100.0,1.1239253017824066e-22,-1.1239253017824066e-22,1.117963291383252e-16,3.808609117777619e-21,3.516003291178483e-17,0.5510223596483106,8.120277222217155e-15,2.095845021951682e-06,0.006287535065855045
10,100000,100,10,10,100,100,56.29734035232908,56.29734035232908,9.86960440108936e-18,3.277366179997498e-27,0.010832211469577609,96.08186737022191,2.7502610819664334e-12,5.958281927281944e-14,5.958281927281944e-14,8.193415449993744e-26,8.193415449993745e-28,100.0,8.193415449993744e-26,-8.193415449993744e-26,3.018500886734781e-18,3.808609117777619e-21,3.516003291178483e-17,0.5510223596483106,2.1924748499986318e-16,2.095845021951682e-06,0.020958450219516818
10,1000,100,10,100,0.5,0.5,0.2814867017616454,2.814867017616455,9.86960440108936e-10,8.193415449993745e-17,21.664422939155216,6.79401399665504,9.723641305459582e-09,4.213141555002315e-07,4.213141555002315e-07,2.0483538624984364e-15,2.0483538624984362e-17,100.0,2.0483538624984364e-15,-2.0483538624984364e-15,2.1344024460277705e-13,3.808609117777619e-21,1.7580016455892418e-19,0.0037206080230173383,2.1924748499986315e-08,2.095845021951682e-06,0.00020958450219516817
10,3000,100,10,100,0.5,0.5,0.2814867017616454,2.814867017616455,3.6554090374405037e-11,1.1239253017824065e-19,21.664422939155216,6.79401399665504,3.601348631651697e-10,1.5604227981490056e-08,1.5604227981490056e-08,2.809813254456017e-18,2.8098132544560163e-20,100.0,2.809813254456017e-18,-2.809813254456017e-18,7.905194244547299e-15,3.808609117777619e-21,1.7580016455892418e-19,0.0037206080230173383,8.120277222217154e-10,2.095845021951682e-06,0.0006287535065855046
10,10000,100,10,100,0.5,0.5,0.2814867017616454,2.814867017616455,9.869604401089358e-13,8.193415449993742e-23,21.664422939155216,6.79401399665504,9.723641305459581e-12,4.213141555002315e-10,4.213141555002315e-10,2.0483538624984354e-21,2.0483538624984356e-23,100.0,2.0483538624984354e-21,-2.0483538624984354e-21,2.1344024460277706e-16,3.808609117777619e-21,1.7580016455892418e-19,0.0037206080230173383,2.1924748499986314e-11,2.095845021951682e-06,0.0020958450219516816
10,30000,100,10,100,0.5,0.5,0.2814867017616454,2.814867017616455,3.655409037440503e-14,1.1239253017824063e-25,21.664422939155216,6.79401399665504,3.6013486316516967e-13,1.5604227981490054e-11,1.5604227981490054e-11,2.809813254456016e-24,2.8098132544560157e-26,100.0,2.809813254456016e-24,-2.809813254456016e-24,7.905194244547298e-18,3.808609117777619e-21,1.7580016455892418e-19,0.0037206080230173383,8.120277222217153e-13,2.095845021951682e-06,0.006287535065855045
10,100000,100,10,100,0.5,0.5,0.2814867017616454,2.814867017616455,9.869604401089359e-16,8.193415449993742e-29,21.664422939155216,6.79401399665504,9.723641305459581e-15,4.2131415550023143e-13,4.2131415550023143e-13,2.0483538624984358e-27,2.0483538624984356e-29,100.0,2.0483538624984358e-27,-2.0483538624984358e-27,2.1344024460277705e-19,3.808609117777619e-21,1.7580016455892418e-19,0.0037206080230173383,2.192474849998631e-14,2.095845021951682e-06,0.020958450219516818
10,1000,100,10,100,2.5,2.5,1.407433508808227,14.074335088082274,9.86960440108936e-10,2.048353862498436e-15,4.332884587831047,15.191877136605688,1.0871361473916201e-07,9.420870915814339e-07,9.420870915814344e-07,5.120884656246085e-14,5.120884656246085e-16,99.9999999999999,5.120884656246081e-14,-8.576282416854796e-15,4.772668960659918e-13,3.808609117777619e-21,8.7900082279462e-19,0.01713662528848812,2.1924748499986315e-08,2.095845021951682e-06,0.00020958450219516817
10,3000,100,10,100,2.5,2.5,1.407433508808227,14.074335088082274,3.6554090374405037e-11,2.8098132544560164e-18,4.332884587831043,15.191877136605695,4.026430175524522e-09,3.489211450301609e-08,3.489211450301609e-08,7.02453313614004e-17,7.024533136140041e-19,100.0,7.02453313614004e-17,-7.02453313614004e-17,1.767655170614785e-14,3.808609117777619e-21,8.790008227946207e-19,0.01713662528848812,8.120277222217154e-10,2.095845021951682e-06,0.0006287535065855046
10,10000,100,10,100,2.5,2.5,1.407433508808227,14.074335088082274,9.869604401089358e-13,2.0483538624984354e-21,4.332884587831043,15.191877136605695,1.0871361473916209e-10,9.420870915814344e-10,9.420870915814344e-10,5.1208846562460884e-20,5.120884656246089e-22,100.0,5.1208846562460884e-20,-5.1208846562460884e-20,4.77266896065992e-16,3.808609117777619e-21,8.790008227946207e-19,0.01713662528848812,2.1924748499986314e-11,2.095845021951682e-06,0.0020958450219516816
10,30000,100,10,100,2.5,2.5,1.407433508808227,14.074335088082274,3.655409037440503e-14,2.8098132544560156e-24,4.332884587831043,15.191877136605695,4.026430175524522e-12,3.4892114503016086e-11,3.4892114503016086e-11,7.024533136140039e-23,7.024533136140039e-25,100.0,7.024533136140039e-23,-7.024533136140039e-23,1.7676551706147848e-17,3.808609117777619e-21,8.790008227946207e-19,0.01713662528848812,8.120277222217153e-13,2.095845021951682e-06,0.006287535065855045
10,100000,100,10,100,2.5,2.5,1.407433508808227,14.074335088082274,9.869604401089359e-16,2.0483538624984354e-27,4.332884587831043,15.191877136605695,1.0871361473916209e-13,9.420870915814344e-13,9.420870915814344e-13,5.1208846562460886e-26,5.120884656246089e-28,100.0,5.1208846562460886e-26,-5.1208846562460886e-26,4.77266896065992e-19,3.808609117777619e-21,8.790008227946207e-19,0.01713662528848812,2.192474849998631e-14,2.095845021951682e-06,0.020958450219516818
10,1000,100,10,100,10,10,5.629734035232908,56.297340352329094,9.86960440108936e-10,3.2773661799974976e-14,1.0832211469577786,30.383754273211142,8.697089179132826e-07,1.8841741831628533e-06,1.8841741831628687e-06,8.19341544999361e-13,8.19341544999361e-15,99.99999999999835,8.193415449993476e-13,4.8880284823686465e-15,9.54533792131976e-13,3.808609117777619e-21,3.516003291178426e-18,0.0634940972321344,2.1924748499986315e-08,2.095845021951682e-06,0.00020958450219516817
10,3000,100,10,100,10,10,5.629734035232908,56.297340352329094,3.6554090374405037e-11,4.495701207129626e-17,1.0832211469577608,30.38375427321139,3.2211441404196176e-08,6.978422900603218e-08,6.978422900603218e-08,1.1239253017824063e-15,1.1239253017824065e-17,100.0,1.1239253017824063e-15,-1.1239253017824063e-15,3.53531034122957e-14,3.808609117777619e-21,3.516003291178483e-18,0.0634940972321344,8.120277222217154e-10,2.095845021951682e-06,0.0006287535065855046
10,10000,100,10,100,10,10,5.629734035232908,56.297340352329094,9.869604401089358e-13,3.277366179997497e-20,1.0832211469577608,30.38375427321139,8.697089179132967e-10,1.8841741831628687e-09,1.8841741831628687e-09,8.1934154499937415e-19,8.193415449993742e-21,100.0,8.1934154499937415e-19,-8.1934154499937415e-19,9.54533792131984e-16,3.808609117777619e-21,3.516003291178483e-18,0.0634940972321344,2.1924748499986314e-11,2.095845021951682e-06,0.0020958450219516816
10,30000,100,10,100,10,10,5.629734035232908,56.297340352329094,3.655409037440503e-14,4.495701207129625e-23,1.0832211469577608,30.38375427321139,3.2211441404196174e-11,6.978422900603217e-11,6.978422900603217e-11,1.1239253017824062e-21,1.1239253017824062e-23,100.0,1.1239253017824062e-21,-1.1239253017824062e-21,3.5353103412295697e-17,3.808609117777619e-21,3.516003291178483e-18,0.0634940972321344,8.120277222217153e-13,2.095845021951682e-06,0.006287535065855045
10,100000,100,10,100,10,10,5.629734035232908,56.297340352329094,9.869604401089359e-16,3.2773661799974967e-26,1.0832211469577608,30.38375427321139,8.697089179132967e-13,1.8841741831628687e-12,1.8841741831628687e-12,8.193415449993742e-25,8.193415449993742e-27,100.0,8.193415449993742e-25,-8.193415449993742e-25,9.54533792131984e-19,3.808609117777619e-21,3.516003291178483e-18,0.0634940972321344,2.192474849998631e-14,2.095845021951682e-06,0.020958450219516818
10,1000,100,10,100,50,50,28.14867017616454,281.48670176164546,9.86960440108936e-10,8.193415449993744e-13,0.21664422939164094,67.94013996653648,9.723641305455597e-06,4.213141555001451e-06,4.2131415550023145e-06,2.0483538624975966e-11,2.0483538624975975e-13,99.99999999995903,2.0483538624967575e-11,8.513874353714403e-15,2.134402446027333e-12,3.808609117777619e-21,1.7580016455885215e-17,0.28814218962870053,2.1924748499986315e-08,2.095845021951682e-06,0.00020958450219516817
10,3000,100,10,100,50,50,28.14867017616454,281.48670176164546,3.6554090374405037e-11,1.1239253017824065e-15,0.21664422939155226,67.94013996655038,3.601348631651695e-07,1.560422798149005e-07,1.5604227981490054e-07,2.8098132544560146e-14,2.809813254456015e-16,99.99999999999994,2.8098132544560137e-14,3.2357688584387073e-16,7.905194244547296e-14,3.808609117777619e-21,1.7580016455892407e-17,0.28814218962870053,8.120277222217154e-10,2.095845021951682e-06,0.0006287535065855046
10,10000,100,10,100,50,50,28.14867017616454,281.48670176164546,9.869604401089358e-13,8.1934154499937415e-19,0.21664422939155217,67.94013996655039,9.72364130545958e-09,4.213141555002314e-09,4.213141555002314e-09,2.0483538624984352e-17,2.0483538624984354e-19,100.0,2.0483538624984352e-17,-2.0483538624984352e-17,2.1344024460277703e-15,3.808609117777619e-21,1.7580016455892416e-17,0.28814218962870053,2.1924748499986314e-11,2.095845021951682e-06,0.0020958450219516816
10,30000,100,10,100,50,50,28.14867017616454,281.48670176164546,3.655409037440503e-14,1.1239253017824062e-21,0.21664422939155217,67.94013996655039,3.601348631651696e-10,1.560422798149005e-10,1.560422798149005e-10,2.809813254456015e-20,2.8098132544560154e-22,100.0,2.809813254456015e-20,-2.809813254456015e-20,7.905194244547295e-17,3.808609117777619e-21,1.7580016455892416e-17,0.28814218962870053,8.120277222217153e-13,2.095845021951682e-06,0.006287535065855045
10,100000,100,10,100,50,50,28.14867017616454,281.48670176164546,9.869604401089359e-16,8.193415449993742e-25,0.21664422939155217,67.94013996655039,9.723641305459581e-12,4.213141555002314e-12,4.213141555002314e-12,2.0483538624984356e-23,2.0483538624984354e-25,100.0,2.0483538624984356e-23,-2.0483538624984356e-23,2.1344024460277704e-18,3.808609117777619e-21,1.7580016455892416e-17,0.28814218962870053,2.192474849998631e-14,2.095845021951682e-06,0.020958450219516818
10,1000,100,10,100,100,100,56.29734035232908,562.9734035232909,9.86960440108936e-10,3.2773661799974977e-12,0.1083221146959536,96.08186737014319,2.7502610819619265e-05,5.9582819272770615e-06,5.958281927281944e-06,8.193415449980317e-11,8.193415449980318e-13,99.99999999983612,8.19341544996689e-11,5.63378818585916e-15,3.0185008867323075e-12,3.808609117777619e-21,3.5160032911727215e-17,0.5510223596483106,2.1924748499986315e-08,2.095845021951682e-06,0.00020958450219516817
10,3000,100,10,100,100,100,56.29734035232908,562.9734035232909,3.6554090374405037e-11,4.495701207129626e-15,0.10832211469577632,96.08186737022181,1.018615215543121e-06,2.2067710841784956e-07,2.206771084178498e-07,1.1239253017824037e-13,1.123925301782404e-15,99.99999999999979,1.1239253017824013e-13,-1.2916547171826104e-14,1.1179632913832509e-13,3.808609117777619e-21,3.516003291178476e-17,0.5510223596483106,8.120277222217154e-10,2.095845021951682e-06,0.0006287535065855046
10,10000,100,10,100,100,100,56.29734035232908,562.9734035232909,9.869604401089358e-13,3.2773661799974966e-18,0.10832211469577609,96.08186737022191,2.750261081966433e-08,5.958281927281944e-09,5.958281927281944e-09,8.193415449993741e-17,8.1934154499937415e-19,100.0,8.193415449993741e-17,-8.193415449993741e-17,3.0185008867347807e-15,3.808609117777619e-21,3.516003291178483e-17,0.5510223596483106,2.1924748499986314e-11,2.095845021951682e-06,0.0020958450219516816
10,30000,100,10,100,100,100,56.29734035232908,562.9734035232909,3.655409037440503e-14,4.495701207129625e-21,0.10832211469577609,96.08186737022191,1.0186152155431233e-09,2.2067710841784976e-10,2.2067710841784976e-10,1.123925301782406e-19,1.1239253017824062e-21,100.0,1.123925301782406e-19,-1.123925301782406e-19,1.117963291383252e-16,3.808609117777619e-21,3.516003291178483e-17,0.5510223596483106,8.120277222217153e-13,2.095845021951682e-06,0.006287535065855045
10,100000,100,10,100,100,100,56.29734035232908,562.9734035232909,9.869604401089359e-16,3.2773661799974967e-24,0.10832211469577609,96.08186737022191,2.7502610819664332e-11,5.958281927281943e-12,5.958281927281943e-12,8.193415449993742e-23,8.193415449993742e-25,100.0,8.193415449993742e-23,-8.193415449993742e-23,3.018500886734781e-18,3.808609117777619e-21,3.516003291178483e-17,0.5510223596483106,2.192474849998631e-14,2.095845021951682e-06,0.020958450219516818
10,1000,100,30,1,0.5,0.5,0.8444601052849363,0.028148670176164545,8.882643960980423e-13,2.2122221714983115e-21,0.21664422939155217,3.922525809846872,5.052552232689408e-10,2.1892125698231266e-10,2.1892125698231266e-10,5.530555428745779e-20,5.530555428745779e-22,100.0,5.530555428745779e-20,-5.530555428745779e-20,1.1090680440958157e-12,3.0849733853998706e-19,4.746604443090952e-18,0.004121001560746248,1.9732273649987684e-11,6.287535065855045e-06,0.00020958450219516817
10,3000,100,30,1,0.5,0.5,0.8444601052849363,0.028148670176164545,3.289868133696453e-14,3.0345983148124973e-24,0.21664422939155217,3.922525809846872,1.8713156417368178e-11,8.108194703048616e-12,8.108194703048616e-12,7.586495787031243e-23,7.586495787031243e-25,100.0,7.586495787031243e-23,-7.586495787031243e-23,4.107659422577096e-14,3.0849733853998706e-19,4.746604443090952e-18,0.004121001560746248,7.308249499995437e-13,6.287535065855045e-06,0.0006287535065855046
10,10000,100,30,1,0.5,0.5,0.8444601052849363,0.028148670176164545,8.882643960980423e-16,2.212222171498311e-27,0.21664422939155217,3.922525809846872,5.052552232689408e-13,2.189212569823126e-13,2.189212569823126e-13,5.530555428745777e-26,5.530555428745777e-28,100.0,5.530555428745777e-26,-5.530555428745777e-26,1.109068044095816e-15,3.0849733853998706e-19,4.746604443090952e-18,0.004121001560746248,1.9732273649987682e-14,6.287535065855045e-06,0.0020958450219516816
10,30000,100,30,1,0.5,0.5,0.8444601052849363,0.028148670176164545,3.289868133696453e-17,3.0345983148124974e-30,0.21664422939155217,3.922525809846872,1.8713156417368177e-14,8.108194703048616e-15,8.108194703048616e-15,7.586495787031242e-29,7.5864957870312435e-31,100.0,7.586495787031242e-29,-7.586495787031242e-29,4.107659422577095e-17,3.0849733853998706e-19,4.746604443090952e-18,0.004121001560746248,7.3082494999954375e-16,6.287535065855045e-06,0.006287535065855045
10,100000,100,30,1,0.5,0.5,0.8444601052849363,0.028148670176164545,8.882643960980423e-19,2.212222171498311e-33,0.21664422939155217,3.922525809846872,5.052552232689408e-16,2.189212569823126e-16,2.189212569823126e-16,5.530555428745777e-32,5.5305554287457774e-34,100.0,5.530555428745777e-32,-5.530555428745777e-32,1.1090680440958158e-18,3.0849733853998706e-19,4.746604443090952e-18,0.004121001560746248,1.9732273649987684e-17,6.287535065855045e-06,0.020958450219516818
10,1000,100,30,1,2.5,2.5,4.222300526424681,0.1407433508808227,8.882643960980423e-13,5.530555428745779e-20,0.043328845878310436,8.77103435431502,5.648925126080926e-09,4.895228123321516e-10,4.895228123321516e-10,1.3826388571864445e-18,1.3826388571864447e-20,100.00000000000001,1.3826388571864445e-18,-1.421223735405919e-14,2.4799515382709786e-12,3.0849733853998706e-19,2.3733022215454763e-17,0.019138592977132673,1.9732273649987684e-11,6.287535065855045e-06,0.00020958450219516817
10,3000,100,30,1,2.5,2.5,4.222300526424681,0.1407433508808227,3.289868133696453e-14,7.586495787031244e-23,0.043328845878310436,8.77103435431502,2.0921944911410836e-10,1.8130474530820425e-11,1.8130474530820425e-11,1.8966239467578113e-21,1.896623946757811e-23,100.00000000000001,1.8966239467578113e-21,-1.421085661182595e-14,9.185005697299921e-14,3.0849733853998706e-19,2.3733022215454763e-17,0.019138592977132673,7.308249499995437e-13,6.287535065855045e-06,0.0006287535065855046
10,10000,100,30,1,2.5,2.5,4.222300526424681,0.1407433508808227,8.882643960980423e-16,5.530555428745777e-26,0.043328845878310436,8.77103435431502,5.648925126080926e-12,4.895228123321515e-13,4.895228123321515e-13,1.3826388571864445e-24,1.3826388571864442e-26,100.00000000000001,1.3826388571864445e-24,-1.4210854716584643e-14,2.4799515382709787e-15,3.0849733853998706e-19,2.3733022215454763e-17,0.019138592977132673,1.9732273649987682e-14,6.287535065855045e-06,0.0020958450219516816
10,30000,100,30,1,2.5,2.5,4.222300526424681,0.1407433508808227,3.289868133696453e-17,7.586495787031243e-29,0.043328845878310436,8.77103435431502,2.0921944911410835e-13,1.8130474530820427e-14,1.8130474530820427e-14,1.896623946757811e-27,1.8966239467578108e-29,100.00000000000001,1.896623946757811e-27,-1.42108547152039e-14,9.18500569729992e-17,3.0849733853998706e-19,2.3733022215454763e-17,0.019138592977132673,7.3082494999954375e-16,6.287535065855045e-06,0.006287535065855045
10,100000,100,30,1,2.5,2.5,4.222300526424681,0.1407433508808227,8.882643960980423e-19,5.530555428745777e-32,0.043328845878310436,8.77103435431502,5.648925126080926e-15,4.895228123321515e-16,4.895228123321515e-16,1.3826388571864444e-30,1.3826388571864443e-32,100.00000000000001,1.3826388571864444e-30,-1.4210854715202004e-14,2.4799515382709787e-18,3.0849733853998706e-19,2.3733022215454763e-17,0.019138592977132673,1.9732273649987684e-17,6.287535065855045e-06,0.020958450219516818
10,1000,100,30,1,10,10,16.889202105698725,0.5629734035232908,8.882643960980423e-13,8.848888685993246e-19,0.010832211469577609,17.54206870863004,4.519140100864741e-08,9.790456246643031e-10,9.790456246643031e-10,2.2122221714983112e-17,2.2122221714983115e-19,100.00000000000001,2.2122221714983112e-17,-1.4232976936916987e-14,4.959903076541957e-12,3.0849733853998706e-19,9.493208886181905e-17,0.07150196798671259,1.9732273649987684e-11,6.287535065855045e-06,0.00020958450219516817
10,3000,100,30,1,10,10,16.889202105698725,0.5629734035232908,3.289868133696453e-14,1.213839325924999e-21,0.010832211469577609,17.54206870863004,1.673755592912867e-09,3.626094906164085e-11,3.626094906164085e-11,3.034598314812498e-20,3.0345983148124976e-22,100.00000000000001,3.034598314812498e-20,-1.4210885061185152e-14,1.8370011394599843e-13,3.0849733853998706e-19,9.493208886181905e-17,0.07150196798671259,7.308249499995437e-13,6.287535065855045e-06,0.0006287535065855046
10,10000,100,30,1,10,10,16.889202105698725,0.5629734035232908,8.882643960980423e-16,8.848888685993243e-25,0.010832211469577609,17.54206870863004,4.5191401008647406e-11,9.79045624664303e-13,9.79045624664303e-13,2.2122221714983112e-23,2.2122221714983108e-25,100.00000000000001,2.2122221714983112e-23,-1.4210854737324226e-14,4.9599030765419575e-15,3.0849733853998706e-19,9.493208886181905e-17,0.07150196798671259,1.9732273649987682e-14,6.287535065855045e-06,0.0020958450219516816
10,30000,100,30,1,10,10,16.889202105698725,0.5629734035232908,3.289868133696453e-17,1.213839325924999e-27,0.010832211469577609,17.54206870863004,1.6737555929128668e-12,3.6260949061640854e-14,3.6260949061640854e-14,3.034598314812498e-26,3.0345983148124973e-28,100.00000000000001,3.034598314812498e-26,-1.421085471523235e-14,1.837001139459984e-16,3.0849733853998706e-19,9.493208886181905e-17,0.07150196798671259,7.3082494999954375e-16,6.287535065855045e-06,0.006287535065855045
10,100000,100,30,1,10,10,16.889202105698725,0.5629734035232908,8.882643960980423e-19,8.848888685993244e-31,0.010832211469577609,17.54206870863004,4.5191401008647406e-14,9.79045624664303e-16,9.79045624664303e-16,2.212222171498311e-29,2.212222171498311e-31,100.00000000000001,2.212222171498311e-29,-1.4210854715202026e-14,4.959903076541957e-18,3.0849733853998706e-19,9.493208886181905e-17,0.07150196798671259,1.9732273649987684e-17,6.287535065855045e-06,0.020958450219516818
10,1000,100,30,1,50,50,84.44601052849363,2.814867017616454,8.882643960980423e-13,2.2122221714983112e-17,0.002166442293915522,39.22525809846872,5.052552232689408e-07,2.1892125698231267e-09,2.1892125698231267e-09,5.530555428745778e-16,5.530555428745778e-18,100.0,5.530555428745778e-16,-5.530555428745778e-16,1.1090680440958157e-11,3.0849733853998706e-19,4.746604443090952e-16,0.32818154340159156,1.9732273649987684e-11,6.287535065855045e-06,0.00020958450219516817
10,3000,100,30,1,50,50,84.44601052849363,2.814867017616454,3.289868133696453e-14,3.0345983148124975e-20,0.002166442293915522,39.22525809846872,1.8713156417368176e-08,8.108194703048615e-11,8.108194703048615e-11,7.586495787031243e-19,7.586495787031244e-21,100.0,7.586495787031243e-19,-7.586495787031243e-19,4.107659422577096e-13,3.0849733853998706e-19,4.746604443090952e-16,0.32818154340159156,7.308249499995437e-13,6.287535065855045e-06,0.0006287535065855046
10,10000,100,30,1,50,50,84.44601052849363,2.814867017616454,8.882643960980423e-16,2.2122221714983106e-23,0.002166442293915522,39.22525809846872,5.052552232689407e-10,2.189212569823126e-12,2.189212569823126e-12,5.530555428745776e-22,5.5305554287457766e-24,100.0,5.530555428745776e-22,-5.530555428745776e-22,1.1090680440958159e-14,3.0849733853998706e-19,4.746604443090952e-16,0.32818154340159156,1.9732273649987682e-14,6.287535065855045e-06,0.0020958450219516816
10,30000,100,30,1,50,50,84.44601052849363,2.814867017616454,3.289868133696453e-17,3.034598314812497e-26,0.002166442293915522,39.22525809846872,1.8713156417368175e-11,8.108194703048616e-14,8.108194703048616e-14,7.586495787031242e-25,7.586495787031243e-27,100.0,7.586495787031242e-25,-7.586495787031242e-25,4.107659422577095e-16,3.0849733853998706e-19,4.746604443090952e-16,0.32818154340159156,7.3082494999954375e-16,6.287535065855045e-06,0.006287535065855045
10,100000,100,30,1,50,50,84.44601052849363,2.814867017616454,8.882643960980423e-19,2.2122221714983108e-29,0.002166442293915522,39.22525809846872,5.052552232689408e-13,2.1892125698231262e-15,2.1892125698231262e-15,5.530555428745777e-28,5.530555428745777e-30,100.0,5.530555428745777e-28,-5.530555428745777e-28,1.1090680440958159e-17,3.0849733853998706e-19,4.746604443090952e-16,0.32818154340159156,1.9732273649987684e-17,6.287535065855045e-06,0.020958450219516818
10,1000,100,30,1,100,100,168.89202105698726,5.629734035232908,8.882643960980423e-13,8.848888685993245e-17,0.001083221146957761,55.47289199043955,1.4290775784135647e-06,3.096014107161522e-09,3.096014107161522e-09,2.212222171498311e-15,2.2122221714983112e-17,100.0,2.212222171498311e-15,-2.212222171498311e-15,1.5684590695549046e-11,3.0849733853998706e-19,9.493208886181905e-16,0.6311010671940926,1.9732273649987684e-11,6.287535065855045e-06,0.00020958450219516817
10,3000,100,30,1,100,100,168.89202105698726,5.629734035232908,3.289868133696453e-14,1.213839325924999e-19,0.001083221146957761,55.47289199043955,5.292879920050239e-08,1.1466718915413043e-10,1.1466718915413043e-10,3.0345983148124974e-18,3.0345983148124975e-20,100.0,3.0345983148124974e-18,-3.0345983148124974e-18,5.809107665018166e-13,3.0849733853998706e-19,9.493208886181905e-16,0.6311010671940926,7.308249499995437e-13,6.287535065855045e-06,0.0006287535065855046
10,10000,100,30,1,100,100,168.89202105698726,5.629734035232908,8.882643960980423e-16,8.848888685993243e-23,0.001083221146957761,55.47289199043955,1.4290775784135643e-09,3.0960141071615215e-12,3.0960141071615215e-12,2.2122221714983103e-21,2.2122221714983106e-23,100.0,2.2122221714983103e-21,-2.2122221714983103e-21,1.5684590695549047e-14,3.0849733853998706e-19,9.493208886181905e-16,0.6311010671940926,1.9732273649987682e-14,6.287535065855045e-06,0.0020958450219516816
10,30000,100,30,1,100,100,168.89202105698726,5.629734035232908,3.289868133696453e-17,1.2138393259249989e-25,0.001083221146957761,55.47289199043955,5.2928799200502386e-11,1.1466718915413042e-13,1.1466718915413042e-13,3.034598314812497e-24,3.034598314812497e-26,100.0,3.034598314812497e-24,-3.034598314812497e-24,5.809107665018165e-16,3.0849733853998706e-19,9.493208886181905e-16,0.6311010671940926,7.3082494999954375e-16,6.287535065855045e-06,0.006287535065855045
10,100000,100,30,1,100,100,168.89202105698726,5.629734035232908,8.882643960980423e-19,8.848888685993243e-29,0.001083221146957761,55.47289199043955,1.4290775784135644e-12,3.0960141071615215e-15,3.0960141071615215e-15,2.212222171498311e-27,2.2122221714983108e-29,100.0,2.212222171498311e-27,-2.212222171498311e-27,1.5684590695549047e-17,3.0849733853998706e-19,9.493208886181905e-16,0.6311010671940926,1.9732273649987684e-17,6.287535065855045e-06,0.020958450219516818
10,1000,100,30,10,0.5,0.5,0.8444601052849363,0.2814867017616454,8.882643960980424e-11,2.212222171498311e-18,2.1664422939155217,3.922525809846872,5.052552232689408e-09,2.1892125698231263e-08,2.1892125698231263e-08,5.5305554287457774e-17,5.530555428745777e-19,100.0,5.5305554287457774e-17,-5.5305554287457774e-17,1.1090680440958157e-12,3.0849733853998706e-19,4.746604443090952e-18,0.004121001560746248,1.9732273649987687e-09,6.287535065855045e-06,0.00020958450219516817
10,3000,100,30,10,0.5,0.5,0.8444601052849363,0.2814867017616454,3.2898681336964532e-12,3.034598314812498e-21,2.1664422939155217,3.922525809846872,1.871315641736818e-10,8.108194703048617e-10,8.108194703048617e-10,7.586495787031245e-20,7.586495787031245e-22,100.0,7.586495787031245e-20,-7.586495787031245e-20,4.107659422577096e-14,3.0849733853998706e-19,4.746604443090952e-18,0.004121001560746248,7.30824949999544e-11,6.287535065855045e-06,0.0006287535065855046
10,10000,100,30,10,0.5,0.5,0.8444601052849363,0.2814867017616454,8.882643960980424e-14,2.212222171498311e-24,2.1664422939155217,3.922525809846872,5.052552232689408e-12,2.1892125698231266e-11,2.1892125698231266e-11,5.530555428745776e-23,5.530555428745777e-25,100.0,5.530555428745776e-23,-5.530555428745776e-23,1.109068044095816e-15,3.0849733853998706e-19,4.746604443090952e-18,0.004121001560746248,1.9732273649987686e-12,6.287535065855045e-06,0.0020958450219516816
10,30000,100,30,10,0.5,0.5,0.8444601052849363,0.2814867017616454,3.2898681336964534e-15,3.0345983148124984e-27,2.1664422939155217,3.922525809846872,1.871315641736818e-13,8.108194703048617e-13,8.108194703048617e-13,7.586495787031246e-26,7.586495787031246e-28,100.0,7.586495787031246e-26,-7.586495787031246e-26,4.107659422577095e-17,3.0849733853998706e-19,4.746604443090952e-18,0.004121001560746248,7.30824949999544e-14,6.287535065855045e-06,0.006287535065855045
10,100000,100,30,10,0.5,0.5,0.8444601052849363,0.2814867017616454,8.882643960980424e-17,2.2122221714983116e-30,2.1664422939155217,3.922525809846872,5.052552232689409e-15,2.1892125698231268e-14,2.1892125698231268e-14,5.530555428745779e-29,5.530555428745779e-31,100.0,5.530555428745779e-29,-5.530555428745779e-29,1.1090680440958158e-18,3.0849733853998706e-19,4.746604443090952e-18,0.004121001560746248,1.9732273649987686e-15,6.287535065855045e-06,0.020958450219516818
10,1000,100,30,10,2.5,2.5,4.222300526424681,1.407433508808227,8.882643960980424e-11,5.5305554287457774e-17,0.43328845878310435,8.77103435431502,5.648925126080927e-08,4.895228123321516e-08,4.895228123321516e-08,1.3826388571864447e-15,1.3826388571864444e-17,100.00000000000001,1.3826388571864447e-15,-1.5593493572388447e-14,2.4799515382709786e-12,3.0849733853998706e-19,2.3733022215454763e-17,0.019138592977132673,1.9732273649987687e-09,6.287535065855045e-06,0.00020958450219516817
10,3000,100,30,10,2.5,2.5,4.222300526424681,1.407433508808227,3.2898681336964532e-12,7.586495787031245e-20,0.43328845878310435,8.77103435431502,2.092194491141084e-09,1.813047453082043e-09,1.813047453082043e-09,1.8966239467578117e-18,1.8966239467578112e-20,100.00000000000001,1.8966239467578117e-18,-1.4212751339148762e-14,9.185005697299921e-14,3.0849733853998706e-19,2.3733022215454763e-17,0.019138592977132673,7.30824949999544e-11,6.287535065855045e-06,0.0006287535065855046
10,10000,100,30,10,2.5,2.5,4.222300526424681,1.407433508808227,8.882643960980424e-14,5.530555428745778e-23,0.43328845878310435,8.77103435431502,5.648925126080926e-11,4.8952281233215155e-11,4.8952281233215155e-11,1.3826388571864446e-21,1.3826388571864444e-23,100.00000000000001,1.3826388571864446e-21,-1.421085609784086e-14,2.4799515382709787e-15,3.0849733853998706e-19,2.3733022215454763e-17,0.019138592977132673,1.9732273649987686e-12,6.287535065855045e-06,0.0020958450219516816
10,30000,100,30,10,2.5,2.5,4.222300526424681,1.407433508808227,3.2898681336964534e-15,7.586495787031246e-26,0.43328845878310435,8.77103435431502,2.092194491141084e-12,1.813047453082043e-12,1.813047453082043e-12,1.8966239467578117e-24,1.8966239467578115e-26,100.00000000000001,1.8966239467578117e-24,-1.4210854717098627e-14,9.18500569729992e-17,3.0849733853998706e-19,2.3733022215454763e-17,0.019138592977132673,7.30824949999544e-14,6.287535065855045e-06,0.006287535065855045
10,100000,100,30,10,2.5,2.5,4.222300526424681,1.407433508808227,8.882643960980424e-17,5.530555428745779e-29,0.43328845878310435,8.77103435431502,5.6489251260809277e-14,4.895228123321516e-14,4.895228123321516e-14,1.3826388571864451e-27,1.3826388571864447e-29,100.00000000000001,1.3826388571864451e-27,-1.4210854715203386e-14,2.4799515382709787e-18,3.0849733853998706e-19,2.3733022215454763e-17,0.019138592977132673,1.9732273649987686e-15,6.287535065855045e-06,0.020958450219516818
10,1000,100,30,10,10,10,16.889202105698725,5.629734035232908,8.882643960980424e-11,8.848888685993244e-16,0.10832211469577613,17.542068708630037,4.5191401008647393e-07,9.79045624664303e-08,9.790456246643031e-08,2.2122221714983102e-14,2.21222217149831e-16,99.99999999999996,2.2122221714983093e-14,-7.911366999781089e-15,4.9599030765419564e-12,3.0849733853998706e-19,9.4932088861819e-17,0.07150196798671259,1.9732273649987687e-09,6.287535065855045e-06,0.00020958450219516817
10,3000,100,30,10,10,10,16.889202105698725,5.629734035232908,3.2898681336964532e-12,1.2138393259249992e-18,0.10832211469577609,17.54206870863004,1.6737555929128672e-08,3.626094906164086e-09,3.626094906164086e-09,3.034598314812499e-17,3.034598314812498e-19,100.00000000000001,3.034598314812499e-17,-1.4241200698350128e-14,1.8370011394599843e-13,3.0849733853998706e-19,9.493208886181905e-17,0.07150196798671259,7.30824949999544e-11,6.287535065855045e-06,0.0006287535065855046
10,10000,100,30,10,10,10,16.889202105698725,5.629734035232908,8.882643960980424e-14,8.848888685993244e-22,0.10832211469577609,17.54206870863004,4.519140100864741e-10,9.790456246643031e-11,9.790456246643031e-11,2.2122221714983113e-20,2.212222171498311e-22,100.00000000000001,2.2122221714983113e-20,-1.421087683742372e-14,4.9599030765419575e-15,3.0849733853998706e-19,9.493208886181905e-17,0.07150196798671259,1.9732273649987686e-12,6.287535065855045e-06,0.0020958450219516816
10,30000,100,30,10,10,10,16.889202105698725,5.629734035232908,3.2898681336964534e-15,1.2138393259249994e-24,0.10832211469577609,17.54206870863004,1.673755592912867e-11,3.626094906164086e-12,3.626094906164086e-12,3.0345983148124987e-23,3.0345983148124984e-25,100.00000000000001,3.0345983148124987e-23,-1.4210854745547987e-14,1.837001139459984e-16,3.0849733853998706e-19,9.493208886181905e-17,0.07150196798671259,7.30824949999544e-14,6.287535065855045e-06,0.006287535065855045
10,100000,100,30,10,10,10,16.889202105698725,5.629734035232908,8.882643960980424e-17,8.848888685993246e-28,0.10832211469577609,17.54206870863004,4.519140100864742e-13,9.790456246643032e-14,9.790456246643032e-14,2.2122221714983122e-26,2.2122221714983115e-28,100.00000000000001,2.2122221714983122e-26,-1.4210854715224127e-14,4.959903076541957e-18,3.0849733853998706e-19,9.493208886181905e-17,0.07150196798671259,1.9732273649987686e-15,6.287535065855045e-06,0.020958450219516818
10,1000,100,30,10,50,50,84.44601052849363,28.14867017616454,8.882643960980424e-11,2.212222171498311e-14,0.021664422939155457,39.22525809846851,5.052552232689352e-06,2.1892125698231148e-07,2.1892125698231267e-07,5.530555428745716e-13,5.530555428745716e-15,99.99999999999889,5.530555428745655e-13,1.1677910183126894e-15,1.1090680440958098e-11,3.0849733853998706e-19,4.746604443090899e-16,0.32818154340159156,1.9732273649987687e-09,6.287535065855045e-06,0.00020958450219516817
10,3000,100,30,10,50,50,84.44601052849363,28.14867017616454,3.2898681336964532e-12,3.034598314812498e-17,0.021664422939155218,39.22525809846872,1.8713156417368182e-07,8.108194703048617e-09,8.108194703048617e-09,7.586495787031247e-16,7.586495787031245e-18,100.0,7.586495787031247e-16,-7.586495787031247e-16,4.107659422577096e-13,3.0849733853998706e-19,4.746604443090952e-16,0.32818154340159156,7.30824949999544e-11,6.287535065855045e-06,0.0006287535065855046
10,10000,100,30,10,50,50,84.44601052849363,28.14867017616454,8.882643960980424e-14,2.212222171498311e-20,0.021664422939155218,39.22525809846872,5.052552232689408e-09,2.1892125698231266e-10,2.1892125698231266e-10,5.530555428745778e-19,5.5305554287457776e-21,100.0,5.530555428745778e-19,-5.530555428745778e-19,1.1090680440958159e-14,3.0849733853998706e-19,4.746604443090952e-16,0.32818154340159156,1.9732273649987686e-12,6.287535065855045e-06,0.0020958450219516816
10,30000,100,30,10,50,50,84.44601052849363,28.14867017616454,3.2898681336964534e-15,3.034598314812498e-23,0.021664422939155218,39.22525809846872,1.871315641736818e-10,8.108194703048618e-12,8.108194703048618e-12,7.586495787031246e-22,7.586495787031245e-24,100.0,7.586495787031246e-22,-7.586495787031246e-22,4.107659422577095e-16,3.0849733853998706e-19,4.746604443090952e-16,0.32818154340159156,7.30824949999544e-14,6.287535065855045e-06,0.006287535065855045
10,100000,100,30,10,50,50,84.44601052849363,28.14867017616454,8.882643960980424e-17,2.2122221714983116e-26,0.021664422939155218,39.22525809846872,5.052552232689409e-12,2.189212569823127e-13,2.189212569823127e-13,5.53055542874578e-25,5.530555428745779e-27,100.0,5.53055542874578e-25,-5.53055542874578e-25,1.1090680440958159e-17,3.0849733853998706e-19,4.746604443090952e-16,0.32818154340159156,1.9732273649987686e-15,6.287535065855045e-06,0.020958450219516818
10,1000,100,30,10,100,100,168.89202105698726,56.29734035232908,8.882643960980424e-11,8.848888685993243e-14,0.010832211469578088,55.47289199043833,1.4290775784135014e-05,3.096014107161454e-07,3.096014107161522e-07,2.212222171498213e-12,2.2122221714982127e-14,99.99999999999558,2.2122221714981152e-12,-9.539690641804631e-15,1.56845906955487e-11,3.0849733853998706e-19,9.493208886181485e-16,0.6311010671940926,1.9732273649987687e-09,6.287535065855045e-06,0.00020958450219516817
10,3000,100,30,10,100,100,168.89202105698726,56.29734035232908,3.2898681336964532e-12,1.2138393259249993e-16,0.010832211469577609,55.47289199043955,5.29287992005024e-07,1.1466718915413044e-08,1.1466718915413044e-08,3.0345983148124988e-15,3.034598314812498e-17,100.0,3.0345983148124988e-15,-3.0345983148124988e-15,5.809107665018166e-13,3.0849733853998706e-19,9.493208886181905e-16,0.6311010671940926,7.30824949999544e-11,6.287535065855045e-06,0.0006287535065855046
10,10000,100,30,10,100,100,168.89202105698726,56.29734035232908,8.882643960980424e-14,8.848888685993244e-20,0.010832211469577609,55.47289199043955,1.4290775784135647e-08,3.096014107161522e-10,3.096014107161522e-10,2.2122221714983112e-18,2.212222171498311e-20,100.0,2.2122221714983112e-18,-2.2122221714983112e-18,1.5684590695549047e-14,3.0849733853998706e-19,9.493208886181905e-16,0.6311010671940926,1.9732273649987686e-12,6.287535065855045e-06,0.0020958450219516816
10,30000,100,30,10,100,100,168.89202105698726,56.29734035232908,3.2898681336964534e-15,1.2138393259249992e-22,0.010832211469577609,55.47289199043955,5.29287992005024e-10,1.1466718915413045e-11,1.1466718915413045e-11,3.0345983148124984e-21,3.034598314812498e-23,100.0,3.0345983148124984e-21,-3.0345983148124984e-21,5.809107665018165e-16,3.0849733853998706e-19,9.493208886181905e-16,0.6311010671940926,7.30824949999544e-14,6.287535065855045e-06,0.006287535065855045
10,100000,100,30,10,100,100,168.89202105698726,56.29734035232908,8.882643960980424e-17,8.848888685993246e-26,0.010832211469577609,55.47289199043955,1.4290775784135649e-11,3.096014107161522e-13,3.096014107161522e-13,2.212222171498312e-24,2.2122221714983116e-26,100.0,2.212222171498312e-24,-2.212222171498312e-24,1.5684590695549047e-17,3.0849733853998706e-19,9.493208886181905e-16,0.6311010671940926,1.9732273649987686e-15,6.287535065855045e-06,0.020958450219516818
10,1000,100,30,100,0.5,0.5,0.8444601052849363,2.814867017616455,8.882643960980425e-09,2.2122221714983114e-15,21.66442293915524,3.9225258098468703,5.052552232689403e-08,2.1892125698231258e-06,2.1892125698231266e-06,5.530555428745771e-14,5.530555428745774e-16,99.99999999999989,5.530555428745765e-14,1.537864573350365e-15,1.1090680440958153e-12,3.0849733853998706e-19,4.746604443090947e-18,0.004121001560746248,1.9732273649987686e-07,6.287535065855045e-06,0.00020958450219516817
10,3000,100,30,100,0.5,0.5,0.8444601052849363,2.814867017616455,3.289868133696453e-10,3.0345983148124978e-18,21.664422939155216,3.922525809846872,1.8713156417368176e-09,8.108194703048616e-08,8.108194703048616e-08,7.586495787031243e-17,7.586495787031244e-19,100.0,7.586495787031243e-17,-7.586495787031243e-17,4.107659422577096e-14,3.0849733853998706e-19,4.746604443090952e-18,0.004121001560746248,7.308249499995438e-09,6.287535065855045e-06,0.0006287535065855046
10,10000,100,30,100,0.5,0.5,0.8444601052849363,2.814867017616455,8.882643960980424e-12,2.212222171498312e-21,21.664422939155216,3.922525809846872,5.0525522326894093e-11,2.1892125698231267e-09,2.1892125698231267e-09,5.530555428745779e-20,5.53055542874578e-22,100.0,5.530555428745779e-20,-5.530555428745779e-20,1.109068044095816e-15,3.0849733853998706e-19,4.746604443090952e-18,0.004121001560746248,1.9732273649987688e-10,6.287535065855045e-06,0.0020958450219516816
10,30000,100,30,100,0.5,0.5,0.8444601052849363,2.814867017616455,3.2898681336964533e-13,3.0345983148124977e-24,21.664422939155216,3.922525809846872,1.871315641736818e-12,8.108194703048617e-11,8.108194703048617e-11,7.586495787031244e-23,7.586495787031244e-25,100.0,7.586495787031244e-23,-7.586495787031244e-23,4.107659422577095e-17,3.0849733853998706e-19,4.746604443090952e-18,0.004121001560746248,7.308249499995439e-12,6.287535065855045e-06,0.006287535065855045
10,100000,100,30,100,0.5,0.5,0.8444601052849363,2.814867017616455,8.882643960980424e-15,2.2122221714983115e-27,21.664422939155216,3.922525809846872,5.052552232689409e-14,2.1892125698231265e-12,2.1892125698231265e-12,5.530555428745778e-26,5.530555428745779e-28,100.0,5.530555428745778e-26,-5.530555428745778e-26,1.1090680440958158e-18,3.0849733853998706e-19,4.746604443090952e-18,0.004121001560746248,1.9732273649987687e-13,6.287535065855045e-06,0.020958450219516818
10,1000,100,30,100,2.5,2.5,4.222300526424681,14.074335088082274,8.882643960980425e-09,5.530555428745779e-14,4.332884587831162,8.7710343543149,5.648925126080771e-07,4.895228123321449e-06,4.895228123321516e-06,1.3826388571864064e-12,1.3826388571864067e-14,99.99999999999724,1.3826388571863685e-12,-4.185949811774092e-15,2.4799515382709443e-12,3.0849733853998706e-19,2.3733022215454106e-17,0.019138592977132673,1.9732273649987686e-07,6.287535065855045e-06,0.00020958450219516817
10,3000,100,30,100,2.5,2.5,4.222300526424681,14.074335088082274,3.289868133696453e-10,7.586495787031244e-17,4.332884587831043,8.77103435431502,2.0921944911410835e-08,1.8130474530820426e-07,1.8130474530820426e-07,1.896623946757811e-15,1.896623946757811e-17,100.00000000000001,1.896623946757811e-15,-1.6107478661959814e-14,9.185005697299921e-14,3.0849733853998706e-19,2.3733022215454763e-17,0.019138592977132673,7.308249499995438e-09,6.287535065855045e-06,0.0006287535065855046
10,10000,100,30,100,2.5,2.5,4.222300526424681,14.074335088082274,8.882643960980424e-12,5.53055542874578e-20,4.332884587831043,8.77103435431502,5.648925126080927e-10,4.895228123321516e-09,4.895228123321516e-09,1.3826388571864449e-18,1.382638857186445e-20,100.00000000000001,1.3826388571864449e-18,-1.421223735405919e-14,2.4799515382709787e-15,3.0849733853998706e-19,2.3733022215454763e-17,0.019138592977132673,1.9732273649987688e-10,6.287535065855045e-06,0.0020958450219516816
10,30000,100,30,100,2.5,2.5,4.222300526424681,14.074335088082274,3.2898681336964533e-13,7.586495787031245e-23,4.332884587831043,8.77103435431502,2.0921944911410836e-11,1.8130474530820427e-10,1.8130474530820427e-10,1.896623946757811e-21,1.8966239467578113e-23,100.00000000000001,1.896623946757811e-21,-1.421085661182595e-14,9.18500569729992e-17,3.0849733853998706e-19,2.3733022215454763e-17,0.019138592977132673,7.308249499995439e-12,6.287535065855045e-06,0.006287535065855045
10,100000,100,30,100,2.5,2.5,4.222300526424681,14.074335088082274,8.882643960980424e-15,5.530555428745779e-26,4.332884587831043,8.77103435431502,5.648925126080926e-13,4.895228123321516e-12,4.895228123321516e-12,1.3826388571864445e-24,1.3826388571864448e-26,100.00000000000001,1.3826388571864445e-24,-1.4210854716584643e-14,2.4799515382709787e-18,3.0849733853998706e-19,2.3733022215454763e-17,0.019138592977132673,1.9732273649987687e-13,6.287535065855045e-06,0.020958450219516818
10,1000,100,30,100,10,10,16.889202105698725,56.297340352329094,8.882643960980425e-09,8.848888685993246e-13,1.08322114695824,17.54206870862616,4.519140100862742e-06,9.790456246640866e-06,9.790456246643031e-06,2.212222171497333e-11,2.212222171497333e-13,99.99999999995575,2.2122221714963542e-11,4.0790766059776115e-15,4.95990307654086e-12,3.0849733853998706e-19,9.493208886177703e-17,0.07150196798671259,1.9732273649987686e-07,6.287535065855045e-06,0.00020958450219516817
10,3000,100,30,100,10,10,16.889202105698725,56.297340352329094,3.289868133696453e-10,1.2138393259249991e-15,1.0832211469577613,17.542068708630037,1.673755592912866e-07,3.6260949061640847e-07,3.626094906164085e-07,3.034598314812496e-14,3.0345983148124963e-16,99.99999999999993,3.0345983148124944e-14,1.2286580997481067e-14,1.837001139459984e-13,3.0849733853998706e-19,9.493208886181898e-17,0.07150196798671259,7.308249499995438e-09,6.287535065855045e-06,0.0006287535065855046
10,10000,100,30,100,10,10,16.889202105698725,56.297340352329094,8.882643960980424e-12,8.848888685993248e-19,1.0832211469577608,17.54206870863004,4.519140100864742e-09,9.790456246643032e-09,9.790456246643032e-09,2.2122221714983118e-17,2.212222171498312e-19,100.00000000000001,2.2122221714983118e-17,-1.4232976936916987e-14,4.9599030765419575e-15,3.0849733853998706e-19,9.493208886181905e-17,0.07150196798671259,1.9732273649987688e-10,6.287535065855045e-06,0.0020958450219516816
10,30000,100,30,100,10,10,16.889202105698725,56.297340352329094,3.2898681336964533e-13,1.2138393259249992e-21,1.0832211469577608,17.54206870863004,1.6737555929128669e-10,3.6260949061640854e-10,3.6260949061640854e-10,3.0345983148124975e-20,3.034598314812498e-22,100.00000000000001,3.0345983148124975e-20,-1.4210885061185152e-14,1.837001139459984e-16,3.0849733853998706e-19,9.493208886181905e-17,0.07150196798671259,7.308249499995439e-12,6.287535065855045e-06,0.006287535065855045
10,100000,100,30,100,10,10,16.889202105698725,56.297340352329094,8.882643960980424e-15,8.848888685993247e-25,1.0832211469577608,17.54206870863004,4.519140100864741e-12,9.790456246643032e-12,9.790456246643032e-12,2.2122221714983112e-23,2.2122221714983117e-25,100.00000000000001,2.2122221714983112e-23,-1.4210854737324226e-14,4.959903076541957e-18,3.0849733853998706e-19,9.493208886181905e-17,0.07150196798671259,1.9732273649987687e-13,6.287535065855045e-06,0.020958450219516818
10,1000,100,30,100,50,50,84.44601052849363,281.48670176164546,8.882643960980425e-09,2.2122221714983117e-11,0.2166442293939485,39.225258098251786,5.0525522326335214e-05,2.189212569811019e-05,2.1892125698231266e-05,5.530555428684603e-10,5.530555428684603e-12,99.99999999889388,5.530555428623428e-10,2.5009438887356966e-15,1.1090680440896822e-11,3.0849733853998706e-19,4.74660444303845e-16,0.32818154340159156,1.9732273649987686e-07,6.287535065855045e-06,0.00020958450219516817
10,3000,100,30,100,50,50,84.44601052849363,281.48670176164546,3.289868133696453e-10,3.0345983148124976e-14,0.21664422939155545,39.22525809846842,1.8713156417367896e-06,8.108194703048555e-07,8.108194703048616e-07,7.586495787031129e-13,7.586495787031129e-15,99.99999999999848,7.586495787031015e-13,8.736575917806734e-15,4.1076594225770646e-13,3.0849733853998706e-19,4.74660444309088e-16,0.32818154340159156,7.308249499995438e-09,6.287535065855045e-06,0.0006287535065855046
10,10000,100,30,100,50,50,84.44601052849363,281.48670176164546,8.882643960980424e-12,2.2122221714983118e-17,0.21664422939155217,39.22525809846872,5.0525522326894094e-08,2.1892125698231267e-08,2.1892125698231267e-08,5.5305554287457805e-16,5.5305554287457796e-18,100.0,5.5305554287457805e-16,-5.5305554287457805e-16,1.1090680440958159e-14,3.0849733853998706e-19,4.746604443090952e-16,0.32818154340159156,1.9732273649987688e-10,6.287535065855045e-06,0.0020958450219516816
10,30000,100,30,100,50,50,84.44601052849363,281.48670176164546,3.2898681336964533e-13,3.034598314812498e-20,0.21664422939155217,39.22525809846872,1.871315641736818e-09,8.108194703048617e-10,8.108194703048617e-10,7.586495787031246e-19,7.586495787031245e-21,100.0,7.586495787031246e-19,-7.586495787031246e-19,4.107659422577095e-16,3.0849733853998706e-19,4.746604443090952e-16,0.32818154340159156,7.308249499995439e-12,6.287535065855045e-06,0.006287535065855045
10,100000,100,30,100,50,50,84.44601052849363,281.48670176164546,8.882643960980424e-15,2.2122221714983115e-23,0.21664422939155217,39.22525809846872,5.052552232689409e-11,2.1892125698231266e-11,2.1892125698231266e-11,5.530555428745779e-22,5.530555428745779e-24,100.0,5.530555428745779e-22,-5.530555428745779e-22,1.1090680440958159e-17,3.0849733853998706e-19,4.746604443090952e-16,0.32818154340159156,1.9732273649987687e-13,6.287535065855045e-06,0.020958450219516818
10,1000,100,30,100,100,100,168.89202105698726,562.9734035232909,8.882643960980425e-09,8.848888685993247e-11,0.10832211470056874,55.472891989212364,0.0001429077578350336,3.0960141070930316e-05,3.096014107161522e-05,2.2122221714004333e-09,2.2122221714004326e-11,99.99999999557555,2.2122221713025547e-09,1.0003922371643299e-14,1.568459069520207e-11,3.0849733853998706e-19,9.493208885761882e-16,0.6311010671940926,1.9732273649987686e-07,6.287535065855045e-06,0.00020958450219516817
10,3000,100,30,100,100,100,168.89202105698726,562.9734035232909,3.289868133696453e-10,1.213839325924999e-13,0.10832211469578265,55.47289199043787,5.292879920049918e-06,1.1466718915412697e-06,1.1466718915413044e-06,3.0345983148123134e-12,3.0345983148123146e-14,99.99999999999395,3.0345983148121296e-12,-2.1897115189304815e-14,5.809107665017991e-13,3.0849733853998706e-19,9.493208886181329e-16,0.6311010671940926,7.308249499995438e-09,6.287535065855045e-06,0.0006287535065855046
10,10000,100,30,100,100,100,168.89202105698726,562.9734035232909,8.882643960980424e-12,8.848888685993247e-17,0.10832211469577609,55.47289199043955,1.429077578413565e-07,3.096014107161522e-08,3.096014107161522e-08,2.2122221714983122e-15,2.2122221714983118e-17,100.0,2.2122221714983122e-15,-2.2122221714983122e-15,1.5684590695549047e-14,3.0849733853998706e-19,9.493208886181905e-16,0.6311010671940926,1.9732273649987688e-10,6.287535065855045e-06,0.0020958450219516816
10,30000,100,30,100,100,100,168.89202105698726,562.9734035232909,3.2898681336964533e-13,1.2138393259249992e-19,0.10832211469577609,55.47289199043955,5.29287992005024e-09,1.1466718915413043e-09,1.1466718915413043e-09,3.0345983148124985e-18,3.034598314812498e-20,100.0,3.0345983148124985e-18,-3.0345983148124985e-18,5.809107665018165e-16,3.0849733853998706e-19,9.493208886181905e-16,0.6311010671940926,7.308249499995439e-12,6.287535065855045e-06,0.006287535065855045
10,100000,100,30,100,100,100,168.89202105698726,562.9734035232909,8.882643960980424e-15,8.848888685993246e-23,0.10832211469577609,55.47289199043955,1.4290775784135646e-10,3.096014107161522e-11,3.096014107161522e-11,2.2122221714983115e-21,2.2122221714983115e-23,100.0,2.2122221714983115e-21,-2.2122221714983115e-21,1.5684590695549047e-17,3.0849733853998706e-19,9.493208886181905e-16,0.6311010671940926,1.9732273649987687e-13,6.287535065855045e-06,0.020958450219516818
10,1000,100,100,1,0.5,0.5,2.814867017616455,0.028148670176164545,9.869604401089358e-12,8.19341544999374e-20,0.21664422939155217,2.1484558684493518,3.0748853675745325e-09,1.3323123418510886e-09,1.3323123418510886e-09,2.048353862498435e-18,2.048353862498435e-20,100.0,2.048353862498435e-18,-2.048353862498435e-18,6.749573172882362e-12,3.8086091177776186e-17,1.7580016455892416e-16,0.004559794149747671,2.192474849998631e-10,2.0958450219516817e-05,0.00020958450219516817
10,3000,100,100,1,0.5,0.5,2.814867017616455,0.028148670176164545,3.655409037440503e-13,1.1239253017824063e-22,0.21664422939155217,2.1484558684493518,1.1388464324350121e-10,4.9344901550040314e-11,4.9344901550040314e-11,2.809813254456016e-21,2.809813254456016e-23,100.0,2.809813254456016e-21,-2.809813254456016e-21,2.4998419158823567e-13,3.8086091177776186e-17,1.7580016455892416e-16,0.004559794149747671,8.120277222217152e-12,2.0958450219516817e-05,0.0006287535065855046
10,10000,100,100,1,0.5,0.5,2.814867017616455,0.028148670176164545,9.869604401089359e-15,8.193415449993743e-26,0.21664422939155217,2.1484558684493518,3.074885367574533e-12,1.3323123418510887e-12,1.3323123418510887e-12,2.0483538624984358e-24,2.0483538624984358e-26,100.0,2.0483538624984358e-24,-2.0483538624984358e-24,6.749573172882363e-15,3.8086091177776186e-17,1.7580016455892416e-16,0.004559794149747671,2.1924748499986315e-13,2.0958450219516817e-05,0.0020958450219516816
10,30000,100,100,1,0.5,0.5,2.814867017616455,0.028148670176164545,3.655409037440503e-16,1.1239253017824063e-28,0.21664422939155217,2.1484558684493518,1.138846432435012e-13,4.934490155004032e-14,4.934490155004032e-14,2.809813254456016e-27,2.809813254456016e-29,100.0,2.809813254456016e-27,-2.809813254456016e-27,2.499841915882356e-16,3.8086091177776186e-17,1.7580016455892416e-16,0.004559794149747671,8.120277222217154e-15,2.0958450219516817e-05,0.006287535065855045
10,100000,100,100,1,0.5,0.5,2.814867017616455,0.028148670176164545,9.869604401089358e-18,8.193415449993742e-32,0.21664422939155217,2.1484558684493518,3.074885367574533e-15,1.3323123418510887e-15,1.3323123418510887e-15,2.0483538624984358e-30,2.0483538624984356e-32,100.0,2.0483538624984358e-30,-2.0483538624984358e-30,6.7495731728823625e-18,3.8086091177776186e-17,1.7580016455892416e-16,0.004559794149747671,2.1924748499986315e-16,2.0958450219516817e-05,0.020958450219516818
10,1000,100,100,1,2.5,2.5,14.074335088082274,0.1407433508808227,9.869604401089358e-12,2.0483538624984353e-18,0.043328845878310436,4.804093368511096,3.437826352458041e-08,2.979140963640972e-09,2.979140963640972e-09,5.120884656246088e-17,5.120884656246088e-19,100.0,5.120884656246088e-17,-5.120884656246088e-17,1.5092504433673903e-11,3.8086091177776186e-17,8.790008227946208e-16,0.021332555922139784,2.192474849998631e-10,2.0958450219516817e-05,0.00020958450219516817
10,3000,100,100,1,2.5,2.5,14.074335088082274,0.1407433508808227,3.655409037440503e-13,2.8098132544560156e-21,0.043328845878310436,4.804093368511096,1.2732690194289042e-09,1.103385542089249e-10,1.103385542089249e-10,7.02453313614004e-20,7.024533136140039e-22,100.0,7.02453313614004e-20,-7.02453313614004e-20,5.589816456916261e-13,3.8086091177776186e-17,8.790008227946208e-16,0.021332555922139784,8.120277222217152e-12,2.0958450219516817e-05,0.0006287535065855046
10,10000,100,100,1,2.5,2.5,14.074335088082274,0.1407433508808227,9.869604401089359e-15,2.048353862498436e-24,0.043328845878310436,4.804093368511096,3.437826352458042e-11,2.9791409636409724e-12,2.9791409636409724e-12,5.1208846562460905e-23,5.12088465624609e-25,100.0,5.1208846562460905e-23,-5.1208846562460905e-23,1.5092504433673906e-14,3.8086091177776186e-17,8.790008227946208e-16,0.021332555922139784,2.1924748499986315e-13,2.0958450219516817e-05,0.0020958450219516816
10,30000,100,100,1,2.5,2.5,14.074335088082274,0.1407433508808227,3.655409037440503e-16,2.8098132544560157e-27,0.043328845878310436,4.804093368511096,1.2732690194289042e-12,1.103385542089249e-13,1.103385542089249e-13,7.02453313614004e-26,7.024533136140039e-28,100.0,7.02453313614004e-26,-7.02453313614004e-26,5.589816456916261e-16,3.8086091177776186e-17,8.790008227946208e-16,0.021332555922139784,8.120277222217154e-15,2.0958450219516817e-05,0.006287535065855045
10,100000,100,100,1,2.5,2.5,14.074335088082274,0.1407433508808227,9.869604401089358e-18,2.0483538624984358e-30,0.043328845878310436,4.804093368511096,3.4378263524580415e-14,2.979140963640972e-15,2.979140963640972e-15,5.12088465624609e-29,5.1208846562460895e-31,100.0,5.12088465624609e-29,-5.12088465624609e-29,1.5092504433673904e-17,3.8086091177776186e-17,8.790008227946208e-16,0.021332555922139784,2.1924748499986315e-16,2.0958450219516817e-05,0.020958450219516818
10,1000,100,100,1,10,10,56.297340352329094,0.5629734035232908,9.869604401089358e-12,3.2773661799974965e-17,0.010832211469577609,9.608186737022193,2.7502610819664326e-07,5.958281927281944e-09,5.958281927281944e-09,8.193415449993741e-16,8.193415449993741e-18,100.0,8.193415449993741e-16,-8.193415449993741e-16,3.018500886734781e-11,3.8086091177776186e-17,3.5160032911784834e-15,0.08027781976674105,2.192474849998631e-10,2.0958450219516817e-05,0.00020958450219516817
10,3000,100,100,1,10,10,56.297340352329094,0.5629734035232908,3.655409037440503e-13,4.495701207129625e-20,0.010832211469577609,9.608186737022193,1.0186152155431234e-08,2.206771084178498e-10,2.206771084178498e-10,1.1239253017824064e-18,1.1239253017824063e-20,100.0,1.1239253017824064e-18,-1.1239253017824064e-18,1.1179632913832522e-12,3.8086091177776186e-17,3.5160032911784834e-15,0.08027781976674105,8.120277222217152e-12,2.0958450219516817e-05,0.0006287535065855046
10,10000,100,100,1,10,10,56.297340352329094,0.5629734035232908,9.869604401089359e-15,3.277366179997498e-23,0.010832211469577609,9.608186737022193,2.7502610819664335e-10,5.958281927281945e-12,5.958281927281945e-12,8.193415449993745e-22,8.193415449993745e-24,100.0,8.193415449993745e-22,-8.193415449993745e-22,3.018500886734781e-14,3.8086091177776186e-17,3.5160032911784834e-15,0.08027781976674105,2.1924748499986315e-13,2.0958450219516817e-05,0.0020958450219516816
10,30000,100,100,1,10,10,56.297340352329094,0.5629734035232908,3.655409037440503e-16,4.495701207129625e-26,0.010832211469577609,9.608186737022193,1.0186152155431233e-11,2.206771084178498e-13,2.206771084178498e-13,1.1239253017824064e-24,1.1239253017824063e-26,100.0,1.1239253017824064e-24,-1.1239253017824064e-24,1.1179632913832521e-15,3.8086091177776186e-17,3.5160032911784834e-15,0.08027781976674105,8.120277222217154e-15,2.0958450219516817e-05,0.006287535065855045
10,100000,100,100,1,10,10,56.297340352329094,0.5629734035232908,9.869604401089358e-18,3.2773661799974973e-29,0.010832211469577609,9.608186737022193,2.750261081966433e-13,5.958281927281944e-15,5.958281927281944e-15,8.193415449993743e-28,8.193415449993743e-30,100.0,8.193415449993743e-28,-8.193415449993743e-28,3.018500886734781e-17,3.8086091177776186e-17,3.5160032911784834e-15,0.08027781976674105,2.1924748499986315e-16,2.0958450219516817e-05,0.020958450219516818
10,1000,100,100,1,50,50,281.48670176164546,2.814867017616454,9.869604401089358e-12,8.193415449993741e-16,0.0021664422939155228,21.484558684493514,3.074885367574531e-06,1.3323123418510884e-08,1.3323123418510885e-08,2.048353862498434e-14,2.0483538624984342e-16,99.99999999999996,2.0483538624984334e-14,7.938170805419673e-15,6.749573172882361e-11,3.8086091177776186e-17,1.758001645589241e-14,0.37206080230173383,2.192474849998631e-10,2.0958450219516817e-05,0.00020958450219516817
10,3000,100,100,1,50,50,281.48670176164546,2.814867017616454,3.655409037440503e-13,1.1239253017824062e-18,0.002166442293915522,21.484558684493518,1.138846432435012e-07,4.934490155004032e-10,4.934490155004032e-10,2.809813254456015e-17,2.8098132544560156e-19,100.0,2.809813254456015e-17,-2.809813254456015e-17,2.4998419158823567e-12,3.8086091177776186e-17,1.7580016455892417e-14,0.37206080230173383,8.120277222217152e-12,2.0958450219516817e-05,0.0006287535065855046
10,10000,100,100,1,50,50,281.48670176164546,2.814867017616454,9.869604401089359e-15,8.193415449993744e-22,0.002166442293915522,21.484558684493518,3.074885367574533e-09,1.3323123418510887e-11,1.3323123418510887e-11,2.048353862498436e-20,2.048353862498436e-22,100.0,2.048353862498436e-20,-2.048353862498436e-20,6.749573172882364e-14,3.8086091177776186e-17,1.7580016455892417e-14,0.37206080230173383,2.1924748499986315e-13,2.0958450219516817e-05,0.0020958450219516816
10,30000,100,100,1,50,50,281.48670176164546,2.814867017616454,3.655409037440503e-16,1.1239253017824062e-24,0.002166442293915522,21.484558684493518,1.138846432435012e-10,4.934490155004032e-13,4.934490155004032e-13,2.809813254456015e-23,2.8098132544560156e-25,100.0,2.809813254456015e-23,-2.809813254456015e-23,2.4998419158823564e-15,3.8086091177776186e-17,1.7580016455892417e-14,0.37206080230173383,8.120277222217154e-15,2.0958450219516817e-05,0.006287535065855045
10,100000,100,100,1,50,50,281.48670176164546,2.814867017616454,9.869604401089358e-18,8.193415449993743e-28,0.002166442293915522,21.484558684493518,3.0748853675745327e-12,1.3323123418510887e-14,1.3323123418510887e-14,2.0483538624984358e-26,2.048353862498436e-28,100.0,2.0483538624984358e-26,-2.0483538624984358e-26,6.749573172882363e-17,3.8086091177776186e-17,1.7580016455892417e-14,0.37206080230173383,2.1924748499986315e-16,2.0958450219516817e-05,0.020958450219516818
10,1000,100,100,1,100,100,562.9734035232909,5.629734035232908,9.869604401089358e-12,3.2773661799974963e-15,0.0010832211469577627,30.38375427321137,8.697089179132952e-06,1.884174183162867e-08,1.8841741831628685e-08,8.193415449993726e-14,8.193415449993726e-16,99.99999999999983,8.193415449993712e-14,3.3309737912749e-15,9.545337921319833e-11,3.8086091177776186e-17,3.5160032911784776e-14,0.7188595849943772,2.192474849998631e-10,2.0958450219516817e-05,0.00020958450219516817
10,3000,100,100,1,100,100,562.9734035232909,5.629734035232908,3.655409037440503e-13,4.495701207129625e-18,0.001083221146957761,30.38375427321139,3.2211441404196174e-07,6.978422900603216e-10,6.978422900603216e-10,1.123925301782406e-16,1.1239253017824062e-18,100.0,1.123925301782406e-16,-1.123925301782406e-16,3.53531034122957e-12,3.8086091177776186e-17,3.516003291178483e-14,0.7188595849943772,8.120277222217152e-12,2.0958450219516817e-05,0.0006287535065855046
10,10000,100,100,1,100,100,562.9734035232909,5.629734035232908,9.869604401089359e-15,3.2773661799974975e-21,0.001083221146957761,30.38375427321139,8.697089179132968e-09,1.884174183162869e-11,1.884174183162869e-11,8.193415449993744e-20,8.193415449993744e-22,100.0,8.193415449993744e-20,-8.193415449993744e-20,9.545337921319838e-14,3.8086091177776186e-17,3.516003291178483e-14,0.7188595849943772,2.1924748499986315e-13,2.0958450219516817e-05,0.0020958450219516816
10,30000,100,100,1,100,100,562.9734035232909,5.629734035232908,3.655409037440503e-16,4.495701207129625e-24,0.001083221146957761,30.38375427321139,3.2211441404196175e-10,6.978422900603217e-13,6.978422900603217e-13,1.123925301782406e-22,1.1239253017824062e-24,100.0,1.123925301782406e-22,-1.123925301782406e-22,3.5353103412295693e-15,3.8086091177776186e-17,3.516003291178483e-14,0.7188595849943772,8.120277222217154e-15,2.0958450219516817e-05,0.006287535065855045
10,100000,100,100,1,100,100,562.9734035232909,5.629734035232908,9.869604401089358e-18,3.2773661799974974e-27,0.001083221146957761,30.38375427321139,8.697089179132968e-12,1.8841741831628687e-14,1.8841741831628687e-14,8.193415449993743e-26,8.193415449993743e-28,100.0,8.193415449993743e-26,-8.193415449993743e-26,9.545337921319839e-17,3.8086091177776186e-17,3.516003291178483e-14,0.7188595849943772,2.1924748499986315e-16,2.0958450219516817e-05,0.020958450219516818
10,1000,100,100,10,0.5,0.5,2.814867017616455,0.2814867017616454,9.86960440108936e-10,8.193415449993745e-17,2.1664422939155217,2.1484558684493518,3.074885367574533e-08,1.3323123418510887e-07,1.3323123418510887e-07,2.048353862498436e-15,2.0483538624984362e-17,100.0,2.048353862498436e-15,-2.048353862498436e-15,6.749573172882362e-12,3.8086091177776186e-17,1.7580016455892416e-16,0.004559794149747671,2.1924748499986315e-08,2.0958450219516817e-05,0.00020958450219516817
10,3000,100,100,10,0.5,0.5,2.814867017616455,0.2814867017616454,3.6554090374405037e-11,1.1239253017824065e-19,2.1664422939155217,2.1484558684493518,1.1388464324350122e-09,4.934490155004033e-09,4.934490155004033e-09,2.8098132544560164e-18,2.8098132544560163e-20,100.0,2.8098132544560164e-18,-2.8098132544560164e-18,2.4998419158823567e-13,3.8086091177776186e-17,1.7580016455892416e-16,0.004559794149747671,8.120277222217154e-10,2.0958450219516817e-05,0.0006287535065855046
10,10000,100,100,10,0.5,0.5,2.814867017616455,0.2814867017616454,9.869604401089358e-13,8.193415449993742e-23,2.1664422939155217,2.1484558684493518,3.074885367574533e-11,1.3323123418510887e-10,1.3323123418510887e-10,2.048353862498436e-21,2.0483538624984356e-23,100.0,2.048353862498436e-21,-2.048353862498436e-21,6.749573172882363e-15,3.8086091177776186e-17,1.7580016455892416e-16,0.004559794149747671,2.1924748499986314e-11,2.0958450219516817e-05,0.0020958450219516816
10,30000,100,100,10,0.5,0.5,2.814867017616455,0.2814867017616454,3.655409037440503e-14,1.1239253017824063e-25,2.1664422939155217,2.1484558684493518,1.138846432435012e-12,4.9344901550040315e-12,4.9344901550040315e-12,2.8098132544560156e-24,2.8098132544560157e-26,100.0,2.8098132544560156e-24,-2.8098132544560156e-24,2.499841915882356e-16,3.8086091177776186e-17,1.7580016455892416e-16,0.004559794149747671,8.120277222217153e-13,2.0958450219516817e-05,0.006287535065855045
10,100000,100,100,10,0.5,0.5,2.814867017616455,0.2814867017616454,9.869604401089359e-16,8.193415449993742e-29,2.1664422939155217,2.1484558684493518,3.0748853675745326e-14,1.3323123418510885e-13,1.3323123418510885e-13,2.0483538624984354e-27,2.0483538624984356e-29,100.0,2.0483538624984354e-27,-2.0483538624984354e-27,6.7495731728823625e-18,3.8086091177776186e-17,1.7580016455892416e-16,0.004559794149747671,2.192474849998631e-14,2.0958450219516817e-05,0.020958450219516818
10,1000,100,100,10,2.5,2.5,14.074335088082274,1.407433508808227,9.86960440108936e-10,2.048353862498436e-15,0.43328845878310474,4.804093368511094,3.437826352458039e-07,2.9791409636409704e-07,2.9791409636409725e-07,5.1208846562460864e-14,5.120884656246085e-16,99.9999999999999,5.1208846562460813e-14,-8.576282416854802e-15,1.5092504433673894e-11,3.8086091177776186e-17,8.7900082279462e-16,0.021332555922139784,2.1924748499986315e-08,2.0958450219516817e-05,0.00020958450219516817
10,3000,100,100,10,2.5,2.5,14.074335088082274,1.407433508808227,3.6554090374405037e-11,2.8098132544560164e-18,0.43328845878310435,4.804093368511096,1.2732690194289044e-08,1.1033855420892491e-08,1.1033855420892491e-08,7.024533136140042e-17,7.024533136140041e-19,100.0,7.024533136140042e-17,-7.024533136140042e-17,5.589816456916261e-13,3.8086091177776186e-17,8.790008227946208e-16,0.021332555922139784,8.120277222217154e-10,2.0958450219516817e-05,0.0006287535065855046
10,10000,100,100,10,2.5,2.5,14.074335088082274,1.407433508808227,9.869604401089358e-13,2.0483538624984354e-21,0.43328845878310435,4.804093368511096,3.4378263524580414e-10,2.979140963640972e-10,2.979140963640972e-10,5.1208846562460884e-20,5.120884656246089e-22,100.0,5.1208846562460884e-20,-5.1208846562460884e-20,1.5092504433673906e-14,3.8086091177776186e-17,8.790008227946208e-16,0.021332555922139784,2.1924748499986314e-11,2.0958450219516817e-05,0.0020958450219516816
10,30000,100,100,10,2.5,2.5,14.074335088082274,1.407433508808227,3.655409037440503e-14,2.8098132544560156e-24,0.43328845878310435,4.804093368511096,1.2732690194289043e-11,1.1033855420892489e-11,1.1033855420892489e-11,7.02453313614004e-23,7.024533136140039e-25,100.0,7.02453313614004e-23,-7.02453313614004e-23,5.589816456916261e-16,3.8086091177776186e-17,8.790008227946208e-16,0.021332555922139784,8.120277222217153e-13,2.0958450219516817e-05,0.006287535065855045
10,100000,100,100,10,2.5,2.5,14.074335088082274,1.407433508808227,9.869604401089359e-16,2.0483538624984354e-27,0.43328845878310435,4.804093368511096,3.4378263524580417e-13,2.979140963640972e-13,2.979140963640972e-13,5.120884656246089e-26,5.120884656246089e-28,100.0,5.120884656246089e-26,-5.120884656246089e-26,1.5092504433673904e-17,3.8086091177776186e-17,8.790008227946208e-16,0.021332555922139784,2.192474849998631e-14,2.0958450219516817e-05,0.020958450219516818
10,1000,100,100,10,10,10,56.297340352329094,5.629734035232908,9.86960440108936e-10,3.2773661799974976e-14,0.10832211469577786,9.608186737022114,2.7502610819663883e-06,5.958281927281896e-07,5.958281927281945e-07,8.193415449993609e-13,8.19341544999361e-15,99.99999999999837,8.193415449993475e-13,-9.322826232833256e-15,3.018500886734756e-11,3.8086091177776186e-17,3.5160032911784254e-15,0.08027781976674105,2.1924748499986315e-08,2.0958450219516817e-05,0.00020958450219516817
10,3000,100,100,10,10,10,56.297340352329094,5.629734035232908,3.6554090374405037e-11,4.495701207129626e-17,0.10832211469577609,9.608186737022193,1.0186152155431235e-07,2.2067710841784982e-08,2.2067710841784982e-08,1.1239253017824067e-15,1.1239253017824065e-17,100.0,1.1239253017824067e-15,-1.1239253017824067e-15,1.1179632913832522e-12,3.8086091177776186e-17,3.5160032911784834e-15,0.08027781976674105,8.120277222217154e-10,2.0958450219516817e-05,0.0006287535065855046
10,10000,100,100,10,10,10,56.297340352329094,5.629734035232908,9.869604401089358e-13,3.277366179997497e-20,0.10832211469577609,9.608186737022193,2.750261081966433e-09,5.958281927281944e-10,5.958281927281944e-10,8.1934154499937415e-19,8.193415449993742e-21,100.0,8.1934154499937415e-19,-8.1934154499937415e-19,3.018500886734781e-14,3.8086091177776186e-17,3.5160032911784834e-15,0.08027781976674105,2.1924748499986314e-11,2.0958450219516817e-05,0.0020958450219516816
10,30000,100,100,10,10,10,56.297340352329094,5.629734035232908,3.655409037440503e-14,4.495701207129625e-23,0.10832211469577609,9.608186737022193,1.0186152155431234e-10,2.2067710841784978e-11,2.2067710841784978e-11,1.1239253017824064e-21,1.1239253017824062e-23,100.0,1.1239253017824064e-21,-1.1239253017824064e-21,1.1179632913832521e-15,3.8086091177776186e-17,3.5160032911784834e-15,0.08027781976674105,8.120277222217153e-13,2.0958450219516817e-05,0.006287535065855045
10,100000,100,100,10,10,10,56.297340352329094,5.629734035232908,9.869604401089359e-16,3.2773661799974967e-26,0.10832211469577609,9.608186737022193,2.7502610819664334e-12,5.958281927281944e-13,5.958281927281944e-13,8.193415449993743e-25,8.193415449993742e-27,100.0,8.193415449993743e-25,-8.193415449993743e-25,3.018500886734781e-17,3.8086091177776186e-17,3.5160032911784834e-15,0.08027781976674105,2.192474849998631e-14,2.0958450219516817e-05,0.020958450219516818
10,1000,100,100,10,50,50,281.48670176164546,28.14867017616454,9.86960440108936e-10,8.193415449993744e-13,0.021664422939164093,21.484558684489116,3.0748853675732735e-05,1.3323123418508157e-06,1.3323123418510887e-06,2.0483538624975966e-11,2.0483538624975975e-13,99.99999999995903,2.0483538624967575e-11,8.513874353714403e-15,6.74957317288098e-11,3.8086091177776186e-17,1.7580016455885213e-14,0.37206080230173383,2.1924748499986315e-08,2.0958450219516817e-05,0.00020958450219516817
10,3000,100,100,10,50,50,281.48670176164546,28.14867017616454,3.6554090374405037e-11,1.1239253017824065e-15,0.02166442293915523,21.48455868449351,1.1388464324350116e-06,4.934490155004031e-08,4.934490155004033e-08,2.809813254456015e-14,2.809813254456015e-16,99.99999999999994,2.8098132544560137e-14,3.2357688584387073e-16,2.499841915882356e-12,3.8086091177776186e-17,1.7580016455892407e-14,0.37206080230173383,8.120277222217154e-10,2.0958450219516817e-05,0.0006287535065855046
10,10000,100,100,10,50,50,281.48670176164546,28.14867017616454,9.869604401089358e-13,8.1934154499937415e-19,0.021664422939155218,21.484558684493518,3.0748853675745325e-08,1.3323123418510886e-09,1.3323123418510886e-09,2.0483538624984356e-17,2.0483538624984354e-19,100.0,2.0483538624984356e-17,-2.0483538624984356e-17,6.749573172882364e-14,3.8086091177776186e-17,1.7580016455892417e-14,0.37206080230173383,2.1924748499986314e-11,2.0958450219516817e-05,0.0020958450219516816
10,30000,100,100,10,50,50,281.48670176164546,28.14867017616454,3.655409037440503e-14,1.1239253017824062e-21,0.021664422939155218,21.484558684493518,1.138846432435012e-09,4.9344901550040314e-11,4.9344901550040314e-11,2.809813254456015e-20,2.8098132544560154e-22,100.0,2.809813254456015e-20,-2.809813254456015e-20,2.4998419158823564e-15,3.8086091177776186e-17,1.7580016455892417e-14,0.37206080230173383,8.120277222217153e-13,2.0958450219516817e-05,0.006287535065855045
10,100000,100,100,10,50,50,281.48670176164546,28.14867017616454,9.869604401089359e-16,8.193415449993742e-25,0.021664422939155218,21.484558684493518,3.0748853675745324e-11,1.3323123418510885e-12,1.3323123418510885e-12,2.0483538624984353e-23,2.0483538624984354e-25,100.0,2.0483538624984353e-23,-2.0483538624984353e-23,6.749573172882363e-17,3.8086091177776186e-17,1.7580016455892417e-14,0.37206080230173383,2.192474849998631e-14,2.0958450219516817e-05,0.020958450219516818
10,1000,100,100,10,100,100,562.9734035232909,56.29734035232908,9.86960440108936e-10,3.2773661799974977e-12,0.01083221146959536,30.383754273186497,8.697089179118715e-05,1.884174183161325e-06,1.8841741831628687e-06,8.193415449980314e-11,8.193415449980318e-13,99.99999999983612,8.193415449966888e-11,5.633788185872085e-15,9.545337921312019e-11,3.8086091177776186e-17,3.5160032911727215e-14,0.7188595849943772,2.1924748499986315e-08,2.0958450219516817e-05,0.00020958450219516817
10,3000,100,100,10,100,100,562.9734035232909,56.29734035232908,3.6554090374405037e-11,4.495701207129626e-15,0.010832211469577633,30.38375427321136,3.2211441404196104e-06,6.97842290060321e-08,6.978422900603218e-08,1.123925301782404e-13,1.123925301782404e-15,99.99999999999977,1.1239253017824014e-13,1.2943075433758868e-15,3.5353103412295667e-12,3.8086091177776186e-17,3.516003291178475e-14,0.7188595849943772,8.120277222217154e-10,2.0958450219516817e-05,0.0006287535065855046
10,10000,100,100,10,100,100,562.9734035232909,56.29734035232908,9.869604401089358e-13,3.2773661799974966e-18,0.010832211469577609,30.38375427321139,8.697089179132967e-08,1.8841741831628687e-09,1.8841741831628687e-09,8.193415449993742e-17,8.1934154499937415e-19,100.0,8.193415449993742e-17,-8.193415449993742e-17,9.545337921319838e-14,3.8086091177776186e-17,3.516003291178483e-14,0.7188595849943772,2.1924748499986314e-11,2.0958450219516817e-05,0.0020958450219516816
10,30000,100,100,10,100,100,562.9734035232909,56.29734035232908,3.655409037440503e-14,4.495701207129625e-21,0.010832211469577609,30.38375427321139,3.2211441404196173e-09,6.978422900603217e-11,6.978422900603217e-11,1.123925301782406e-19,1.1239253017824062e-21,100.0,1.123925301782406e-19,-1.123925301782406e-19,3.5353103412295693e-15,3.8086091177776186e-17,3.516003291178483e-14,0.7188595849943772,8.120277222217153e-13,2.0958450219516817e-05,0.006287535065855045
10,100000,100,100,10,100,100,562.9734035232909,56.29734035232908,9.869604401089359e-16,3.2773661799974967e-24,0.010832211469577609,30.38375427321139,8.697089179132968e-11,1.8841741831628687e-12,1.8841741831628687e-12,8.193415449993741e-23,8.193415449993742e-25,100.0,8.193415449993741e-23,-8.193415449993741e-23,9.545337921319839e-17,3.8086091177776186e-17,3.516003291178483e-14,0.7188595849943772,2.192474849998631e-14,2.0958450219516817e-05,0.020958450219516818
10,1000,100,100,100,0.5,0.5,2.814867017616455,2.814867017616455,9.869604401089358e-08,8.193415449993744e-14,21.6644229391561,2.148455868449308,3.074885367574408e-07,1.3323123418510615e-05,1.3323123418510888e-05,2.048353862498352e-12,2.0483538624983523e-14,99.9999999999959,2.0483538624982686e-12,1.2220071206021985e-14,6.7495731728822255e-12,3.8086091177776186e-17,1.7580016455891697e-16,0.004559794149747671,2.1924748499986314e-06,2.0958450219516817e-05,0.00020958450219516817
10,3000,100,100,100,0.5,0.5,2.814867017616455,2.814867017616455,3.655409037440503e-09,1.1239253017824063e-16,21.664422939155216,2.1484558684493518,1.1388464324350123e-08,4.934490155004032e-07,4.934490155004032e-07,2.8098132544560157e-15,2.809813254456016e-17,100.0,2.8098132544560157e-15,-2.8098132544560157e-15,2.4998419158823567e-13,3.8086091177776186e-17,1.7580016455892416e-16,0.004559794149747671,8.120277222217154e-08,2.0958450219516817e-05,0.0006287535065855046
10,10000,100,100,100,0.5,0.5,2.814867017616455,2.814867017616455,9.869604401089359e-11,8.193415449993744e-20,21.664422939155216,2.1484558684493518,3.0748853675745334e-10,1.3323123418510887e-08,1.3323123418510887e-08,2.048353862498436e-18,2.048353862498436e-20,100.0,2.048353862498436e-18,-2.048353862498436e-18,6.749573172882363e-15,3.8086091177776186e-17,1.7580016455892416e-16,0.004559794149747671,2.1924748499986317e-09,2.0958450219516817e-05,0.0020958450219516816
10,30000,100,100,100,0.5,0.5,2.814867017616455,2.814867017616455,3.6554090374405035e-12,1.1239253017824068e-22,21.664422939155216,2.1484558684493518,1.1388464324350124e-11,4.934490155004033e-10,4.934490155004033e-10,2.8098132544560168e-21,2.809813254456017e-23,100.0,2.8098132544560168e-21,-2.8098132544560168e-21,2.499841915882356e-16,3.8086091177776186e-17,1.7580016455892416e-16,0.004559794149747671,8.120277222217155e-11,2.0958450219516817e-05,0.006287535065855045
10,100000,100,100,100,0.5,0.5,2.814867017616455,2.814867017616455,9.869604401089359e-14,8.193415449993744e-26,21.664422939155216,2.1484558684493518,3.0748853675745333e-13,1.3323123418510887e-11,1.3323123418510887e-11,2.0483538624984358e-24,2.048353862498436e-26,100.0,2.0483538624984358e-24,-2.0483538624984358e-24,6.7495731728823625e-18,3.8086091177776186e-17,1.7580016455892416e-16,0.004559794149747671,2.1924748499986314e-12,2.0958450219516817e-05,0.020958450219516818
10,1000,100,100,100,2.5,2.5,14.074335088082274,14.074335088082274,9.869604401089358e-08,2.0483538624984358e-12,4.332884587835481,4.804093368508636,3.4378263524545207e-06,2.9791409636394466e-05,2.9791409636409723e-05,5.1208846562408444e-11,5.120884656240845e-13,99.9999999998976,5.1208846562356e-11,-2.1347878198384806e-14,1.5092504433666174e-11,3.8086091177776186e-17,8.790008227937207e-16,0.021332555922139784,2.1924748499986314e-06,2.0958450219516817e-05,0.00020958450219516817
10,3000,100,100,100,2.5,2.5,14.074335088082274,14.074335088082274,3.655409037440503e-09,2.8098132544560157e-15,4.332884587831049,4.804093368511093,1.2732690194289026e-07,1.103385542089248e-06,1.1033855420892489e-06,7.024533136140028e-14,7.02453313614003e-16,99.99999999999986,7.024533136140021e-14,8.089422146098109e-16,5.589816456916257e-13,3.8086091177776186e-17,8.790008227946196e-16,0.021332555922139784,8.120277222217154e-08,2.0958450219516817e-05,0.0006287535065855046
10,10000,100,100,100,2.5,2.5,14.074335088082274,14.074335088082274,9.869604401089359e-11,2.0483538624984357e-18,4.332884587831043,4.804093368511096,3.4378263524580416e-09,2.9791409636409725e-08,2.9791409636409725e-08,5.12088465624609e-17,5.120884656246089e-19,100.0,5.12088465624609e-17,-5.12088465624609e-17,1.5092504433673906e-14,3.8086091177776186e-17,8.790008227946208e-16,0.021332555922139784,2.1924748499986317e-09,2.0958450219516817e-05,0.0020958450219516816
10,30000,100,100,100,2.5,2.5,14.074335088082274,14.074335088082274,3.6554090374405035e-12,2.8098132544560164e-21,4.332884587831043,4.804093368511096,1.2732690194289044e-10,1.103385542089249e-09,1.103385542089249e-09,7.024533136140041e-20,7.024533136140041e-22,100.0,7.024533136140041e-20,-7.024533136140041e-20,5.589816456916261e-16,3.8086091177776186e-17,8.790008227946208e-16,0.021332555922139784,8.120277222217155e-11,2.0958450219516817e-05,0.006287535065855045
10,100000,100,100,100,2.5,2.5,14.074335088082274,14.074335088082274,9.869604401089359e-14,2.0483538624984358e-24,4.332884587831043,4.804093368511096,3.437826352458042e-12,2.9791409636409725e-11,2.9791409636409725e-11,5.12088465624609e-23,5.120884656246089e-25,100.0,5.12088465624609e-23,-5.12088465624609e-23,1.5092504433673904e-17,3.8086091177776186e-17,8.790008227946208e-16,0.021332555922139784,2.1924748499986314e-12,2.0958450219516817e-05,0.020958450219516818
10,1000,100,100,100,10,10,56.297340352329094,56.297340352329094,9.869604401089358e-08,3.277366179997497e-11,1.0832211469755113,9.608186736943468,2.750261081921365e-05,5.958281927233126e-05,5.9582819272819446e-05,8.193415449859477e-10,8.193415449859478e-12,99.99999999836132,8.193415449725214e-10,-5.055128346872514e-16,3.0185008867100486e-11,3.8086091177776186e-17,3.5160032911208674e-15,0.08027781976674105,2.1924748499986314e-06,2.0958450219516817e-05,0.00020958450219516817
10,3000,100,100,100,10,10,56.297340352329094,56.297340352329094,3.655409037440503e-09,4.495701207129625e-14,1.083221146957785,9.608186737022084,1.0186152155431005e-06,2.206771084178473e-06,2.2067710841784977e-06,1.1239253017823807e-12,1.1239253017823814e-14,99.99999999999774,1.1239253017823555e-12,1.2943075433804837e-14,1.1179632913832395e-12,3.8086091177776186e-17,3.516003291178404e-15,0.08027781976674105,8.120277222217154e-08,2.0958450219516817e-05,0.0006287535065855046
10,10000,100,100,100,10,10,56.297340352329094,56.297340352329094,9.869604401089359e-11,3.277366179997497e-17,1.0832211469577608,9.608186737022193,2.7502610819664333e-08,5.958281927281945e-08,5.958281927281945e-08,8.193415449993744e-16,8.193415449993743e-18,100.0,8.193415449993744e-16,-8.193415449993744e-16,3.018500886734781e-14,3.8086091177776186e-17,3.5160032911784834e-15,0.08027781976674105,2.1924748499986317e-09,2.0958450219516817e-05,0.0020958450219516816
10,30000,100,100,100,10,10,56.297340352329094,56.297340352329094,3.6554090374405035e-12,4.495701207129626e-20,1.0832211469577608,9.608186737022193,1.0186152155431235e-09,2.206771084178498e-09,2.206771084178498e-09,1.1239253017824066e-18,1.1239253017824066e-20,100.0,1.1239253017824066e-18,-1.1239253017824066e-18,1.1179632913832521e-15,3.8086091177776186e-17,3.5160032911784834e-15,0.08027781976674105,8.120277222217155e-11,2.0958450219516817e-05,0.006287535065855045
10,100000,100,100,100,10,10,56.297340352329094,56.297340352329094,9.869604401089359e-14,3.277366179997497e-23,1.0832211469577608,9.608186737022193,2.7502610819664335e-11,5.958281927281945e-11,5.958281927281945e-11,8.193415449993744e-22,8.193415449993743e-24,100.0,8.193415449993744e-22,-8.193415449993744e-22,3.018500886734781e-17,3.8086091177776186e-17,3.5160032911784834e-15,0.08027781976674105,2.1924748499986314e-12,2.0958450219516817e-05,0.020958450219516818
10,1000,100,100,100,50,50,281.48670176164546,281.48670176164546,9.869604401089358e-08,8.193415449993743e-10,0.21664422948030498,21.484558680092718,0.00030748853663148417,0.0001332312341578184,0.00013323123418510887,2.0483538616592848e-08,2.0483538616592855e-10,99.99999995903292,2.048353860820134e-08,1.5891455446062111e-15,6.74957317149981e-11,3.8086091177776186e-17,1.7580016448690397e-14,0.37206080230173383,2.1924748499986314e-06,2.0958450219516817e-05,0.00020958450219516817
10,3000,100,100,100,50,50,281.48670176164546,281.48670176164546,3.655409037440503e-09,1.1239253017824064e-12,0.21664422939167394,21.48455868448748,1.1388464324343721e-05,4.934490155002645e-06,4.934490155004032e-06,2.809813254454437e-11,2.809813254454436e-13,99.99999999994381,2.8098132544528576e-11,-3.2727725742151355e-15,2.4998419158816544e-12,3.8086091177776186e-17,1.7580016455882537e-14,0.37206080230173383,8.120277222217154e-08,2.0958450219516817e-05,0.0006287535065855046
10,10000,100,100,100,50,50,281.48670176164546,281.48670176164546,9.869604401089359e-11,8.193415449993744e-16,0.21664422939155226,21.484558684493514,3.0748853675745317e-07,1.3323123418510885e-07,1.3323123418510887e-07,2.048353862498435e-14,2.048353862498435e-16,99.99999999999996,2.0483538624984344e-14,7.938170805419664e-15,6.749573172882361e-14,3.8086091177776186e-17,1.758001645589241e-14,0.37206080230173383,2.1924748499986317e-09,2.0958450219516817e-05,0.0020958450219516816
10,30000,100,100,100,50,50,281.48670176164546,281.48670176164546,3.6554090374405035e-12,1.1239253017824066e-18,0.21664422939155217,21.484558684493518,1.1388464324350123e-08,4.934490155004033e-09,4.934490155004033e-09,2.8098132544560164e-17,2.8098132544560166e-19,100.0,2.8098132544560164e-17,-2.8098132544560164e-17,2.4998419158823564e-15,3.8086091177776186e-17,1.7580016455892417e-14,0.37206080230173383,8.120277222217155e-11,2.0958450219516817e-05,0.006287535065855045
10,100000,100,100,100,50,50,281.48670176164546,281.48670176164546,9.869604401089359e-14,8.193415449993744e-22,0.21664422939155217,21.484558684493518,3.074885367574533e-10,1.3323123418510887e-10,1.3323123418510887e-10,2.0483538624984357e-20,2.048353862498436e-22,100.0,2.0483538624984357e-20,-2.0483538624984357e-20,6.749573172882363e-17,3.8086091177776186e-17,1.7580016455892417e-14,0.37206080230173383,2.1924748499986314e-12,2.0958450219516817e-05,0.020958450219516818
10,1000,100,100,100,100,100,562.9734035232909,562.9734035232909,9.869604401089358e-08,3.277366179997497e-09,0.1083221148732817,30.38375424831672,0.0008697089164881196,0.00018841741816190866,0.00018841741831628688,8.193415436567334e-08,8.193415436567333e-10,99.99999983613169,8.193415423140923e-08,-7.65287641134937e-15,9.545337913498947e-11,3.8086091177776186e-17,3.516003285416868e-14,0.7188595849943772,2.1924748499986314e-06,2.0958450219516817e-05,0.00020958450219516817
10,3000,100,100,100,100,100,562.9734035232909,562.9734035232909,3.655409037440503e-09,4.4957012071296254e-12,0.10832211469601957,30.383754273177246,3.221144140412377e-05,6.978422900595375e-06,6.978422900603217e-06,1.1239253017798799e-10,1.1239253017798798e-12,99.99999999977523,1.1239253017773537e-10,-1.3091089917921349e-14,3.5353103412255977e-12,3.8086091177776186e-17,3.51600329117058e-14,0.7188595849943772,8.120277222217154e-08,2.0958450219516817e-05,0.0006287535065855046
10,10000,100,100,100,100,100,562.9734035232909,562.9734035232909,9.869604401089359e-11,3.2773661799974975e-15,0.10832211469577625,30.38375427321137,8.697089179132954e-07,1.8841741831628675e-07,1.884174183162869e-07,8.19341544999373e-14,8.193415449993729e-16,99.99999999999983,8.193415449993717e-14,3.3309737912748496e-15,9.545337921319833e-14,3.8086091177776186e-17,3.5160032911784776e-14,0.7188595849943772,2.1924748499986317e-09,2.0958450219516817e-05,0.0020958450219516816
10,30000,100,100,100,100,100,562.9734035232909,562.9734035232909,3.6554090374405035e-12,4.4957012071296265e-18,0.10832211469577609,30.38375427321139,3.221144140419618e-08,6.978422900603218e-09,6.978422900603218e-09,1.1239253017824066e-16,1.1239253017824066e-18,100.0,1.1239253017824066e-16,-1.1239253017824066e-16,3.5353103412295693e-15,3.8086091177776186e-17,3.516003291178483e-14,0.7188595849943772,8.120277222217155e-11,2.0958450219516817e-05,0.006287535065855045
10,100000,100,100,100,100,100,562.9734035232909,562.9734035232909,9.869604401089359e-14,3.2773661799974975e-21,0.10832211469577609,30.38375427321139,8.697089179132967e-10,1.8841741831628688e-10,1.8841741831628688e-10,8.193415449993743e-20,8.193415449993744e-22,100.0,8.193415449993743e-20,-8.193415449993743e-20,9.545337921319839e-17,3.8086091177776186e-17,3.516003291178483e-14,0.7188595849943772,2.1924748499986314e-12,2.0958450219516817e-05,0.020958450219516818
10,3000,100,300,1,0.5,0.5,8.444601052849363,0.028148670176164545,3.289868133696453e-12,3.0345983148124977e-21,0.21664422939155217,1.2404115739912644,5.917619648987993e-10,2.5640362973746223e-10,2.5640362973746223e-10,7.586495787031244e-20,7.586495787031244e-22,100.0,7.586495787031244e-20,-7.586495787031244e-20,1.2989559627595698e-12,3.084973385399872e-15,4.746604443090954e-15,0.00496018768747658,7.308249499995438e-11,6.287535065855045e-05,0.0006287535065855046
10,10000,100,300,1,0.5,0.5,8.444601052849363,0.028148670176164545,8.882643960980422e-14,2.2122221714983106e-24,0.21664422939155217,1.2404115739912644,1.5977573052267582e-11,6.922898002911481e-12,6.922898002911481e-12,5.530555428745776e-23,5.530555428745776e-25,100.0,5.530555428745776e-23,-5.530555428745776e-23,3.5071810994508384e-14,3.084973385399872e-15,4.746604443090954e-15,0.00496018768747658,1.973227364998768e-12,6.287535065855045e-05,0.0020958450219516816
10,30000,100,300,1,0.5,0.5,8.444601052849363,0.028148670176164545,3.289868133696453e-15,3.034598314812498e-27,0.21664422939155217,1.2404115739912644,5.917619648987994e-13,2.5640362973746226e-13,2.5640362973746226e-13,7.586495787031245e-26,7.586495787031245e-28,100.0,7.586495787031245e-26,-7.586495787031245e-26,1.2989559627595696e-15,3.084973385399872e-15,4.746604443090954e-15,0.00496018768747658,7.308249499995439e-14,6.287535065855045e-05,0.006287535065855045
10,100000,100,300,1,0.5,0.5,8.444601052849363,0.028148670176164545,8.882643960980423e-17,2.212222171498311e-30,0.21664422939155217,1.2404115739912644,1.5977573052267582e-14,6.922898002911481e-15,6.922898002911481e-15,5.530555428745778e-29,5.530555428745777e-31,100.0,5.530555428745778e-29,-5.530555428745778e-29,3.5071810994508386e-17,3.084973385399872e-15,4.746604443090954e-15,0.00496018768747658,1.9732273649987686e-15,6.287535065855045e-05,0.020958450219516818
10,3000,100,300,1,2.5,2.5,42.223005264246815,0.1407433508808227,3.289868133696453e-12,7.586495787031242e-20,0.043328845878310436,2.7736445995219774,6.616099900062799e-09,5.733359457706522e-10,5.733359457706522e-10,1.896623946757811e-18,1.8966239467578106e-20,100.0,1.896623946757811e-18,-1.896623946757811e-18,2.904553832509083e-12,3.084973385399872e-15,2.3733022215454765e-14,0.02333452361078433,7.308249499995438e-11,6.287535065855045e-05,0.0006287535065855046
10,10000,100,300,1,2.5,2.5,42.223005264246815,0.1407433508808227,8.882643960980422e-14,5.530555428745775e-23,0.043328845878310436,2.7736445995219774,1.7863469730169554e-10,1.5480070535807608e-11,1.5480070535807608e-11,1.3826388571864436e-21,1.3826388571864438e-23,100.0,1.3826388571864436e-21,-1.3826388571864436e-21,7.842295347774523e-14,3.084973385399872e-15,2.3733022215454765e-14,0.02333452361078433,1.973227364998768e-12,6.287535065855045e-05,0.0020958450219516816
10,30000,100,300,1,2.5,2.5,42.223005264246815,0.1407433508808227,3.289868133696453e-15,7.586495787031244e-26,0.043328845878310436,2.7736445995219774,6.616099900062799e-12,5.733359457706521e-13,5.733359457706521e-13,1.896623946757811e-24,1.896623946757811e-26,100.0,1.896623946757811e-24,-1.896623946757811e-24,2.9045538325090825e-15,3.084973385399872e-15,2.3733022215454765e-14,0.02333452361078433,7.308249499995439e-14,6.287535065855045e-05,0.006287535065855045
10,100000,100,300,1,2.5,2.5,42.223005264246815,0.1407433508808227,8.882643960980423e-17,5.530555428745777e-29,0.043328845878310436,2.7736445995219774,1.7863469730169555e-13,1.548007053580761e-14,1.548007053580761e-14,1.382638857186444e-27,1.3826388571864442e-29,100.0,1.382638857186444e-27,-1.382638857186444e-27,7.842295347774524e-17,3.084973385399872e-15,2.3733022215454765e-14,0.02333452361078433,1.9732273649987686e-15,6.287535065855045e-05,0.020958450219516818
10,3000,100,300,1,10,10,168.89202105698726,0.5629734035232908,3.289868133696453e-12,1.2138393259249988e-18,0.010832211469577609,5.547289199043955,5.292879920050239e-08,1.1466718915413043e-09,1.1466718915413043e-09,3.0345983148124975e-17,3.034598314812497e-19,100.0,3.0345983148124975e-17,-3.0345983148124975e-17,5.809107665018166e-12,3.084973385399872e-15,9.493208886181906e-14,0.08828569052131922,7.308249499995438e-11,6.287535065855045e-05,0.0006287535065855046
10,10000,100,300,1,10,10,168.89202105698726,0.5629734035232908,8.882643960980422e-14,8.84888868599324e-22,0.010832211469577609,5.547289199043955,1.4290775784135643e-09,3.0960141071615216e-11,3.0960141071615216e-11,2.2122221714983098e-20,2.21222217149831e-22,100.0,2.2122221714983098e-20,-2.2122221714983098e-20,1.5684590695549047e-13,3.084973385399872e-15,9.493208886181906e-14,0.08828569052131922,1.973227364998768e-12,6.287535065855045e-05,0.0020958450219516816
10,30000,100,300,1,10,10,168.89202105698726,0.5629734035232908,3.289868133696453e-15,1.213839325924999e-24,0.010832211469577609,5.547289199043955,5.292879920050239e-11,1.1466718915413043e-12,1.1466718915413043e-12,3.0345983148124975e-23,3.0345983148124975e-25,100.0,3.0345983148124975e-23,-3.0345983148124975e-23,5.809107665018165e-15,3.084973385399872e-15,9.493208886181906e-14,0.08828569052131922,7.308249499995439e-14,6.287535065855045e-05,0.006287535065855045
10,100000,100,300,1,10,10,168.89202105698726,0.5629734035232908,8.882643960980423e-17,8.848888685993243e-28,0.010832211469577609,5.547289199043955,1.4290775784135644e-12,3.096014107161522e-14,3.096014107161522e-14,2.2122221714983105e-26,2.2122221714983107e-28,100.0,2.2122221714983105e-26,-2.2122221714983105e-26,1.5684590695549048e-16,3.084973385399872e-15,9.493208886181906e-14,0.08828569052131922,1.9732273649987686e-15,6.287535065855045e-05,0.020958450219516818
10,3000,100,300,1,50,50,844.4601052849363,2.814867017616454,3.289868133696453e-12,3.034598314812497e-17,0.002166442293915522,12.404115739912644,5.917619648987992e-07,2.5640362973746224e-09,2.5640362973746224e-09,7.586495787031243e-16,7.586495787031242e-18,100.0,7.586495787031243e-16,-7.586495787031243e-16,1.2989559627595698e-11,3.084973385399872e-15,4.746604443090954e-13,0.41210015607462475,7.308249499995438e-11,6.287535065855045e-05,0.0006287535065855046
10,10000,100,300,1,50,50,844.4601052849363,2.814867017616454,8.882643960980422e-14,2.21222217149831e-20,0.002166442293915522,12.404115739912644,1.597757305226758e-08,6.92289800291148e-11,6.92289800291148e-11,5.530555428745776e-19,5.530555428745775e-21,100.0,5.530555428745776e-19,-5.530555428745776e-19,3.507181099450838e-13,3.084973385399872e-15,4.746604443090954e-13,0.41210015607462475,1.973227364998768e-12,6.287535065855045e-05,0.0020958450219516816
10,30000,100,300,1,50,50,844.4601052849363,2.814867017616454,3.289868133696453e-15,3.0345983148124975e-23,0.002166442293915522,12.404115739912644,5.917619648987993e-10,2.5640362973746224e-12,2.5640362973746224e-12,7.586495787031243e-22,7.586495787031244e-24,100.0,7.586495787031243e-22,-7.586495787031243e-22,1.2989559627595696e-14,3.084973385399872e-15,4.746604443090954e-13,0.41210015607462475,7.308249499995439e-14,6.287535065855045e-05,0.006287535065855045
10,100000,100,300,1,50,50,844.4601052849363,2.814867017616454,8.882643960980423e-17,2.2122221714983105e-26,0.002166442293915522,12.404115739912644,1.5977573052267582e-11,6.922898002911482e-14,6.922898002911482e-14,5.530555428745777e-25,5.530555428745776e-27,100.0,5.530555428745777e-25,-5.530555428745777e-25,3.5071810994508385e-16,3.084973385399872e-15,4.746604443090954e-13,0.41210015607462475,1.9732273649987686e-15,6.287535065855045e-05,0.020958450219516818
10,3000,100,300,1,100,100,1688.9202105698726,5.629734035232908,3.289868133696453e-12,1.2138393259249988e-16,0.001083221146957761,17.54206870863004,1.6737555929128667e-06,3.626094906164085e-09,3.626094906164085e-09,3.034598314812497e-15,3.034598314812497e-17,100.0,3.034598314812497e-15,-3.034598314812497e-15,1.8370011394599842e-11,3.084973385399872e-15,9.493208886181908e-13,0.7989382925401589,7.308249499995438e-11,6.287535065855045e-05,0.0006287535065855046
10,10000,100,300,1,100,100,1688.9202105698726,5.629734035232908,8.882643960980422e-14,8.84888868599324e-20,0.001083221146957761,17.54206870863004,4.51914010086474e-08,9.79045624664303e-11,9.79045624664303e-11,2.2122221714983104e-18,2.21222217149831e-20,100.0,2.2122221714983104e-18,-2.2122221714983104e-18,4.959903076541958e-13,3.084973385399872e-15,9.493208886181908e-13,0.7989382925401589,1.973227364998768e-12,6.287535065855045e-05,0.0020958450219516816
10,30000,100,300,1,100,100,1688.9202105698726,5.629734035232908,3.289868133696453e-15,1.213839325924999e-22,0.001083221146957761,17.54206870863004,1.6737555929128667e-09,3.6260949061640857e-12,3.6260949061640857e-12,3.0345983148124973e-21,3.0345983148124975e-23,100.0,3.0345983148124973e-21,-3.0345983148124973e-21,1.837001139459984e-14,3.084973385399872e-15,9.493208886181908e-13,0.7989382925401589,7.308249499995439e-14,6.287535065855045e-05,0.006287535065855045
10,100000,100,300,1,100,100,1688.9202105698726,5.629734035232908,8.882643960980423e-17,8.848888685993242e-26,0.001083221146957761,17.54206870863004,4.5191401008647406e-11,9.790456246643031e-14,9.790456246643031e-14,2.212222171498311e-24,2.2122221714983105e-26,100.0,2.212222171498311e-24,-2.212222171498311e-24,4.959903076541957e-16,3.084973385399872e-15,9.493208886181908e-13,0.7989382925401589,1.9732273649987686e-15,6.287535065855045e-05,0.020958450219516818
10,3000,100,300,10,0.5,0.5,8.444601052849363,0.2814867017616454,3.289868133696453e-10,3.0345983148124978e-18,2.1664422939155217,1.2404115739912644,5.917619648987993e-09,2.5640362973746227e-08,2.5640362973746227e-08,7.586495787031243e-17,7.586495787031244e-19,100.0,7.586495787031243e-17,-7.586495787031243e-17,1.2989559627595698e-12,3.084973385399872e-15,4.746604443090954e-15,0.00496018768747658,7.308249499995438e-09,6.287535065855045e-05,0.0006287535065855046
10,10000,100,300,10,0.5,0.5,8.444601052849363,0.2814867017616454,8.882643960980424e-12,2.212222171498312e-21,2.1664422939155217,1.2404115739912644,1.5977573052267585e-10,6.922898002911482e-10,6.922898002911482e-10,5.530555428745779e-20,5.53055542874578e-22,100.0,5.530555428745779e-20,-5.530555428745779e-20,3.5071810994508384e-14,3.084973385399872e-15,4.746604443090954e-15,0.00496018768747658,1.9732273649987688e-10,6.287535065855045e-05,0.0020958450219516816
10,30000,100,300,10,0.5,0.5,8.444601052849363,0.2814867017616454,3.2898681336964533e-13,3.0345983148124977e-24,2.1664422939155217,1.2404115739912644,5.9176196489879936e-12,2.5640362973746225e-11,2.5640362973746225e-11,7.586495787031244e-23,7.586495787031244e-25,100.0,7.586495787031244e-23,-7.586495787031244e-23,1.2989559627595696e-15,3.084973385399872e-15,4.746604443090954e-15,0.00496018768747658,7.308249499995439e-12,6.287535065855045e-05,0.006287535065855045
10,100000,100,300,10,0.5,0.5,8.444601052849363,0.2814867017616454,8.882643960980424e-15,2.2122221714983115e-27,2.1664422939155217,1.2404115739912644,1.5977573052267584e-13,6.922898002911482e-13,6.922898002911482e-13,5.530555428745778e-26,5.530555428745779e-28,100.0,5.530555428745778e-26,-5.530555428745778e-26,3.5071810994508386e-17,3.084973385399872e-15,4.746604443090954e-15,0.00496018768747658,1.9732273649987687e-13,6.287535065855045e-05,0.020958450219516818
10,3000,100,300,10,2.5,2.5,42.223005264246815,1.407433508808227,3.289868133696453e-10,7.586495787031243e-17,0.43328845878310435,2.7736445995219774,6.616099900062798e-08,5.7333594577065215e-08,5.7333594577065215e-08,1.896623946757811e-15,1.8966239467578108e-17,100.0,1.896623946757811e-15,-1.896623946757811e-15,2.904553832509083e-12,3.084973385399872e-15,2.3733022215454765e-14,0.02333452361078433,7.308249499995438e-09,6.287535065855045e-05,0.0006287535065855046
10,10000,100,300,10,2.5,2.5,42.223005264246815,1.407433508808227,8.882643960980424e-12,5.530555428745779e-20,0.43328845878310435,2.7736445995219774,1.7863469730169559e-09,1.548007053580761e-09,1.548007053580761e-09,1.3826388571864445e-18,1.3826388571864447e-20,100.0,1.3826388571864445e-18,-1.3826388571864445e-18,7.842295347774523e-14,3.084973385399872e-15,2.3733022215454765e-14,0.02333452361078433,1.9732273649987688e-10,6.287535065855045e-05,0.0020958450219516816
10,30000,100,300,10,2.5,2.5,42.223005264246815,1.407433508808227,3.2898681336964533e-13,7.586495787031244e-23,0.43328845878310435,2.7736445995219774,6.616099900062798e-11,5.733359457706522e-11,5.733359457706522e-11,1.896623946757811e-21,1.896623946757811e-23,100.0,1.896623946757811e-21,-1.896623946757811e-21,2.9045538325090825e-15,3.084973385399872e-15,2.3733022215454765e-14,0.02333452361078433,7.308249499995439e-12,6.287535065855045e-05,0.006287535065855045
10,100000,100,300,10,2.5,2.5,42.223005264246815,1.407433508808227,8.882643960980424e-15,5.530555428745778e-26,0.43328845878310435,2.7736445995219774,1.7863469730169559e-12,1.548007053580761e-12,1.548007053580761e-12,1.3826388571864443e-24,1.3826388571864445e-26,100.0,1.3826388571864443e-24,-1.3826388571864443e-24,7.842295347774524e-17,3.084973385399872e-15,2.3733022215454765e-14,0.02333452361078433,1.9732273649987687e-13,6.287535065855045e-05,0.020958450219516818
10,3000,100,300,10,10,10,168.89202105698726,5.629734035232908,3.289868133696453e-10,1.213839325924999e-15,0.10832211469577613,5.547289199043953,5.292879920050237e-07,1.1466718915413039e-07,1.1466718915413043e-07,3.034598314812496e-14,3.034598314812496e-16,99.99999999999994,3.034598314812495e-14,-1.924273717720943e-15,5.809107665018164e-12,3.084973385399872e-15,9.493208886181901e-14,0.08828569052131922,7.308249499995438e-09,6.287535065855045e-05,0.0006287535065855046
10,10000,100,300,10,10,10,168.89202105698726,5.629734035232908,8.882643960980424e-12,8.848888685993246e-19,0.10832211469577609,5.547289199043955,1.4290775784135647e-08,3.096014107161522e-09,3.096014107161522e-09,2.2122221714983112e-17,2.2122221714983115e-19,100.0,2.2122221714983112e-17,-2.2122221714983112e-17,1.5684590695549047e-13,3.084973385399872e-15,9.493208886181906e-14,0.08828569052131922,1.9732273649987688e-10,6.287535065855045e-05,0.0020958450219516816
10,30000,100,300,10,10,10,168.89202105698726,5.629734035232908,3.2898681336964533e-13,1.213839325924999e-21,0.10832211469577609,5.547289199043955,5.292879920050238e-10,1.1466718915413044e-10,1.1466718915413044e-10,3.0345983148124975e-20,3.0345983148124976e-22,100.0,3.0345983148124975e-20,-3.0345983148124975e-20,5.809107665018165e-15,3.084973385399872e-15,9.493208886181906e-14,0.08828569052131922,7.308249499995439e-12,6.287535065855045e-05,0.006287535065855045
10,100000,100,300,10,10,10,168.89202105698726,5.629734035232908,8.882643960980424e-15,8.848888685993245e-25,0.10832211469577609,5.547289199043955,1.4290775784135647e-11,3.096014107161522e-12,3.096014107161522e-12,2.212222171498311e-23,2.212222171498311e-25,100.0,2.212222171498311e-23,-2.212222171498311e-23,1.5684590695549048e-16,3.084973385399872e-15,9.493208886181906e-14,0.08828569052131922,1.9732273649987687e-13,6.287535065855045e-05,0.020958450219516818
10,3000,100,300,10,50,50,844.4601052849363,28.14867017616454,3.289868133696453e-10,3.034598314812497e-14,0.021664422939155544,12.40411573991255,5.917619648987903e-06,2.564036297374603e-07,2.564036297374622e-07,7.586495787031128e-13,7.586495787031127e-15,99.99999999999848,7.586495787031014e-13,8.736575917806835e-15,1.2989559627595598e-11,3.084973385399872e-15,4.746604443090881e-13,0.41210015607462475,7.308249499995438e-09,6.287535065855045e-05,0.0006287535065855046
10,10000,100,300,10,50,50,844.4601052849363,28.14867017616454,8.882643960980424e-12,2.2122221714983112e-17,0.021664422939155218,12.404115739912644,1.5977573052267583e-07,6.922898002911482e-09,6.922898002911482e-09,5.530555428745779e-16,5.530555428745778e-18,100.0,5.530555428745779e-16,-5.530555428745779e-16,3.507181099450838e-13,3.084973385399872e-15,4.746604443090954e-13,0.41210015607462475,1.9732273649987688e-10,6.287535065855045e-05,0.0020958450219516816
10,30000,100,300,10,50,50,844.4601052849363,28.14867017616454,3.2898681336964533e-13,3.0345983148124975e-20,0.021664422939155218,12.404115739912644,5.917619648987993e-09,2.5640362973746223e-10,2.5640362973746223e-10,7.586495787031244e-19,7.586495787031244e-21,100.0,7.586495787031244e-19,-7.586495787031244e-19,1.2989559627595696e-14,3.084973385399872e-15,4.746604443090954e-13,0.41210015607462475,7.308249499995439e-12,6.287535065855045e-05,0.006287535065855045
10,100000,100,300,10,50,50,844.4601052849363,28.14867017616454,8.882643960980424e-15,2.212222171498311e-23,0.021664422939155218,12.404115739912644,1.5977573052267583e-10,6.9228980029114815e-12,6.9228980029114815e-12,5.530555428745779e-22,5.530555428745777e-24,100.0,5.530555428745779e-22,-5.530555428745779e-22,3.5071810994508385e-16,3.084973385399872e-15,4.746604443090954e-13,0.41210015607462475,1.9732273649987687e-13,6.287535065855045e-05,0.020958450219516818
10,3000,100,300,10,100,100,1688.9202105698726,56.29734035232908,3.289868133696453e-10,1.2138393259249988e-13,0.010832211469578266,17.542068708629508,1.6737555929127652e-05,3.626094906163975e-07,3.626094906164085e-07,3.034598314812313e-12,3.034598314812314e-14,99.99999999999393,3.0345983148121288e-12,-7.686260474102004e-15,1.8370011394599286e-11,3.084973385399872e-15,9.49320888618133e-13,0.7989382925401589,7.308249499995438e-09,6.287535065855045e-05,0.0006287535065855046
10,10000,100,300,10,100,100,1688.9202105698726,56.29734035232908,8.882643960980424e-12,8.848888685993245e-17,0.010832211469577609,17.54206870863004,4.5191401008647414e-07,9.790456246643032e-09,9.790456246643032e-09,2.2122221714983114e-15,2.2122221714983112e-17,100.0,2.2122221714983114e-15,-2.2122221714983114e-15,4.959903076541958e-13,3.084973385399872e-15,9.493208886181908e-13,0.7989382925401589,1.9732273649987688e-10,6.287535065855045e-05,0.0020958450219516816
10,30000,100,300,10,100,100,1688.9202105698726,56.29734035232908,3.2898681336964533e-13,1.213839325924999e-19,0.010832211469577609,17.54206870863004,1.673755592912867e-08,3.6260949061640854e-10,3.6260949061640854e-10,3.0345983148124978e-18,3.0345983148124975e-20,100.0,3.0345983148124978e-18,-3.0345983148124978e-18,1.837001139459984e-14,3.084973385399872e-15,9.493208886181908e-13,0.7989382925401589,7.308249499995439e-12,6.287535065855045e-05,0.006287535065855045
10,100000,100,300,10,100,100,1688.9202105698726,56.29734035232908,8.882643960980424e-15,8.848888685993244e-23,0.010832211469577609,17.54206870863004,4.519140100864741e-10,9.790456246643032e-12,9.790456246643032e-12,2.2122221714983115e-21,2.212222171498311e-23,100.0,2.2122221714983115e-21,-2.2122221714983115e-21,4.959903076541957e-16,3.084973385399872e-15,9.493208886181908e-13,0.7989382925401589,1.9732273649987687e-13,6.287535065855045e-05,0.020958450219516818
10,3000,100,300,100,0.5,0.5,8.444601052849363,2.814867017616455,3.289868133696453e-08,3.034598314812498e-15,21.664422939155248,1.2404115739912636,5.9176196489879854e-08,2.564036297374621e-06,2.5640362973746225e-06,7.586495787031235e-14,7.586495787031231e-16,99.99999999999986,7.586495787031223e-14,-4.810684294302216e-15,1.2989559627595688e-12,3.084973385399872e-15,4.7466044430909466e-15,0.00496018768747658,7.308249499995439e-07,6.287535065855045e-05,0.0006287535065855046
10,10000,100,300,100,0.5,0.5,8.444601052849363,2.814867017616455,8.882643960980423e-10,2.212222171498311e-18,21.664422939155216,1.2404115739912644,1.5977573052267583e-09,6.922898002911481e-08,6.922898002911481e-08,5.530555428745777e-17,5.530555428745777e-19,100.0,5.530555428745777e-17,-5.530555428745777e-17,3.5071810994508384e-14,3.084973385399872e-15,4.746604443090954e-15,0.00496018768747658,1.973227364998768e-08,6.287535065855045e-05,0.0020958450219516816
10,30000,100,300,100,0.5,0.5,8.444601052849363,2.814867017616455,3.289868133696453e-11,3.0345983148124973e-21,21.664422939155216,1.2404115739912644,5.917619648987993e-11,2.5640362973746224e-09,2.5640362973746224e-09,7.586495787031242e-20,7.586495787031243e-22,100.0,7.586495787031242e-20,-7.586495787031242e-20,1.2989559627595696e-15,3.084973385399872e-15,4.746604443090954e-15,0.00496018768747658,7.308249499995438e-10,6.287535065855045e-05,0.006287535065855045
10,100000,100,300,100,0.5,0.5,8.444601052849363,2.814867017616455,8.882643960980423e-13,2.2122221714983113e-24,21.664422939155216,1.2404115739912644,1.5977573052267585e-12,6.922898002911481e-11,6.922898002911481e-11,5.530555428745779e-23,5.530555428745778e-25,100.0,5.530555428745779e-23,-5.530555428745779e-23,3.5071810994508386e-17,3.084973385399872e-15,4.746604443090954e-15,0.00496018768747658,1.9732273649987684e-11,6.287535065855045e-05,0.020958450219516818
10,3000,100,300,100,2.5,2.5,42.223005264246815,14.074335088082274,3.289868133696453e-08,7.586495787031244e-14,4.332884587831208,2.7736445995219245,6.616099900062547e-07,5.733359457706413e-06,5.733359457706522e-06,1.8966239467577383e-12,1.8966239467577383e-14,99.9999999999962,1.8966239467576664e-12,7.630585079402122e-15,2.904553832509028e-12,3.084973385399872e-15,2.3733022215453866e-14,0.02333452361078433,7.308249499995439e-07,6.287535065855045e-05,0.0006287535065855046
10,10000,100,300,100,2.5,2.5,42.223005264246815,14.074335088082274,8.882643960980423e-10,5.5305554287457756e-17,4.332884587831043,2.7736445995219774,1.7863469730169555e-08,1.5480070535807608e-07,1.5480070535807608e-07,1.3826388571864439e-15,1.3826388571864439e-17,100.0,1.3826388571864439e-15,-1.3826388571864439e-15,7.842295347774523e-14,3.084973385399872e-15,2.3733022215454765e-14,0.02333452361078433,1.973227364998768e-08,6.287535065855045e-05,0.0020958450219516816
10,30000,100,300,100,2.5,2.5,42.223005264246815,14.074335088082274,3.289868133696453e-11,7.586495787031242e-20,4.332884587831043,2.7736445995219774,6.616099900062798e-10,5.733359457706521e-09,5.733359457706521e-09,1.89662394675781e-18,1.8966239467578106e-20,100.0,1.89662394675781e-18,-1.89662394675781e-18,2.9045538325090825e-15,3.084973385399872e-15,2.3733022215454765e-14,0.02333452361078433,7.308249499995438e-10,6.287535065855045e-05,0.006287535065855045
10,100000,100,300,100,2.5,2.5,42.223005264246815,14.074335088082274,8.882643960980423e-13,5.530555428745778e-23,4.332884587831043,2.7736445995219774,1.7863469730169558e-11,1.5480070535807608e-10,1.5480070535807608e-10,1.3826388571864444e-21,1.3826388571864444e-23,100.0,1.3826388571864444e-21,-1.3826388571864444e-21,7.842295347774524e-17,3.084973385399872e-15,2.3733022215454765e-14,0.02333452361078433,1.9732273649987684e-11,6.287535065855045e-05,0.020958450219516818
10,3000,100,300,100,10,10,168.89202105698726,56.297340352329094,3.289868133696453e-08,1.213839325924999e-12,1.083221146958418,5.547289199042272,5.292879920047028e-06,1.1466718915409564e-05,1.1466718915413044e-05,3.0345983148106564e-11,3.0345983148106567e-13,99.99999999993932,3.034598314808815e-11,-5.8083311318751335e-15,5.809107665016403e-12,3.084973385399872e-15,9.493208886176146e-14,0.08828569052131922,7.308249499995439e-07,6.287535065855045e-05,0.0006287535065855046
10,10000,100,300,100,10,10,168.89202105698726,56.297340352329094,8.882643960980423e-10,8.848888685993241e-16,1.0832211469577613,5.547289199043954,1.429077578413564e-07,3.096014107161521e-07,3.0960141071615217e-07,2.21222217149831e-14,2.2122221714983092e-16,99.99999999999996,2.212222171498309e-14,-7.911366999781086e-15,1.5684590695549047e-13,3.084973385399872e-15,9.493208886181904e-14,0.08828569052131922,1.973227364998768e-08,6.287535065855045e-05,0.0020958450219516816
10,30000,100,300,100,10,10,168.89202105698726,56.297340352329094,3.289868133696453e-11,1.2138393259249988e-18,1.0832211469577608,5.547289199043955,5.292879920050238e-09,1.1466718915413042e-08,1.1466718915413042e-08,3.034598314812496e-17,3.034598314812497e-19,100.0,3.034598314812496e-17,-3.034598314812496e-17,5.809107665018165e-15,3.084973385399872e-15,9.493208886181906e-14,0.08828569052131922,7.308249499995438e-10,6.287535065855045e-05,0.006287535065855045
10,100000,100,300,100,10,10,168.89202105698726,56.297340352329094,8.882643960980423e-13,8.848888685993244e-22,1.0832211469577608,5.547289199043955,1.4290775784135646e-10,3.0960141071615216e-10,3.0960141071615216e-10,2.212222171498311e-20,2.212222171498311e-22,100.0,2.212222171498311e-20,-2.212222171498311e-20,1.5684590695549048e-16,3.084973385399872e-15,9.493208886181906e-14,0.08828569052131922,1.9732273649987684e-11,6.287535065855045e-05,0.020958450219516818
10,3000,100,300,100,50,50,844.4601052849363,281.48670176164546,3.289868133696453e-08,3.034598314812497e-11,0.21664422939483932,12.40411573981854,5.917619648898205e-05,2.5640362973551706e-05,2.5640362973746225e-05,7.586495786916133e-10,7.586495786916135e-12,99.9999999984827,7.586495786801023e-10,-3.0997090433096527e-15,1.298955962749715e-11,3.084973385399872e-15,4.746604443018933e-13,0.41210015607462475,7.308249499995439e-07,6.287535065855045e-05,0.0006287535065855046
10,10000,100,300,100,50,50,844.4601052849363,281.48670176164546,8.882643960980423e-10,2.2122221714983102e-14,0.2166442293915546,12.404115739912575,1.5977573052267403e-06,6.922898002911442e-07,6.922898002911481e-07,5.530555428745715e-13,5.530555428745714e-15,99.99999999999889,5.530555428745654e-13,1.1677910183127904e-15,3.5071810994508184e-13,3.084973385399872e-15,4.746604443090902e-13,0.41210015607462475,1.973227364998768e-08,6.287535065855045e-05,0.0020958450219516816
10,30000,100,300,100,50,50,844.4601052849363,281.48670176164546,3.289868133696453e-11,3.034598314812497e-17,0.21664422939155217,12.404115739912644,5.9176196489879926e-08,2.5640362973746224e-08,2.5640362973746224e-08,7.586495787031243e-16,7.586495787031242e-18,100.0,7.586495787031243e-16,-7.586495787031243e-16,1.2989559627595696e-14,3.084973385399872e-15,4.746604443090954e-13,0.41210015607462475,7.308249499995438e-10,6.287535065855045e-05,0.006287535065855045
10,100000,100,300,100,50,50,844.4601052849363,281.48670176164546,8.882643960980423e-13,2.2122221714983107e-20,0.21664422939155217,12.404115739912644,1.5977573052267583e-09,6.922898002911482e-10,6.922898002911482e-10,5.530555428745778e-19,5.530555428745777e-21,100.0,5.530555428745778e-19,-5.530555428745778e-19,3.5071810994508385e-16,3.084973385399872e-15,4.746604443090954e-13,0.41210015607462475,1.9732273649987684e-11,6.287535065855045e-05,0.020958450219516818
10,3000,100,300,100,100,100,1688.9202105698726,562.9734035232909,3.289868133696453e-08,1.2138393259249988e-10,0.10832211470235036,17.54206870809771,0.00016737555928112834,3.626094906054048e-05,3.6260949061640855e-05,3.0345983146283216e-09,3.034598314628321e-11,99.9999999939308,3.034598314444146e-09,1.8122948049851442e-15,1.837001139404239e-11,3.084973385399872e-15,9.493208885605745e-13,0.7989382925401589,7.308249499995439e-07,6.287535065855045e-05,0.0006287535065855046
10,10000,100,300,100,100,100,1688.9202105698726,562.9734035232909,8.882643960980423e-10,8.848888685993241e-14,0.10832211469578087,17.542068708629653,4.51914010086454e-06,9.790456246642813e-07,9.79045624664303e-07,2.212222171498212e-12,2.212222171498212e-14,99.99999999999558,2.2122221714981144e-12,-9.539690641803824e-15,4.959903076541849e-13,3.084973385399872e-15,9.493208886181486e-13,0.7989382925401589,1.973227364998768e-08,6.287535065855045e-05,0.0020958450219516816
10,30000,100,300,100,100,100,1688.9202105698726,562.9734035232909,3.289868133696453e-11,1.2138393259249988e-16,0.10832211469577609,17.54206870863004,1.6737555929128668e-07,3.6260949061640854e-08,3.6260949061640854e-08,3.034598314812497e-15,3.034598314812497e-17,100.0,3.034598314812497e-15,-3.034598314812497e-15,1.837001139459984e-14,3.084973385399872e-15,9.493208886181908e-13,0.7989382925401589,7.308249499995438e-10,6.287535065855045e-05,0.006287535065855045
10,100000,100,300,100,100,100,1688.9202105698726,562.9734035232909,8.882643960980423e-13,8.848888685993243e-20,0.10832211469577609,17.54206870863004,4.519140100864741e-09,9.790456246643031e-10,9.790456246643031e-10,2.2122221714983112e-18,2.2122221714983107e-20,100.0,2.2122221714983112e-18,-2.2122221714983112e-18,4.959903076541957e-16,3.084973385399872e-15,9.493208886181908e-13,0.7989382925401589,1.9732273649987684e-11,6.287535065855045e-05,0.020958450219516818
10,10000,100,1000,1,0.5,0.5,28.148670176164543,0.028148670176164545,9.869604401089358e-13,8.193415449993744e-23,0.21664422939155217,0.679401399665504,9.72364130545958e-11,4.213141555002315e-11,4.213141555002315e-11,2.048353862498436e-21,2.048353862498436e-23,100.0,2.048353862498436e-21,-2.048353862498436e-21,2.13440244602777e-13,3.8086091177776174e-13,1.7580016455892415e-13,0.005398980276478003,2.1924748499986314e-11,0.00020958450219516817,0.0020958450219516816
10,30000,100,1000,1,0.5,0.5,28.148670176164543,0.028148670176164545,3.655409037440503e-14,1.1239253017824065e-25,0.21664422939155217,0.679401399665504,3.6013486316516968e-12,1.5604227981490052e-12,1.5604227981490052e-12,2.8098132544560163e-24,2.809813254456016e-26,100.0,2.8098132544560163e-24,-2.8098132544560163e-24,7.905194244547296e-15,3.8086091177776174e-13,1.7580016455892415e-13,0.005398980276478003,8.120277222217153e-13,0.00020958450219516817,0.006287535065855045
10,100000,100,1000,1,0.5,0.5,28.148670176164543,0.028148670176164545,9.869604401089359e-16,8.193415449993743e-29,0.21664422939155217,0.679401399665504,9.723641305459581e-14,4.213141555002314e-14,4.213141555002314e-14,2.0483538624984358e-27,2.048353862498436e-29,100.0,2.0483538624984358e-27,-2.0483538624984358e-27,2.13440244602777e-16,3.8086091177776174e-13,1.7580016455892415e-13,0.005398980276478003,2.192474849998631e-14,0.00020958450219516817,0.020958450219516818
10,10000,100,1000,1,2.5,2.5,140.7433508808227,0.1407433508808227,9.869604401089358e-13,2.0483538624984354e-21,0.043328845878310436,1.5191877136605696,1.087136147391621e-09,9.420870915814344e-11,9.420870915814344e-11,5.1208846562460896e-20,5.120884656246089e-22,100.0,5.1208846562460896e-20,-5.1208846562460896e-20,4.77266896065992e-13,3.8086091177776174e-13,8.790008227946205e-13,0.025528486555791447,2.1924748499986314e-11,0.00020958450219516817,0.0020958450219516816
10,30000,100,1000,1,2.5,2.5,140.7433508808227,0.1407433508808227,3.655409037440503e-14,2.8098132544560156e-24,0.043328845878310436,1.5191877136605696,4.026430175524522e-11,3.4892114503016086e-12,3.4892114503016086e-12,7.024533136140039e-23,7.024533136140039e-25,100.0,7.024533136140039e-23,-7.024533136140039e-23,1.7676551706147848e-14,3.8086091177776174e-13,8.790008227946205e-13,0.025528486555791447,8.120277222217153e-13,0.00020958450219516817,0.006287535065855045
10,100000,100,1000,1,2.5,2.5,140.7433508808227,0.1407433508808227,9.869604401089359e-16,2.0483538624984354e-27,0.043328845878310436,1.5191877136605696,1.087136147391621e-12,9.420870915814343e-14,9.420870915814343e-14,5.120884656246089e-26,5.120884656246089e-28,100.0,5.120884656246089e-26,-5.120884656246089e-26,4.77266896065992e-16,3.8086091177776174e-13,8.790008227946205e-13,0.025528486555791447,2.192474849998631e-14,0.00020958450219516817,0.020958450219516818
10,10000,100,1000,1,10,10,562.9734035232908,0.5629734035232908,9.869604401089358e-13,3.277366179997497e-20,0.010832211469577609,3.038375427321139,8.697089179132968e-09,1.8841741831628688e-10,1.8841741831628688e-10,8.193415449993743e-19,8.193415449993742e-21,100.0,8.193415449993743e-19,-8.193415449993743e-19,9.54533792131984e-13,3.8086091177776174e-13,3.516003291178482e-12,0.09706154230134767,2.1924748499986314e-11,0.00020958450219516817,0.0020958450219516816
10,30000,100,1000,1,10,10,562.9734035232908,0.5629734035232908,3.655409037440503e-14,4.495701207129625e-23,0.010832211469577609,3.038375427321139,3.2211441404196175e-10,6.978422900603217e-12,6.978422900603217e-12,1.1239253017824062e-21,1.1239253017824062e-23,100.0,1.1239253017824062e-21,-1.1239253017824062e-21,3.5353103412295696e-14,3.8086091177776174e-13,3.516003291178482e-12,0.09706154230134767,8.120277222217153e-13,0.00020958450219516817,0.006287535065855045
10,100000,100,1000,1,10,10,562.9734035232908,0.5629734035232908,9.869604401089359e-16,3.2773661799974967e-26,0.010832211469577609,3.038375427321139,8.697089179132968e-12,1.8841741831628687e-13,1.8841741831628687e-13,8.193415449993743e-25,8.193415449993742e-27,100.0,8.193415449993743e-25,-8.193415449993743e-25,9.54533792131984e-16,3.8086091177776174e-13,3.516003291178482e-12,0.09706154230134767,2.192474849998631e-14,0.00020958450219516817,0.020958450219516818
10,10000,100,1000,1,50,50,2814.867017616454,2.814867017616454,9.869604401089358e-13,8.1934154499937415e-19,0.002166442293915522,6.79401399665504,9.723641305459579e-08,4.213141555002315e-10,4.213141555002315e-10,2.0483538624984352e-17,2.0483538624984354e-19,100.0,2.0483538624984352e-17,-2.0483538624984352e-17,2.1344024460277705e-12,3.8086091177776174e-13,1.7580016455892412e-11,0.45597941497476707,2.1924748499986314e-11,0.00020958450219516817,0.0020958450219516816
10,30000,100,1000,1,50,50,2814.867017616454,2.814867017616454,3.655409037440503e-14,1.1239253017824062e-21,0.002166442293915522,6.79401399665504,3.601348631651696e-09,1.5604227981490054e-11,1.5604227981490054e-11,2.809813254456016e-20,2.8098132544560154e-22,100.0,2.809813254456016e-20,-2.809813254456016e-20,7.905194244547296e-14,3.8086091177776174e-13,1.7580016455892412e-11,0.45597941497476707,8.120277222217153e-13,0.00020958450219516817,0.006287535065855045
10,100000,100,1000,1,50,50,2814.867017616454,2.814867017616454,9.869604401089359e-16,8.193415449993742e-25,0.002166442293915522,6.79401399665504,9.72364130545958e-11,4.2131415550023143e-13,4.2131415550023143e-13,2.0483538624984356e-23,2.0483538624984354e-25,100.0,2.0483538624984356e-23,-2.0483538624984356e-23,2.1344024460277703e-15,3.8086091177776174e-13,1.7580016455892412e-11,0.45597941497476707,2.192474849998631e-14,0.00020958450219516817,0.020958450219516818
10,10000,100,1000,1,100,100,5629.734035232908,5.629734035232908,9.869604401089358e-13,3.2773661799974966e-18,0.001083221146957761,9.608186737022193,2.7502610819664326e-07,5.958281927281944e-10,5.958281927281944e-10,8.193415449993741e-17,8.1934154499937415e-19,100.0,8.193415449993741e-17,-8.193415449993741e-17,3.018500886734781e-12,3.8086091177776174e-13,3.5160032911784824e-11,0.8866968103404436,2.1924748499986314e-11,0.00020958450219516817,0.0020958450219516816
10,30000,100,1000,1,100,100,5629.734035232908,5.629734035232908,3.655409037440503e-14,4.495701207129625e-21,0.001083221146957761,9.608186737022193,1.0186152155431234e-08,2.2067710841784978e-11,2.2067710841784978e-11,1.1239253017824063e-19,1.1239253017824062e-21,100.0,1.1239253017824063e-19,-1.1239253017824063e-19,1.117963291383252e-13,3.8086091177776174e-13,3.5160032911784824e-11,0.8866968103404436,8.120277222217153e-13,0.00020958450219516817,0.006287535065855045
10,100000,100,1000,1,100,100,5629.734035232908,5.629734035232908,9.869604401089359e-16,3.2773661799974967e-24,0.001083221146957761,9.608186737022193,2.750261081966433e-10,5.958281927281944e-13,5.958281927281944e-13,8.193415449993742e-23,8.193415449993742e-25,100.0,8.193415449993742e-23,-8.193415449993742e-23,3.0185008867347807e-15,3.8086091177776174e-13,3.5160032911784824e-11,0.8866968103404436,2.192474849998631e-14,0.00020958450219516817,0.020958450219516818
10,10000,100,1000,10,0.5,0.5,28.148670176164543,0.2814867017616454,9.869604401089359e-11,8.193415449993745e-20,2.1664422939155217,0.679401399665504,9.723641305459582e-10,4.213141555002315e-09,4.213141555002315e-09,2.048353862498436e-18,2.0483538624984363e-20,100.0,2.048353862498436e-18,-2.048353862498436e-18,2.13440244602777e-13,3.8086091177776174e-13,1.7580016455892415e-13,0.005398980276478003,2.1924748499986317e-09,0.00020958450219516817,0.0020958450219516816
10,30000,100,1000,10,0.5,0.5,28.148670176164543,0.2814867017616454,3.6554090374405035e-12,1.1239253017824068e-22,2.1664422939155217,0.679401399665504,3.6013486316516974e-11,1.5604227981490056e-10,1.5604227981490056e-10,2.8098132544560168e-21,2.809813254456017e-23,100.0,2.8098132544560168e-21,-2.8098132544560168e-21,7.905194244547296e-15,3.8086091177776174e-13,1.7580016455892415e-13,0.005398980276478003,8.120277222217155e-11,0.00020958450219516817,0.006287535065855045
10,100000,100,1000,10,0.5,0.5,28.148670176164543,0.2814867017616454,9.869604401089359e-14,8.193415449993745e-26,2.1664422939155217,0.679401399665504,9.72364130545958e-13,4.213141555002315e-12,4.213141555002315e-12,2.048353862498436e-24,2.0483538624984364e-26,100.0,2.048353862498436e-24,-2.048353862498436e-24,2.13440244602777e-16,3.8086091177776174e-13,1.7580016455892415e-13,0.005398980276478003,2.1924748499986314e-12,0.00020958450219516817,0.020958450219516818
10,10000,100,1000,10,2.5,2.5,140.7433508808227,1.407433508808227,9.869604401089359e-11,2.0483538624984357e-18,0.43328845878310435,1.5191877136605696,1.087136147391621e-08,9.420870915814344e-09,9.420870915814344e-09,5.12088465624609e-17,5.120884656246089e-19,100.0,5.12088465624609e-17,-5.12088465624609e-17,4.77266896065992e-13,3.8086091177776174e-13,8.790008227946205e-13,0.025528486555791447,2.1924748499986317e-09,0.00020958450219516817,0.0020958450219516816
10,30000,100,1000,10,2.5,2.5,140.7433508808227,1.407433508808227,3.6554090374405035e-12,2.8098132544560164e-21,0.43328845878310435,1.5191877136605696,4.0264301755245226e-10,3.489211450301609e-10,3.489211450301609e-10,7.024533136140043e-20,7.024533136140041e-22,100.0,7.024533136140043e-20,-7.024533136140043e-20,1.7676551706147848e-14,3.8086091177776174e-13,8.790008227946205e-13,0.025528486555791447,8.120277222217155e-11,0.00020958450219516817,0.006287535065855045
10,100000,100,1000,10,2.5,2.5,140.7433508808227,1.407433508808227,9.869604401089359e-14,2.0483538624984358e-24,0.43328845878310435,1.5191877136605696,1.087136147391621e-11,9.420870915814344e-12,9.420870915814344e-12,5.1208846562460893e-23,5.120884656246089e-25,100.0,5.1208846562460893e-23,-5.1208846562460893e-23,4.77266896065992e-16,3.8086091177776174e-13,8.790008227946205e-13,0.025528486555791447,2.1924748499986314e-12,0.00020958450219516817,0.020958450219516818
10,10000,100,1000,10,10,10,562.9734035232908,5.629734035232908,9.869604401089359e-11,3.277366179997497e-17,0.10832211469577609,3.038375427321139,8.697089179132969e-08,1.8841741831628688e-08,1.8841741831628688e-08,8.193415449993744e-16,8.193415449993743e-18,100.0,8.193415449993744e-16,-8.193415449993744e-16,9.54533792131984e-13,3.8086091177776174e-13,3.516003291178482e-12,0.09706154230134767,2.1924748499986317e-09,0.00020958450219516817,0.0020958450219516816
10,30000,100,1000,10,10,10,562.9734035232908,5.629734035232908,3.6554090374405035e-12,4.495701207129626e-20,0.10832211469577609,3.038375427321139,3.221144140419618e-09,6.978422900603218e-10,6.978422900603218e-10,1.1239253017824068e-18,1.1239253017824066e-20,100.0,1.1239253017824068e-18,-1.1239253017824068e-18,3.5353103412295696e-14,3.8086091177776174e-13,3.516003291178482e-12,0.09706154230134767,8.120277222217155e-11,0.00020958450219516817,0.006287535065855045
10,100000,100,1000,10,10,10,562.9734035232908,5.629734035232908,9.869604401089359e-14,3.277366179997497e-23,0.10832211469577609,3.038375427321139,8.697089179132968e-11,1.884174183162869e-11,1.884174183162869e-11,8.193415449993743e-22,8.193415449993743e-24,100.0,8.193415449993743e-22,-8.193415449993743e-22,9.54533792131984e-16,3.8086091177776174e-13,3.516003291178482e-12,0.09706154230134767,2.1924748499986314e-12,0.00020958450219516817,0.020958450219516818
10,10000,100,1000,10,50,50,2814.867017616454,28.14867017616454,9.869604401089359e-11,8.193415449993744e-16,0.02166442293915523,6.794013996655038,9.723641305459577e-07,4.213141555002314e-08,4.213141555002315e-08,2.0483538624984353e-14,2.048353862498435e-16,99.99999999999996,2.0483538624984344e-14,7.938170805419664e-15,2.1344024460277697e-12,3.8086091177776174e-13,1.7580016455892405e-11,0.45597941497476707,2.1924748499986317e-09,0.00020958450219516817,0.0020958450219516816
10,30000,100,1000,10,50,50,2814.867017616454,28.14867017616454,3.6554090374405035e-12,1.1239253017824066e-18,0.021664422939155218,6.79401399665504,3.601348631651697e-08,1.5604227981490057e-09,1.5604227981490057e-09,2.809813254456017e-17,2.8098132544560166e-19,100.0,2.809813254456017e-17,-2.809813254456017e-17,7.905194244547296e-14,3.8086091177776174e-13,1.7580016455892412e-11,0.45597941497476707,8.120277222217155e-11,0.00020958450219516817,0.006287535065855045
10,100000,100,1000,10,50,50,2814.867017616454,28.14867017616454,9.869604401089359e-14,8.193415449993744e-22,0.021664422939155218,6.79401399665504,9.723641305459582e-10,4.213141555002315e-11,4.213141555002315e-11,2.0483538624984363e-20,2.048353862498436e-22,100.0,2.0483538624984363e-20,-2.0483538624984363e-20,2.1344024460277703e-15,3.8086091177776174e-13,1.7580016455892412e-11,0.45597941497476707,2.1924748499986314e-12,0.00020958450219516817,0.020958450219516818
10,10000,100,1000,10,100,100,5629.734035232908,56.29734035232908,9.869604401089359e-11,3.2773661799974975e-15,0.010832211469577626,9.608186737022184,2.750261081966429e-06,5.9582819272819396e-08,5.958281927281945e-08,8.19341544999373e-14,8.193415449993729e-16,99.99999999999984,8.193415449993717e-14,-1.0879880923927154e-14,3.018500886734778e-12,3.8086091177776174e-13,3.5160032911784765e-11,0.8866968103404436,2.1924748499986317e-09,0.00020958450219516817,0.0020958450219516816
10,30000,100,1000,10,100,100,5629.734035232908,56.29734035232908,3.6554090374405035e-12,4.4957012071296265e-18,0.010832211469577609,9.608186737022193,1.0186152155431235e-07,2.206771084178498e-09,2.206771084178498e-09,1.1239253017824068e-16,1.1239253017824066e-18,100.0,1.1239253017824068e-16,-1.1239253017824068e-16,1.117963291383252e-13,3.8086091177776174e-13,3.5160032911784824e-11,0.8866968103404436,8.120277222217155e-11,0.00020958450219516817,0.006287535065855045
10,100000,100,1000,10,100,100,5629.734035232908,56.29734035232908,9.869604401089359e-14,3.2773661799974975e-21,0.010832211469577609,9.608186737022193,2.7502610819664335e-09,5.958281927281945e-11,5.958281927281945e-11,8.193415449993745e-20,8.193415449993744e-22,100.0,8.193415449993745e-20,-8.193415449993745e-20,3.0185008867347807e-15,3.8086091177776174e-13,3.5160032911784824e-11,0.8866968103404436,2.1924748499986314e-12,0.00020958450219516817,0.020958450219516818
10,10000,100,1000,100,0.5,0.5,28.148670176164543,2.814867017616455,9.869604401089358e-09,8.193415449993742e-17,21.664422939155216,0.679401399665504,9.723641305459582e-09,4.2131415550023144e-07,4.2131415550023144e-07,2.0483538624984356e-15,2.0483538624984356e-17,100.0,2.0483538624984356e-15,-2.0483538624984356e-15,2.13440244602777e-13,3.8086091177776174e-13,1.7580016455892415e-13,0.005398980276478003,2.1924748499986314e-07,0.00020958450219516817,0.0020958450219516816
10,30000,100,1000,100,0.5,0.5,28.148670176164543,2.814867017616455,3.6554090374405033e-10,1.1239253017824065e-19,21.664422939155216,0.679401399665504,3.601348631651697e-10,1.5604227981490052e-08,1.5604227981490052e-08,2.809813254456017e-18,2.8098132544560163e-20,100.0,2.809813254456017e-18,-2.809813254456017e-18,7.905194244547296e-15,3.8086091177776174e-13,1.7580016455892415e-13,0.005398980276478003,8.120277222217153e-09,0.00020958450219516817,0.006287535065855045
10,100000,100,1000,100,0.5,0.5,28.148670176164543,2.814867017616455,9.869604401089358e-12,8.193415449993742e-23,21.664422939155216,0.679401399665504,9.723641305459581e-12,4.213141555002314e-10,4.213141555002314e-10,2.0483538624984354e-21,2.0483538624984356e-23,100.0,2.0483538624984354e-21,-2.0483538624984354e-21,2.13440244602777e-16,3.8086091177776174e-13,1.7580016455892415e-13,0.005398980276478003,2.192474849998631e-10,0.00020958450219516817,0.020958450219516818
10,10000,100,1000,100,2.5,2.5,140.7433508808227,14.074335088082274,9.869604401089358e-09,2.0483538624984356e-15,4.332884587831047,1.519187713660569,1.08713614739162e-07,9.420870915814339e-07,9.420870915814344e-07,5.120884656246083e-14,5.120884656246084e-16,99.9999999999999,5.1208846562460794e-14,-8.576282416854783e-15,4.772668960659918e-13,3.8086091177776174e-13,8.790008227946197e-13,0.025528486555791447,2.1924748499986314e-07,0.00020958450219516817,0.0020958450219516816
10,30000,100,1000,100,2.5,2.5,140.7433508808227,14.074335088082274,3.6554090374405033e-10,2.8098132544560164e-18,4.332884587831043,1.5191877136605696,4.026430175524522e-09,3.489211450301609e-08,3.489211450301609e-08,7.02453313614004e-17,7.024533136140041e-19,100.0,7.02453313614004e-17,-7.02453313614004e-17,1.7676551706147848e-14,3.8086091177776174e-13,8.790008227946205e-13,0.025528486555791447,8.120277222217153e-09,0.00020958450219516817,0.006287535065855045
10,100000,100,1000,100,2.5,2.5,140.7433508808227,14.074335088082274,9.869604401089358e-12,2.0483538624984354e-21,4.332884587831043,1.5191877136605696,1.0871361473916208e-10,9.420870915814344e-10,9.420870915814344e-10,5.120884656246088e-20,5.120884656246089e-22,100.0,5.120884656246088e-20,-5.120884656246088e-20,4.77266896065992e-16,3.8086091177776174e-13,8.790008227946205e-13,0.025528486555791447,2.192474849998631e-10,0.00020958450219516817,0.020958450219516818
10,10000,100,1000,100,10,10,562.9734035232908,56.297340352329094,9.869604401089358e-09,3.277366179997497e-14,1.0832211469577786,3.0383754273211148,8.697089179132825e-07,1.8841741831628535e-06,1.8841741831628687e-06,8.193415449993609e-13,8.193415449993608e-15,99.99999999999837,8.193415449993475e-13,-9.322826232833256e-15,9.545337921319763e-13,3.8086091177776174e-13,3.5160032911784248e-12,0.09706154230134767,2.1924748499986314e-07,0.00020958450219516817,0.0020958450219516816
10,30000,100,1000,100,10,10,562.9734035232908,56.297340352329094,3.6554090374405033e-10,4.495701207129626e-17,1.0832211469577608,3.038375427321139,3.2211441404196176e-08,6.978422900603218e-08,6.978422900603218e-08,1.1239253017824063e-15,1.1239253017824065e-17,100.0,1.1239253017824063e-15,-1.1239253017824063e-15,3.5353103412295696e-14,3.8086091177776174e-13,3.516003291178482e-12,0.09706154230134767,8.120277222217153e-09,0.00020958450219516817,0.006287535065855045
10,100000,100,1000,100,10,10,562.9734035232908,56.297340352329094,9.869604401089358e-12,3.277366179997497e-20,1.0832211469577608,3.038375427321139,8.697089179132966e-10,1.8841741831628687e-09,1.8841741831628687e-09,8.193415449993741e-19,8.193415449993742e-21,100.0,8.193415449993741e-19,-8.193415449993741e-19,9.54533792131984e-16,3.8086091177776174e-13,3.516003291178482e-12,0.09706154230134767,2.192474849998631e-10,0.00020958450219516817,0.020958450219516818
10,10000,100,1000,100,50,50,2814.867017616454,281.48670176164546,9.869604401089358e-09,8.193415449993741e-13,0.21664422939164094,6.794013996653647,9.723641305455595e-06,4.2131415550014506e-06,4.2131415550023145e-06,2.048353862497596e-11,2.0483538624975967e-13,99.99999999995903,2.0483538624967565e-11,8.513874353724097e-15,2.134402446027333e-12,3.8086091177776174e-13,1.758001645588521e-11,0.45597941497476707,2.1924748499986314e-07,0.00020958450219516817,0.0020958450219516816
10,30000,100,1000,100,50,50,2814.867017616454,281.48670176164546,3.6554090374405033e-10,1.1239253017824063e-15,0.21664422939155226,6.794013996655037,3.601348631651695e-07,1.5604227981490048e-07,1.5604227981490054e-07,2.8098132544560146e-14,2.8098132544560143e-16,99.99999999999994,2.8098132544560137e-14,3.2357688584387073e-16,7.905194244547294e-14,3.8086091177776174e-13,1.7580016455892402e-11,0.45597941497476707,8.120277222217153e-09,0.00020958450219516817,0.006287535065855045
10,100000,100,1000,100,50,50,2814.867017616454,281.48670176164546,9.869604401089358e-12,8.193415449993741e-19,0.21664422939155217,6.79401399665504,9.72364130545958e-09,4.213141555002314e-09,4.213141555002314e-09,2.0483538624984352e-17,2.0483538624984351e-19,100.0,2.0483538624984352e-17,-2.0483538624984352e-17,2.1344024460277703e-15,3.8086091177776174e-13,1.7580016455892412e-11,0.45597941497476707,2.192474849998631e-10,0.00020958450219516817,0.020958450219516818
10,10000,100,1000,100,100,100,5629.734035232908,562.9734035232909,9.869604401089358e-09,3.2773661799974965e-12,0.1083221146959536,9.60818673701432,2.7502610819619265e-05,5.958281927277062e-06,5.958281927281944e-06,8.193415449980317e-11,8.193415449980315e-13,99.99999999983615,8.19341544996689e-11,-2.2787921244544847e-14,3.0185008867323075e-12,3.8086091177776174e-13,3.516003291172721e-11,0.8866968103404436,2.1924748499986314e-07,0.00020958450219516817,0.0020958450219516816
10,30000,100,1000,100,100,100,5629.734035232908,562.9734035232909,3.6554090374405033e-10,4.495701207129625e-15,0.10832211469577632,9.608186737022182,1.018615215543121e-06,2.2067710841784954e-07,2.206771084178498e-07,1.1239253017824037e-13,1.1239253017824038e-15,99.99999999999977,1.1239253017824013e-13,1.2943075433758995e-15,1.1179632913832508e-13,3.8086091177776174e-13,3.5160032911784746e-11,0.8866968103404436,8.120277222217153e-09,0.00020958450219516817,0.006287535065855045
10,100000,100,1000,100,100,100,5629.734035232908,562.9734035232909,9.869604401089358e-12,3.2773661799974962e-18,0.10832211469577609,9.608186737022193,2.750261081966433e-08,5.958281927281944e-09,5.958281927281944e-09,8.193415449993741e-17,8.193415449993741e-19,100.0,8.193415449993741e-17,-8.193415449993741e-17,3.0185008867347807e-15,3.8086091177776174e-13,3.5160032911784824e-11,0.8866968103404436,2.192474849998631e-10,0.00020958450219516817,0.020958450219516818
30,1000,100,10,1,0.5,0.5,0.2814867017616454,0.028148670176164545,9.869604401089359e-14,7.3740739049943675e-22,0.21664422939155217,6.79401399665504,2.9170923916378745e-10,1.2639424665006943e-10,1.2639424665006943e-10,1.8435184762485923e-20,1.8435184762485919e-22,100.0,1.8435184762485923e-20,-1.8435184762485923e-20,2.1344024460277705e-13,3.0849733853998706e-19,1.4239813329272855e-17,0.011161824069052015,6.577424549995894e-12,6.287535065855045e-06,0.0006287535065855045
30,3000,100,10,1,0.5,0.5,0.2814867017616454,0.028148670176164545,3.655409037440504e-15,1.011532771604166e-24,0.21664422939155217,6.79401399665504,1.0804045894955092e-11,4.6812683944470176e-12,4.6812683944470176e-12,2.5288319290104157e-23,2.528831929010415e-25,100.0,2.5288319290104157e-23,-2.5288319290104157e-23,7.905194244547299e-15,3.0849733853998706e-19,1.4239813329272855e-17,0.011161824069052015,2.4360831666651465e-13,6.287535065855045e-06,0.0018862605197565133
30,10000,100,10,1,0.5,0.5,0.2814867017616454,0.028148670176164545,9.86960440108936e-17,7.374073904994369e-28,0.21664422939155217,6.79401399665504,2.9170923916378746e-13,1.2639424665006946e-13,1.2639424665006946e-13,1.8435184762485925e-26,1.8435184762485923e-28,100.0,1.8435184762485925e-26,-1.8435184762485925e-26,2.1344024460277706e-16,3.0849733853998706e-19,1.4239813329272855e-17,0.011161824069052015,6.577424549995894e-15,6.287535065855045e-06,0.006287535065855044
30,30000,100,10,1,0.5,0.5,0.2814867017616454,0.028148670176164545,3.6554090374405034e-18,1.0115327716041657e-30,0.21664422939155217,6.79401399665504,1.080404589495509e-14,4.681268394447016e-15,4.681268394447016e-15,2.5288319290104146e-29,2.5288319290104144e-31,100.0,2.5288319290104146e-29,-2.5288319290104146e-29,7.905194244547298e-18,3.0849733853998706e-19,1.4239813329272855e-17,0.011161824069052015,2.436083166665146e-16,6.287535065855045e-06,0.018862605197565135
30,100000,100,10,1,0.5,0.5,0.2814867017616454,0.028148670176164545,9.869604401089359e-20,7.374073904994367e-34,0.21664422939155217,6.79401399665504,2.917092391637874e-16,1.2639424665006945e-16,1.2639424665006945e-16,1.843518476248592e-32,1.8435184762485918e-34,100.0,1.843518476248592e-32,-1.843518476248592e-32,2.1344024460277705e-19,3.0849733853998706e-19,1.4239813329272855e-17,0.011161824069052015,6.577424549995894e-18,6.287535065855045e-06,0.06287535065855045
30,1000,100,10,1,2.5,2.5,1.407433508808227,0.1407433508808227,9.869604401089359e-14,1.843518476248592e-20,0.043328845878310436,15.191877136605695,3.261408442174863e-09,2.826261274744303e-10,2.826261274744303e-10,4.60879619062148e-19,4.60879619062148e-21,100.0,4.60879619062148e-19,-4.60879619062148e-19,4.77266896065992e-13,3.0849733853998706e-19,7.119906664636427e-17,0.05140987586546436,6.577424549995894e-12,6.287535065855045e-06,0.0006287535065855045
30,3000,100,10,1,2.5,2.5,1.407433508808227,0.1407433508808227,3.655409037440504e-15,2.5288319290104155e-23,0.043328845878310436,15.191877136605695,1.2079290526573567e-10,1.0467634350904827e-11,1.0467634350904827e-11,6.322079822526038e-22,6.3220798225260386e-24,100.0,6.322079822526038e-22,-6.322079822526038e-22,1.767655170614785e-14,3.0849733853998706e-19,7.119906664636427e-17,0.05140987586546436,2.4360831666651465e-13,6.287535065855045e-06,0.0018862605197565133
30,10000,100,10,1,2.5,2.5,1.407433508808227,0.1407433508808227,9.86960440108936e-17,1.8435184762485922e-26,0.043328845878310436,15.191877136605695,3.2614084421748628e-12,2.8262612747443034e-13,2.8262612747443034e-13,4.60879619062148e-25,4.6087961906214805e-27,100.0,4.60879619062148e-25,-4.60879619062148e-25,4.77266896065992e-16,3.0849733853998706e-19,7.119906664636427e-17,0.05140987586546436,6.577424549995894e-15,6.287535065855045e-06,0.006287535065855044
30,30000,100,10,1,2.5,2.5,1.407433508808227,0.1407433508808227,3.6554090374405034e-18,2.528831929010414e-29,0.043328845878310436,15.191877136605695,1.2079290526573564e-13,1.0467634350904827e-14,1.0467634350904827e-14,6.3220798225260355e-28,6.322079822526035e-30,100.0,6.3220798225260355e-28,-6.3220798225260355e-28,1.7676551706147848e-17,3.0849733853998706e-19,7.119906664636427e-17,0.05140987586546436,2.436083166665146e-16,6.287535065855045e-06,0.018862605197565135
30,100000,100,10,1,2.5,2.5,1.407433508808227,0.1407433508808227,9.869604401089359e-20,1.843518476248592e-32,0.043328845878310436,15.191877136605695,3.2614084421748625e-15,2.826261274744303e-16,2.826261274744303e-16,4.608796190621479e-31,4.60879619062148e-33,100.0,4.608796190621479e-31,-4.608796190621479e-31,4.77266896065992e-19,3.0849733853998706e-19,7.119906664636427e-17,0.05140987586546436,6.577424549995894e-18,6.287535065855045e-06,0.06287535065855045
30,1000,100,10,1,10,10,5.629734035232908,0.5629734035232908,9.869604401089359e-14,2.949629561997747e-19,0.010832211469577609,30.38375427321139,2.6091267537398903e-08,5.652522549488606e-10,5.652522549488606e-10,7.374073904994368e-18,7.374073904994368e-20,100.0,7.374073904994368e-18,-7.374073904994368e-18,9.54533792131984e-13,3.0849733853998706e-19,2.847962665854571e-16,0.19048229169640316,6.577424549995894e-12,6.287535065855045e-06,0.0006287535065855045
30,3000,100,10,1,10,10,5.629734035232908,0.5629734035232908,3.655409037440504e-15,4.0461310864166647e-22,0.010832211469577609,30.38375427321139,9.663432421258854e-10,2.0935268701809655e-11,2.0935268701809655e-11,1.0115327716041661e-20,1.0115327716041662e-22,100.0,1.0115327716041661e-20,-1.0115327716041661e-20,3.53531034122957e-14,3.0849733853998706e-19,2.847962665854571e-16,0.19048229169640316,2.4360831666651465e-13,6.287535065855045e-06,0.0018862605197565133
30,10000,100,10,1,10,10,5.629734035232908,0.5629734035232908,9.86960440108936e-17,2.9496295619977475e-25,0.010832211469577609,30.38375427321139,2.6091267537398902e-11,5.652522549488607e-13,5.652522549488607e-13,7.374073904994368e-24,7.374073904994369e-26,100.0,7.374073904994368e-24,-7.374073904994368e-24,9.54533792131984e-16,3.0849733853998706e-19,2.847962665854571e-16,0.19048229169640316,6.577424549995894e-15,6.287535065855045e-06,0.006287535065855044
30,30000,100,10,1,10,10,5.629734035232908,0.5629734035232908,3.6554090374405034e-18,4.0461310864166625e-28,0.010832211469577609,30.38375427321139,9.663432421258851e-13,2.0935268701809653e-14,2.0935268701809653e-14,1.0115327716041657e-26,1.0115327716041656e-28,100.0,1.0115327716041657e-26,-1.0115327716041657e-26,3.5353103412295697e-17,3.0849733853998706e-19,2.847962665854571e-16,0.19048229169640316,2.436083166665146e-16,6.287535065855045e-06,0.018862605197565135
30,100000,100,10,1,10,10,5.629734035232908,0.5629734035232908,9.869604401089359e-20,2.949629561997747e-31,0.010832211469577609,30.38375427321139,2.60912675373989e-14,5.652522549488606e-16,5.652522549488606e-16,7.374073904994367e-30,7.374073904994368e-32,100.0,7.374073904994367e-30,-7.374073904994367e-30,9.54533792131984e-19,3.0849733853998706e-19,2.847962665854571e-16,0.19048229169640316,6.577424549995894e-18,6.287535065855045e-06,0.06287535065855045
30,1000,100,10,1,50,50,28.14867017616454,2.814867017616454,9.869604401089359e-14,7.374073904994368e-18,0.002166442293915522,67.94013996655039,2.917092391637874e-07,1.2639424665006942e-09,1.2639424665006942e-09,1.8435184762485914e-16,1.843518476248592e-18,100.0,1.8435184762485914e-16,-1.8435184762485914e-16,2.13440244602777e-12,3.0849733853998706e-19,1.4239813329272854e-15,0.8644265688861016,6.577424549995894e-12,6.287535065855045e-06,0.0006287535065855045
30,3000,100,10,1,50,50,28.14867017616454,2.814867017616454,3.655409037440504e-15,1.011532771604166e-20,0.002166442293915522,67.94013996655039,1.080404589495509e-08,4.6812683944470166e-11,4.6812683944470166e-11,2.5288319290104153e-19,2.528831929010415e-21,100.0,2.5288319290104153e-19,-2.5288319290104153e-19,7.905194244547298e-14,3.0849733853998706e-19,1.4239813329272854e-15,0.8644265688861016,2.4360831666651465e-13,6.287535065855045e-06,0.0018862605197565133
30,10000,100,10,1,50,50,28.14867017616454,2.814867017616454,9.86960440108936e-17,7.374073904994368e-24,0.002166442293915522,67.94013996655039,2.917092391637874e-10,1.2639424665006943e-12,1.2639424665006943e-12,1.843518476248592e-22,1.843518476248592e-24,100.0,1.843518476248592e-22,-1.843518476248592e-22,2.1344024460277703e-15,3.0849733853998706e-19,1.4239813329272854e-15,0.8644265688861016,6.577424549995894e-15,6.287535065855045e-06,0.006287535065855044
30,30000,100,10,1,50,50,28.14867017616454,2.814867017616454,3.6554090374405034e-18,1.0115327716041655e-26,0.002166442293915522,67.94013996655039,1.0804045894955089e-11,4.681268394447016e-14,4.681268394447016e-14,2.528831929010414e-25,2.528831929010414e-27,100.0,2.528831929010414e-25,-2.528831929010414e-25,7.905194244547295e-17,3.0849733853998706e-19,1.4239813329272854e-15,0.8644265688861016,2.436083166665146e-16,6.287535065855045e-06,0.018862605197565135
30,100000,100,10,1,50,50,28.14867017616454,2.814867017616454,9.869604401089359e-20,7.374073904994367e-30,0.002166442293915522,67.94013996655039,2.9170923916378736e-13,1.2639424665006942e-15,1.2639424665006942e-15,1.8435184762485916e-28,1.8435184762485918e-30,100.0,1.8435184762485916e-28,-1.8435184762485916e-28,2.1344024460277704e-18,3.0849733853998706e-19,1.4239813329272854e-15,0.8644265688861016,6.577424549995894e-18,6.287535065855045e-06,0.06287535065855045
30,1000,100,10,1,100,100,56.29734035232908,5.629734035232908,9.869604401089359e-14,2.949629561997747e-17,0.001083221146957761,96.08186737022191,8.250783245899298e-07,1.787484578184583e-09,1.787484578184583e-09,7.374073904994366e-16,7.374073904994368e-18,100.0,7.374073904994366e-16,-7.374073904994366e-16,3.0185008867347806e-12,3.0849733853998706e-19,2.8479626658545708e-15,1.653067078944932,6.577424549995894e-12,6.287535065855045e-06,0.0006287535065855045
30,3000,100,10,1,100,100,56.29734035232908,5.629734035232908,3.655409037440504e-15,4.046131086416664e-20,0.001083221146957761,96.08186737022191,3.05584564662937e-08,6.620313252535494e-11,6.620313252535494e-11,1.0115327716041661e-18,1.011532771604166e-20,100.0,1.0115327716041661e-18,-1.0115327716041661e-18,1.1179632913832522e-13,3.0849733853998706e-19,2.8479626658545708e-15,1.653067078944932,2.4360831666651465e-13,6.287535065855045e-06,0.0018862605197565133
30,10000,100,10,1,100,100,56.29734035232908,5.629734035232908,9.86960440108936e-17,2.949629561997747e-23,0.001083221146957761,96.08186737022191,8.2507832458993e-10,1.7874845781845831e-12,1.7874845781845831e-12,7.374073904994368e-22,7.374073904994368e-24,100.0,7.374073904994368e-22,-7.374073904994368e-22,3.0185008867347807e-15,3.0849733853998706e-19,2.8479626658545708e-15,1.653067078944932,6.577424549995894e-15,6.287535065855045e-06,0.006287535065855044
30,30000,100,10,1,100,100,56.29734035232908,5.629734035232908,3.6554090374405034e-18,4.046131086416662e-26,0.001083221146957761,96.08186737022191,3.0558456466293695e-11,6.620313252535494e-14,6.620313252535494e-14,1.0115327716041655e-24,1.0115327716041655e-26,100.0,1.0115327716041655e-24,-1.0115327716041655e-24,1.117963291383252e-16,3.0849733853998706e-19,2.8479626658545708e-15,1.653067078944932,2.436083166665146e-16,6.287535065855045e-06,0.018862605197565135
30,100000,100,10,1,100,100,56.29734035232908,5.629734035232908,9.869604401089359e-20,2.949629561997747e-29,0.001083221146957761,96.08186737022191,8.250783245899299e-13,1.787484578184583e-15,1.787484578184583e-15,7.374073904994366e-28,7.374073904994367e-30,100.0,7.374073904994366e-28,-7.374073904994366e-28,3.018500886734781e-18,3.0849733853998706e-19,2.8479626658545708e-15,1.653067078944932,6.577424549995894e-18,6.287535065855045e-06,0.06287535065855045
30,1000,100,10,10,0.5,0.5,0.2814867017616454,0.2814867017616454,9.86960440108936e-12,7.374073904994369e-19,2.1664422939155217,6.79401399665504,2.9170923916378747e-09,1.2639424665006944e-08,1.2639424665006944e-08,1.8435184762485924e-17,1.8435184762485922e-19,100.0,1.8435184762485924e-17,-1.8435184762485924e-17,2.1344024460277705e-13,3.0849733853998706e-19,1.4239813329272855e-17,0.011161824069052015,6.577424549995894e-10,6.287535065855045e-06,0.0006287535065855045
30,3000,100,10,10,0.5,0.5,0.2814867017616454,0.2814867017616454,3.6554090374405037e-13,1.0115327716041659e-21,2.1664422939155217,6.79401399665504,1.0804045894955091e-10,4.681268394447017e-10,4.681268394447017e-10,2.528831929010415e-20,2.5288319290104147e-22,100.0,2.528831929010415e-20,-2.528831929010415e-20,7.905194244547299e-15,3.0849733853998706e-19,1.4239813329272855e-17,0.011161824069052015,2.436083166665146e-11,6.287535065855045e-06,0.0018862605197565133
30,10000,100,10,10,0.5,0.5,0.2814867017616454,0.2814867017616454,9.86960440108936e-15,7.3740739049943695e-25,2.1664422939155217,6.79401399665504,2.9170923916378747e-12,1.2639424665006945e-11,1.2639424665006945e-11,1.8435184762485924e-23,1.8435184762485924e-25,100.0,1.8435184762485924e-23,-1.8435184762485924e-23,2.1344024460277706e-16,3.0849733853998706e-19,1.4239813329272855e-17,0.011161824069052015,6.577424549995895e-13,6.287535065855045e-06,0.006287535065855044
30,30000,100,10,10,0.5,0.5,0.2814867017616454,0.2814867017616454,3.6554090374405037e-16,1.0115327716041659e-27,2.1664422939155217,6.79401399665504,1.0804045894955092e-13,4.681268394447017e-13,4.681268394447017e-13,2.5288319290104153e-26,2.5288319290104147e-28,100.0,2.5288319290104153e-26,-2.5288319290104153e-26,7.905194244547298e-18,3.0849733853998706e-19,1.4239813329272855e-17,0.011161824069052015,2.4360831666651462e-14,6.287535065855045e-06,0.018862605197565135
30,100000,100,10,10,0.5,0.5,0.2814867017616454,0.2814867017616454,9.86960440108936e-18,7.374073904994367e-31,2.1664422939155217,6.79401399665504,2.917092391637874e-15,1.2639424665006944e-14,1.2639424665006944e-14,1.8435184762485918e-29,1.8435184762485917e-31,100.0,1.8435184762485918e-29,-1.8435184762485918e-29,2.1344024460277705e-19,3.0849733853998706e-19,1.4239813329272855e-17,0.011161824069052015,6.577424549995894e-16,6.287535065855045e-06,0.06287535065855045
30,1000,100,10,10,2.5,2.5,1.407433508808227,1.407433508808227,9.86960440108936e-12,1.8435184762485924e-17,0.43328845878310435,15.191877136605695,3.2614084421748634e-08,2.8262612747443034e-08,2.8262612747443034e-08,4.608796190621481e-16,4.608796190621481e-18,100.0,4.608796190621481e-16,-4.608796190621481e-16,4.77266896065992e-13,3.0849733853998706e-19,7.119906664636427e-17,0.05140987586546436,6.577424549995894e-10,6.287535065855045e-06,0.0006287535065855045
30,3000,100,10,10,2.5,2.5,1.407433508808227,1.407433508808227,3.6554090374405037e-13,2.5288319290104146e-20,0.43328845878310435,15.191877136605695,1.2079290526573567e-09,1.0467634350904827e-09,1.0467634350904827e-09,6.322079822526037e-19,6.3220798225260364e-21,100.0,6.322079822526037e-19,-6.322079822526037e-19,1.767655170614785e-14,3.0849733853998706e-19,7.119906664636427e-17,0.05140987586546436,2.436083166665146e-11,6.287535065855045e-06,0.0018862605197565133
30,10000,100,10,10,2.5,2.5,1.407433508808227,1.407433508808227,9.86960440108936e-15,1.8435184762485924e-23,0.43328845878310435,15.191877136605695,3.261408442174863e-11,2.8262612747443035e-11,2.8262612747443035e-11,4.608796190621481e-22,4.608796190621481e-24,100.0,4.608796190621481e-22,-4.608796190621481e-22,4.77266896065992e-16,3.0849733853998706e-19,7.119906664636427e-17,0.05140987586546436,6.577424549995895e-13,6.287535065855045e-06,0.006287535065855044
30,30000,100,10,10,2.5,2.5,1.407433508808227,1.407433508808227,3.6554090374405037e-16,2.528831929010415e-26,0.43328845878310435,15.191877136605695,1.2079290526573566e-12,1.0467634350904827e-12,1.0467634350904827e-12,6.322079822526036e-25,6.3220798225260375e-27,100.0,6.322079822526036e-25,-6.322079822526036e-25,1.7676551706147848e-17,3.0849733853998706e-19,7.119906664636427e-17,0.05140987586546436,2.4360831666651462e-14,6.287535065855045e-06,0.018862605197565135
30,100000,100,10,10,2.5,2.5,1.407433508808227,1.407433508808227,9.86960440108936e-18,1.8435184762485918e-29,0.43328845878310435,15.191877136605695,3.2614084421748626e-14,2.826261274744303e-14,2.826261274744303e-14,4.608796190621479e-28,4.6087961906214796e-30,100.0,4.608796190621479e-28,-4.608796190621479e-28,4.77266896065992e-19,3.0849733853998706e-19,7.119906664636427e-17,0.05140987586546436,6.577424549995894e-16,6.287535065855045e-06,0.06287535065855045
30,1000,100,10,10,10,10,5.629734035232908,5.629734035232908,9.86960440108936e-12,2.949629561997748e-16,0.10832211469577609,30.38375427321139,2.60912675373989e-07,5.652522549488607e-08,5.652522549488607e-08,7.374073904994368e-15,7.37407390499437e-17,99.99999999999999,7.374073904994368e-15,-7.374073904994368e-15,9.54533792131984e-13,3.0849733853998706e-19,2.8479626658545703e-16,0.19048229169640316,6.577424549995894e-10,6.287535065855045e-06,0.0006287535065855045
30,3000,100,10,10,10,10,5.629734035232908,5.629734035232908,3.6554090374405037e-13,4.0461310864166633e-19,0.10832211469577609,30.38375427321139,9.663432421258854e-09,2.0935268701809654e-09,2.0935268701809654e-09,1.0115327716041658e-17,1.0115327716041658e-19,100.0,1.0115327716041658e-17,-1.0115327716041658e-17,3.53531034122957e-14,3.0849733853998706e-19,2.847962665854571e-16,0.19048229169640316,2.436083166665146e-11,6.287535065855045e-06,0.0018862605197565133
30,10000,100,10,10,10,10,5.629734035232908,5.629734035232908,9.86960440108936e-15,2.949629561997748e-22,0.10832211469577609,30.38375427321139,2.6091267537398904e-10,5.652522549488607e-11,5.652522549488607e-11,7.37407390499437e-21,7.37407390499437e-23,100.0,7.37407390499437e-21,-7.37407390499437e-21,9.54533792131984e-16,3.0849733853998706e-19,2.847962665854571e-16,0.19048229169640316,6.577424549995895e-13,6.287535065855045e-06,0.006287535065855044
30,30000,100,10,10,10,10,5.629734035232908,5.629734035232908,3.6554090374405037e-16,4.046131086416664e-25,0.10832211469577609,30.38375427321139,9.663432421258853e-12,2.0935268701809654e-12,2.0935268701809654e-12,1.0115327716041658e-23,1.011532771604166e-25,100.0,1.0115327716041658e-23,-1.0115327716041658e-23,3.5353103412295697e-17,3.0849733853998706e-19,2.847962665854571e-16,0.19048229169640316,2.4360831666651462e-14,6.287535065855045e-06,0.018862605197565135
30,100000,100,10,10,10,10,5.629734035232908,5.629734035232908,9.86960440108936e-18,2.949629561997747e-28,0.10832211469577609,30.38375427321139,2.60912675373989e-13,5.652522549488606e-14,5.652522549488606e-14,7.374073904994367e-27,7.374073904994367e-29,100.0,7.374073904994367e-27,-7.374073904994367e-27,9.54533792131984e-19,3.0849733853998706e-19,2.847962665854571e-16,0.19048229169640316,6.577424549995894e-16,6.287535065855045e-06,0.06287535065855045
30,1000,100,10,10,50,50,28.14867017616454,28.14867017616454,9.86960440108936e-12,7.37407390499437e-15,0.021664422939155294,67.94013996655026,2.9170923916378637e-06,1.263942466500692e-07,1.2639424665006944e-07,1.8435184762485853e-13,1.8435184762485857e-15,99.99999999999962,1.8435184762485788e-13,1.4600118387970174e-14,2.134402446027766e-12,3.0849733853998706e-19,1.42398133292728e-15,0.8644265688861016,6.577424549995894e-10,6.287535065855045e-06,0.0006287535065855045
30,3000,100,10,10,50,50,28.14867017616454,28.14867017616454,3.6554090374405037e-13,1.0115327716041658e-17,0.021664422939155218,67.94013996655039,1.080404589495509e-07,4.681268394447016e-09,4.681268394447016e-09,2.5288319290104145e-16,2.5288319290104146e-18,100.0,2.5288319290104145e-16,-2.5288319290104145e-16,7.905194244547298e-14,3.0849733853998706e-19,1.4239813329272854e-15,0.8644265688861016,2.436083166665146e-11,6.287535065855045e-06,0.0018862605197565133
30,10000,100,10,10,50,50,28.14867017616454,28.14867017616454,9.86960440108936e-15,7.37407390499437e-21,0.021664422939155218,67.94013996655039,2.9170923916378743e-09,1.2639424665006945e-10,1.2639424665006945e-10,1.8435184762485922e-19,1.8435184762485924e-21,100.0,1.8435184762485922e-19,-1.8435184762485922e-19,2.1344024460277703e-15,3.0849733853998706e-19,1.4239813329272854e-15,0.8644265688861016,6.577424549995895e-13,6.287535065855045e-06,0.006287535065855044
30,30000,100,10,10,50,50,28.14867017616454,28.14867017616454,3.6554090374405037e-16,1.011532771604166e-23,0.021664422939155218,67.94013996655039,1.080404589495509e-10,4.681268394447017e-12,4.681268394447017e-12,2.5288319290104147e-22,2.528831929010415e-24,100.0,2.5288319290104147e-22,-2.5288319290104147e-22,7.905194244547295e-17,3.0849733853998706e-19,1.4239813329272854e-15,0.8644265688861016,2.4360831666651462e-14,6.287535065855045e-06,0.018862605197565135
30,100000,100,10,10,50,50,28.14867017616454,28.14867017616454,9.86960440108936e-18,7.374073904994367e-27,0.021664422939155218,67.94013996655039,2.917092391637874e-12,1.2639424665006943e-13,1.2639424665006943e-13,1.8435184762485917e-25,1.8435184762485917e-27,100.0,1.8435184762485917e-25,-1.8435184762485917e-25,2.1344024460277704e-18,3.0849733853998706e-19,1.4239813329272854e-15,0.8644265688861016,6.577424549995894e-16,6.287535065855045e-06,0.06287535065855045
30,1000,100,10,10,100,100,56.29734035232908,56.29734035232908,9.86960440108936e-12,2.949629561997748e-14,0.010832211469577769,96.0818673702212,8.250783245899178e-06,1.78748457818457e-07,1.7874845781845831e-07,7.374073904994259e-13,7.374073904994262e-15,99.99999999999852,7.374073904994151e-13,1.5570546910891395e-15,3.018500886734758e-12,3.0849733853998706e-19,2.8479626658545286e-15,1.653067078944932,6.577424549995894e-10,6.287535065855045e-06,0.0006287535065855045
30,3000,100,10,10,100,100,56.29734035232908,56.29734035232908,3.6554090374405037e-13,4.0461310864166634e-17,0.010832211469577609,96.08186737022191,3.05584564662937e-07,6.6203132525354935e-09,6.6203132525354935e-09,1.0115327716041658e-15,1.0115327716041658e-17,100.0,1.0115327716041658e-15,-1.0115327716041658e-15,1.1179632913832522e-13,3.0849733853998706e-19,2.8479626658545708e-15,1.653067078944932,2.436083166665146e-11,6.287535065855045e-06,0.0018862605197565133
30,10000,100,10,10,100,100,56.29734035232908,56.29734035232908,9.86960440108936e-15,2.949629561997748e-20,0.010832211469577609,96.08186737022191,8.2507832458993e-09,1.7874845781845834e-10,1.7874845781845834e-10,7.374073904994369e-19,7.37407390499437e-21,100.0,7.374073904994369e-19,-7.374073904994369e-19,3.0185008867347807e-15,3.0849733853998706e-19,2.8479626658545708e-15,1.653067078944932,6.577424549995895e-13,6.287535065855045e-06,0.006287535065855044
30,30000,100,10,10,100,100,56.29734035232908,56.29734035232908,3.6554090374405037e-16,4.046131086416664e-23,0.010832211469577609,96.08186737022191,3.0558456466293704e-10,6.620313252535494e-12,6.620313252535494e-12,1.0115327716041659e-21,1.011532771604166e-23,100.0,1.0115327716041659e-21,-1.0115327716041659e-21,1.117963291383252e-16,3.0849733853998706e-19,2.8479626658545708e-15,1.653067078944932,2.4360831666651462e-14,6.287535065855045e-06,0.018862605197565135
30,100000,100,10,10,100,100,56.29734035232908,56.29734035232908,9.86960440108936e-18,2.949629561997747e-26,0.010832211469577609,96.08186737022191,8.250783245899298e-12,1.787484578184583e-13,1.787484578184583e-13,7.374073904994367e-25,7.374073904994367e-27,100.0,7.374073904994367e-25,-7.374073904994367e-25,3.018500886734781e-18,3.0849733853998706e-19,2.8479626658545708e-15,1.653067078944932,6.577424549995894e-16,6.287535065855045e-06,0.06287535065855045
30,1000,100,10,100,0.5,0.5,0.2814867017616454,2.814867017616455,9.86960440108936e-10,7.37407390499437e-16,21.66442293915522,6.794013996655038,2.917092391637874e-08,1.263942466500694e-06,1.2639424665006945e-06,1.843518476248592e-14,1.8435184762485924e-16,99.99999999999996,1.8435184762485916e-14,9.986524667918092e-15,2.1344024460277698e-13,3.0849733853998706e-19,1.4239813329272848e-17,0.011161824069052015,6.577424549995894e-08,6.287535065855045e-06,0.0006287535065855045
30,3000,100,10,100,0.5,0.5,0.2814867017616454,2.814867017616455,3.6554090374405037e-11,1.011532771604166e-18,21.664422939155216,6.79401399665504,1.080404589495509e-09,4.6812683944470163e-08,4.6812683944470163e-08,2.5288319290104146e-17,2.528831929010415e-19,100.0,2.5288319290104146e-17,-2.5288319290104146e-17,7.905194244547299e-15,3.0849733853998706e-19,1.4239813329272855e-17,0.011161824069052015,2.436083166665146e-09,6.287535065855045e-06,0.0018862605197565133
30,10000,100,10,100,0.5,0.5,0.2814867017616454,2.814867017616455,9.869604401089358e-13,7.374073904994367e-22,21.664422939155216,6.79401399665504,2.917092391637874e-11,1.2639424665006942e-09,1.2639424665006942e-09,1.8435184762485917e-20,1.8435184762485916e-22,100.0,1.8435184762485917e-20,-1.8435184762485917e-20,2.1344024460277706e-16,3.0849733853998706e-19,1.4239813329272855e-17,0.011161824069052015,6.577424549995893e-11,6.287535065855045e-06,0.006287535065855044
30,30000,100,10,100,0.5,0.5,0.2814867017616454,2.814867017616455,3.655409037440503e-14,1.0115327716041657e-24,21.664422939155216,6.79401399665504,1.080404589495509e-12,4.681268394447016e-11,4.681268394447016e-11,2.5288319290104146e-23,2.5288319290104143e-25,100.0,2.5288319290104146e-23,-2.5288319290104146e-23,7.905194244547298e-18,3.0849733853998706e-19,1.4239813329272855e-17,0.011161824069052015,2.4360831666651457e-12,6.287535065855045e-06,0.018862605197565135
30,100000,100,10,100,0.5,0.5,0.2814867017616454,2.814867017616455,9.869604401089359e-16,7.374073904994366e-28,21.664422939155216,6.79401399665504,2.917092391637874e-14,1.2639424665006943e-12,1.2639424665006943e-12,1.8435184762485916e-26,1.8435184762485916e-28,100.0,1.8435184762485916e-26,-1.8435184762485916e-26,2.1344024460277705e-19,3.0849733853998706e-19,1.4239813329272855e-17,0.011161824069052015,6.577424549995893e-14,6.287535065855045e-06,0.06287535065855045
30,1000,100,10,100,2.5,2.5,1.407433508808227,14.074335088082274,9.86960440108936e-10,1.8435184762485922e-14,4.332884587831082,15.191877136605626,3.2614084421748336e-07,2.8262612747442903e-06,2.826261274744303e-06,4.608796190621438e-13,4.6087961906214395e-15,99.99999999999908,4.608796190621396e-13,8.078586539526476e-15,4.772668960659898e-13,3.0849733853998706e-19,7.119906664636362e-17,0.05140987586546436,6.577424549995894e-08,6.287535065855045e-06,0.0006287535065855045
30,3000,100,10,100,2.5,2.5,1.407433508808227,14.074335088082274,3.6554090374405037e-11,2.5288319290104146e-17,4.332884587831043,15.191877136605695,1.2079290526573566e-08,1.0467634350904826e-07,1.0467634350904826e-07,6.322079822526036e-16,6.3220798225260365e-18,100.0,6.322079822526036e-16,-6.322079822526036e-16,1.767655170614785e-14,3.0849733853998706e-19,7.119906664636427e-17,0.05140987586546436,2.436083166665146e-09,6.287535065855045e-06,0.0018862605197565133
30,10000,100,10,100,2.5,2.5,1.407433508808227,14.074335088082274,9.869604401089358e-13,1.8435184762485914e-20,4.332884587831043,15.191877136605695,3.261408442174862e-10,2.8262612747443025e-09,2.8262612747443025e-09,4.608796190621478e-19,4.6087961906214785e-21,100.0,4.608796190621478e-19,-4.608796190621478e-19,4.77266896065992e-16,3.0849733853998706e-19,7.119906664636427e-17,0.05140987586546436,6.577424549995893e-11,6.287535065855045e-06,0.006287535065855044
30,30000,100,10,100,2.5,2.5,1.407433508808227,14.074335088082274,3.655409037440503e-14,2.528831929010414e-23,4.332884587831043,15.191877136605695,1.2079290526573564e-11,1.0467634350904825e-10,1.0467634350904825e-10,6.3220798225260345e-22,6.322079822526035e-24,100.0,6.3220798225260345e-22,-6.3220798225260345e-22,1.7676551706147848e-17,3.0849733853998706e-19,7.119906664636427e-17,0.05140987586546436,2.4360831666651457e-12,6.287535065855045e-06,0.018862605197565135
30,100000,100,10,100,2.5,2.5,1.407433508808227,14.074335088082274,9.869604401089359e-16,1.8435184762485913e-26,4.332884587831043,15.191877136605695,3.2614084421748624e-13,2.8262612747443027e-12,2.8262612747443027e-12,4.608796190621478e-25,4.608796190621478e-27,100.0,4.608796190621478e-25,-4.608796190621478e-25,4.77266896065992e-19,3.0849733853998706e-19,7.119906664636427e-17,0.05140987586546436,6.577424549995893e-14,6.287535065855045e-06,0.06287535065855045
30,1000,100,10,100,10,10,5.629734035232908,56.297340352329094,9.86960440108936e-10,2.9496295619977476e-13,1.0832211469579205,30.383754273209153,2.6091267537395064e-06,5.65252254948819e-06,5.652522549488606e-06,7.374073904993284e-12,7.374073904993282e-14,99.99999999998525,7.374073904992197e-12,1.359692197642838e-15,9.545337921319135e-13,3.0849733853998706e-19,2.847962665854151e-16,0.19048229169640316,6.577424549995894e-08,6.287535065855045e-06,0.0006287535065855045
30,3000,100,10,100,10,10,5.629734035232908,56.297340352329094,3.6554090374405037e-11,4.0461310864166634e-16,1.083221146957761,30.383754273211387,9.66343242125885e-08,2.093526870180965e-07,2.0935268701809653e-07,1.0115327716041653e-14,1.0115327716041658e-16,99.99999999999997,1.011532771604165e-14,4.095526999160354e-15,3.53531034122957e-14,3.0849733853998706e-19,2.8479626658545703e-16,0.19048229169640316,2.436083166665146e-09,6.287535065855045e-06,0.0018862605197565133
30,10000,100,10,100,10,10,5.629734035232908,56.297340352329094,9.869604401089358e-13,2.9496295619977463e-19,1.0832211469577608,30.38375427321139,2.6091267537398898e-09,5.652522549488605e-09,5.652522549488605e-09,7.374073904994365e-18,7.374073904994366e-20,100.0,7.374073904994365e-18,-7.374073904994365e-18,9.54533792131984e-16,3.0849733853998706e-19,2.847962665854571e-16,0.19048229169640316,6.577424549995893e-11,6.287535065855045e-06,0.006287535065855044
30,30000,100,10,100,10,10,5.629734035232908,56.297340352329094,3.655409037440503e-14,4.0461310864166624e-22,1.0832211469577608,30.38375427321139,9.663432421258851e-11,2.093526870180965e-10,2.093526870180965e-10,1.0115327716041655e-20,1.0115327716041656e-22,100.0,1.0115327716041655e-20,-1.0115327716041655e-20,3.5353103412295697e-17,3.0849733853998706e-19,2.847962665854571e-16,0.19048229169640316,2.4360831666651457e-12,6.287535065855045e-06,0.018862605197565135
30,100000,100,10,100,10,10,5.629734035232908,56.297340352329094,9.869604401089359e-16,2.949629561997746e-25,1.0832211469577608,30.38375427321139,2.60912675373989e-12,5.652522549488605e-12,5.652522549488605e-12,7.374073904994365e-24,7.374073904994365e-26,100.0,7.374073904994365e-24,-7.374073904994365e-24,9.54533792131984e-19,3.0849733853998706e-19,2.847962665854571e-16,0.19048229169640316,6.577424549995893e-14,6.287535065855045e-06,0.06287535065855045
30,1000,100,10,100,50,50,28.14867017616454,281.48670176164546,9.86960440108936e-10,7.37407390499437e-12,0.21664422939235095,67.94013996642515,2.917092391627119e-05,1.2639424664983644e-05,1.2639424665006943e-05,1.8435184762417953e-10,1.8435184762417957e-12,99.9999999996313,1.8435184762349982e-10,-8.640257899429845e-15,2.1344024460238354e-12,3.0849733853998706e-19,1.4239813329220351e-15,0.8644265688861016,6.577424549995894e-08,6.287535065855045e-06,0.0006287535065855045
30,3000,100,10,100,50,50,28.14867017616454,281.48670176164546,3.6554090374405037e-11,1.0115327716041659e-14,0.21664422939155328,67.94013996655022,1.0804045894955034e-06,4.681268394447004e-07,4.681268394447016e-07,2.528831929010401e-13,2.5288319290104014e-15,99.99999999999949,2.5288319290103885e-13,2.9121919725972126e-15,7.905194244547276e-14,3.0849733853998706e-19,1.4239813329272781e-15,0.8644265688861016,2.436083166665146e-09,6.287535065855045e-06,0.0018862605197565133
30,10000,100,10,100,50,50,28.14867017616454,281.48670176164546,9.869604401089358e-13,7.374073904994366e-18,0.21664422939155217,67.94013996655039,2.9170923916378736e-08,1.2639424665006941e-08,1.2639424665006941e-08,1.8435184762485914e-16,1.8435184762485915e-18,100.0,1.8435184762485914e-16,-1.8435184762485914e-16,2.1344024460277703e-15,3.0849733853998706e-19,1.4239813329272854e-15,0.8644265688861016,6.577424549995893e-11,6.287535065855045e-06,0.006287535065855044
30,30000,100,10,100,50,50,28.14867017616454,281.48670176164546,3.655409037440503e-14,1.0115327716041657e-20,0.21664422939155217,67.94013996655039,1.0804045894955088e-09,4.681268394447016e-10,4.681268394447016e-10,2.528831929010414e-19,2.528831929010414e-21,100.0,2.528831929010414e-19,-2.528831929010414e-19,7.905194244547295e-17,3.0849733853998706e-19,1.4239813329272854e-15,0.8644265688861016,2.4360831666651457e-12,6.287535065855045e-06,0.018862605197565135
30,100000,100,10,100,50,50,28.14867017616454,281.48670176164546,9.869604401089359e-16,7.374073904994366e-24,0.21664422939155217,67.94013996655039,2.917092391637874e-11,1.2639424665006942e-11,1.2639424665006942e-11,1.8435184762485914e-22,1.8435184762485916e-24,100.0,1.8435184762485914e-22,-1.8435184762485914e-22,2.1344024460277704e-18,3.0849733853998706e-19,1.4239813329272854e-15,0.8644265688861016,6.577424549995893e-14,6.287535065855045e-06,0.06287535065855045
30,1000,100,10,100,100,100,56.29734035232908,562.9734035232909,9.86960440108936e-10,2.949629561997748e-11,0.10832211469737364,96.0818673695134,8.250783245777615e-05,1.7874845781714022e-05,1.787484578184583e-05,7.374073904885614e-10,7.374073904885615e-12,99.99999999852518,7.374073904776859e-10,8.071548861232478e-15,3.018500886712522e-12,3.0849733853998706e-19,2.8479626658125683e-15,1.653067078944932,6.577424549995894e-08,6.287535065855045e-06,0.0006287535065855045
30,3000,100,10,100,100,100,56.29734035232908,562.9734035232909,3.6554090374405037e-11,4.0461310864166636e-14,0.10832211469577828,96.08186737022095,3.055845646629309e-06,6.620313252535427e-07,6.620313252535494e-07,1.0115327716041455e-12,1.0115327716041452e-14,99.99999999999798,1.0115327716041251e-12,-2.562086824782861e-15,1.117963291383241e-13,3.0849733853998706e-19,2.8479626658545136e-15,1.653067078944932,2.436083166665146e-09,6.287535065855045e-06,0.0018862605197565133
30,10000,100,10,100,100,100,56.29734035232908,562.9734035232909,9.869604401089358e-13,2.9496295619977464e-17,0.10832211469577609,96.08186737022191,8.250783245899298e-08,1.7874845781845827e-08,1.7874845781845827e-08,7.374073904994366e-16,7.374073904994366e-18,100.0,7.374073904994366e-16,-7.374073904994366e-16,3.0185008867347807e-15,3.0849733853998706e-19,2.8479626658545708e-15,1.653067078944932,6.577424549995893e-11,6.287535065855045e-06,0.006287535065855044
30,30000,100,10,100,100,100,56.29734035232908,562.9734035232909,3.655409037440503e-14,4.0461310864166627e-20,0.10832211469577609,96.08186737022191,3.05584564662937e-09,6.620313252535493e-10,6.620313252535493e-10,1.0115327716041655e-18,1.0115327716041657e-20,100.0,1.0115327716041655e-18,-1.0115327716041655e-18,1.117963291383252e-16,3.0849733853998706e-19,2.8479626658545708e-15,1.653067078944932,2.4360831666651457e-12,6.287535065855045e-06,0.018862605197565135
30,100000,100,10,100,100,100,56.29734035232908,562.9734035232909,9.869604401089359e-16,2.9496295619977466e-23,0.10832211469577609,96.08186737022191,8.250783245899298e-11,1.787484578184583e-11,1.787484578184583e-11,7.374073904994366e-22,7.374073904994366e-24,100.0,7.374073904994366e-22,-7.374073904994366e-22,3.018500886734781e-18,3.0849733853998706e-19,2.8479626658545708e-15,1.653067078944932,6.577424549995893e-14,6.287535065855045e-06,0.06287535065855045
30,1000,100,30,1,0.5,0.5,0.8444601052849363,0.028148670176164545,8.882643960980423e-13,1.9909999543484795e-20,0.21664422939155217,3.922525809846872,1.5157656698068223e-09,6.567637709469378e-10,6.567637709469378e-10,4.977499885871199e-19,4.977499885871199e-21,100.0,4.977499885871199e-19,-4.977499885871199e-19,1.1090680440958157e-12,2.498828442173895e-17,3.844749598903671e-16,0.012363004682238743,5.919682094996305e-11,1.8862605197565134e-05,0.0006287535065855045
30,3000,100,30,1,0.5,0.5,0.8444601052849363,0.028148670176164545,3.289868133696453e-14,2.731138483331248e-23,0.21664422939155217,3.922525809846872,5.6139469252104537e-11,2.4324584109145848e-11,2.4324584109145848e-11,6.82784620832812e-22,6.82784620832812e-24,100.0,6.82784620832812e-22,-6.82784620832812e-22,4.107659422577096e-14,2.498828442173895e-17,3.844749598903671e-16,0.012363004682238743,2.1924748499986314e-12,1.8862605197565134e-05,0.0018862605197565133
30,10000,100,30,1,0.5,0.5,0.8444601052849363,0.028148670176164545,8.882643960980423e-16,1.9909999543484796e-26,0.21664422939155217,3.922525809846872,1.5157656698068222e-12,6.567637709469379e-13,6.567637709469379e-13,4.9774998858711985e-25,4.977499885871199e-27,100.0,4.9774998858711985e-25,-4.9774998858711985e-25,1.109068044095816e-15,2.498828442173895e-17,3.844749598903671e-16,0.012363004682238743,5.919682094996305e-14,1.8862605197565134e-05,0.006287535065855044
30,30000,100,30,1,0.5,0.5,0.8444601052849363,0.028148670176164545,3.289868133696453e-17,2.7311384833312475e-29,0.21664422939155217,3.922525809846872,5.613946925210453e-14,2.4324584109145844e-14,2.4324584109145844e-14,6.827846208328119e-28,6.827846208328119e-30,100.0,6.827846208328119e-28,-6.827846208328119e-28,4.107659422577095e-17,2.498828442173895e-17,3.844749598903671e-16,0.012363004682238743,2.192474849998631e-15,1.8862605197565134e-05,0.018862605197565135
30,100000,100,30,1,0.5,0.5,0.8444601052849363,0.028148670176164545,8.882643960980423e-19,1.9909999543484797e-32,0.21664422939155217,3.922525809846872,1.5157656698068223e-15,6.567637709469378e-16,6.567637709469378e-16,4.977499885871199e-31,4.977499885871199e-33,100.0,4.977499885871199e-31,-4.977499885871199e-31,1.1090680440958158e-18,2.498828442173895e-17,3.844749598903671e-16,0.012363004682238743,5.919682094996305e-17,1.8862605197565134e-05,0.06287535065855045
30,1000,100,30,1,2.5,2.5,4.222300526424681,0.1407433508808227,8.882643960980423e-13,4.977499885871199e-19,0.043328845878310436,8.77103435431502,1.6946775378242778e-08,1.4685684369964546e-09,1.4685684369964546e-09,1.2443749714677999e-17,1.2443749714677998e-19,100.00000000000001,1.2443749714677999e-17,-1.422329846491668e-14,2.4799515382709786e-12,2.498828442173895e-17,1.9223747994518356e-15,0.05741577893139801,5.919682094996305e-11,1.8862605197565134e-05,0.0006287535065855045
30,3000,100,30,1,2.5,2.5,4.222300526424681,0.1407433508808227,3.289868133696453e-14,6.827846208328121e-22,0.043328845878310436,8.77103435431502,6.276583473423251e-10,5.439142359246128e-11,5.439142359246128e-11,1.7069615520820303e-20,1.7069615520820302e-22,100.00000000000001,1.7069615520820303e-20,-1.4210871784817524e-14,9.185005697299921e-14,2.498828442173895e-17,1.9223747994518356e-15,0.05741577893139801,2.1924748499986314e-12,1.8862605197565134e-05,0.0018862605197565133
30,10000,100,30,1,2.5,2.5,4.222300526424681,0.1407433508808227,8.882643960980423e-16,4.977499885871199e-25,0.043328845878310436,8.77103435431502,1.6946775378242778e-11,1.4685684369964544e-12,1.4685684369964544e-12,1.2443749714677999e-23,1.2443749714677999e-25,100.00000000000001,1.2443749714677999e-23,-1.4210854727645754e-14,2.4799515382709787e-15,2.498828442173895e-17,1.9223747994518356e-15,0.05741577893139801,5.919682094996305e-14,1.8862605197565134e-05,0.006287535065855044
30,30000,100,30,1,2.5,2.5,4.222300526424681,0.1407433508808227,3.289868133696453e-17,6.827846208328119e-28,0.043328845878310436,8.77103435431502,6.276583473423251e-13,5.439142359246128e-14,5.439142359246128e-14,1.7069615520820296e-26,1.7069615520820297e-28,100.00000000000001,1.7069615520820296e-26,-1.4210854715219075e-14,9.18500569729992e-17,2.498828442173895e-17,1.9223747994518356e-15,0.05741577893139801,2.192474849998631e-15,1.8862605197565134e-05,0.018862605197565135
30,100000,100,30,1,2.5,2.5,4.222300526424681,0.1407433508808227,8.882643960980423e-19,4.977499885871199e-31,0.043328845878310436,8.77103435431502,1.6946775378242777e-14,1.4685684369964545e-15,1.4685684369964545e-15,1.2443749714678e-29,1.2443749714677998e-31,100.00000000000001,1.2443749714678e-29,-1.4210854715202016e-14,2.4799515382709787e-18,2.498828442173895e-17,1.9223747994518356e-15,0.05741577893139801,5.919682094996305e-17,1.8862605197565134e-05,0.06287535065855045
30,1000,100,30,1,10,10,16.889202105698725,0.5629734035232908,8.882643960980423e-13,7.963999817393919e-18,0.010832211469577609,17.54206870863004,1.3557420302594223e-07,2.937136873992909e-09,2.937136873992909e-09,1.9909999543484798e-16,1.9909999543484796e-18,100.00000000000001,1.9909999543484798e-16,-1.4409954710636853e-14,4.959903076541957e-12,2.498828442173895e-17,7.689499197807342e-15,0.21450590396013774,5.919682094996305e-11,1.8862605197565134e-05,0.0006287535065855045
30,3000,100,30,1,10,10,16.889202105698725,0.5629734035232908,3.289868133696453e-14,1.0924553933324993e-20,0.010832211469577609,17.54206870863004,5.021266778738601e-09,1.0878284718492257e-10,1.0878284718492257e-10,2.7311384833312484e-19,2.7311384833312483e-21,100.00000000000001,2.7311384833312484e-19,-1.4211127829050338e-14,1.8370011394599843e-13,2.498828442173895e-17,7.689499197807342e-15,0.21450590396013774,2.1924748499986314e-12,1.8862605197565134e-05,0.0018862605197565133
30,10000,100,30,1,10,10,16.889202105698725,0.5629734035232908,8.882643960980423e-16,7.963999817393919e-24,0.010832211469577609,17.54206870863004,1.3557420302594223e-10,2.9371368739929088e-12,2.9371368739929088e-12,1.9909999543484798e-22,1.9909999543484798e-24,100.00000000000001,1.9909999543484798e-22,-1.4210854914302e-14,4.9599030765419575e-15,2.498828442173895e-17,7.689499197807342e-15,0.21450590396013774,5.919682094996305e-14,1.8862605197565134e-05,0.006287535065855044
30,30000,100,30,1,10,10,16.889202105698725,0.5629734035232908,3.289868133696453e-17,1.092455393332499e-26,0.010832211469577609,17.54206870863004,5.0212667787386005e-12,1.0878284718492256e-13,1.0878284718492256e-13,2.7311384833312474e-25,2.7311384833312476e-27,100.00000000000001,2.7311384833312474e-25,-1.4210854715475117e-14,1.837001139459984e-16,2.498828442173895e-17,7.689499197807342e-15,0.21450590396013774,2.192474849998631e-15,1.8862605197565134e-05,0.018862605197565135
30,100000,100,30,1,10,10,16.889202105698725,0.5629734035232908,8.882643960980423e-19,7.963999817393919e-30,0.010832211469577609,17.54206870863004,1.3557420302594222e-13,2.937136873992909e-15,2.937136873992909e-15,1.99099995434848e-28,1.9909999543484796e-30,100.00000000000001,1.99099995434848e-28,-1.4210854715202203e-14,4.959903076541957e-18,2.498828442173895e-17,7.689499197807342e-15,0.21450590396013774,5.919682094996305e-17,1.8862605197565134e-05,0.06287535065855045
30,1000,100,30,1,50,50,84.44601052849363,2.814867017616454,8.882643960980423e-13,1.9909999543484796e-16,0.002166442293915522,39.22525809846872,1.5157656698068222e-06,6.567637709469378e-09,6.567637709469378e-09,4.9774998858711984e-15,4.977499885871199e-17,100.0,4.9774998858711984e-15,-4.9774998858711984e-15,1.1090680440958157e-11,2.498828442173895e-17,3.844749598903671e-14,0.9845446302047747,5.919682094996305e-11,1.8862605197565134e-05,0.0006287535065855045
30,3000,100,30,1,50,50,84.44601052849363,2.814867017616454,3.289868133696453e-14,2.731138483331248e-19,0.002166442293915522,39.22525809846872,5.613946925210453e-08,2.432458410914585e-10,2.432458410914585e-10,6.82784620832812e-18,6.82784620832812e-20,100.0,6.82784620832812e-18,-6.82784620832812e-18,4.107659422577096e-13,2.498828442173895e-17,3.844749598903671e-14,0.9845446302047747,2.1924748499986314e-12,1.8862605197565134e-05,0.0018862605197565133
30,10000,100,30,1,50,50,84.44601052849363,2.814867017616454,8.882643960980423e-16,1.9909999543484798e-22,0.002166442293915522,39.22525809846872,1.5157656698068223e-09,6.567637709469378e-12,6.567637709469378e-12,4.9774998858711995e-21,4.9774998858711994e-23,100.0,4.9774998858711995e-21,-4.9774998858711995e-21,1.1090680440958159e-14,2.498828442173895e-17,3.844749598903671e-14,0.9845446302047747,5.919682094996305e-14,1.8862605197565134e-05,0.006287535065855044
30,30000,100,30,1,50,50,84.44601052849363,2.814867017616454,3.289868133696453e-17,2.7311384833312474e-25,0.002166442293915522,39.22525809846872,5.6139469252104524e-11,2.4324584109145845e-13,2.4324584109145845e-13,6.827846208328118e-24,6.827846208328119e-26,100.0,6.827846208328118e-24,-6.827846208328118e-24,4.107659422577095e-16,2.498828442173895e-17,3.844749598903671e-14,0.9845446302047747,2.192474849998631e-15,1.8862605197565134e-05,0.018862605197565135
30,100000,100,30,1,50,50,84.44601052849363,2.814867017616454,8.882643960980423e-19,1.9909999543484798e-28,0.002166442293915522,39.22525809846872,1.5157656698068222e-12,6.567637709469379e-15,6.567637709469379e-15,4.977499885871199e-27,4.9774998858711994e-29,100.0,4.977499885871199e-27,-4.977499885871199e-27,1.1090680440958159e-17,2.498828442173895e-17,3.844749598903671e-14,0.9845446302047747,5.919682094996305e-17,1.8862605197565134e-05,0.06287535065855045
30,1000,100,30,1,100,100,168.89202105698726,5.629734035232908,8.882643960980423e-13,7.963999817393918e-16,0.0010832211469577614,55.472891990439535,4.287232735240691e-06,9.288042321484563e-09,9.288042321484564e-09,1.9909999543484784e-14,1.9909999543484786e-16,99.99999999999996,1.9909999543484778e-14,8.51170988691923e-15,1.568459069554904e-11,2.498828442173895e-17,7.689499197807339e-14,1.8933032015822777,5.919682094996305e-11,1.8862605197565134e-05,0.0006287535065855045
30,3000,100,30,1,100,100,168.89202105698726,5.629734035232908,3.289868133696453e-14,1.0924553933324992e-18,0.001083221146957761,55.47289199043955,1.5878639760150717e-07,3.440015674623913e-10,3.440015674623913e-10,2.731138483331248e-17,2.731138483331248e-19,100.0,2.731138483331248e-17,-2.731138483331248e-17,5.809107665018166e-13,2.498828442173895e-17,7.689499197807341e-14,1.8933032015822777,2.1924748499986314e-12,1.8862605197565134e-05,0.0018862605197565133
30,10000,100,30,1,100,100,168.89202105698726,5.629734035232908,8.882643960980423e-16,7.963999817393919e-22,0.001083221146957761,55.47289199043955,4.287232735240694e-09,9.288042321484564e-12,9.288042321484564e-12,1.9909999543484798e-20,1.9909999543484798e-22,100.0,1.9909999543484798e-20,-1.9909999543484798e-20,1.5684590695549047e-14,2.498828442173895e-17,7.689499197807341e-14,1.8933032015822777,5.919682094996305e-14,1.8862605197565134e-05,0.006287535065855044
30,30000,100,30,1,100,100,168.89202105698726,5.629734035232908,3.289868133696453e-17,1.092455393332499e-24,0.001083221146957761,55.47289199043955,1.5878639760150714e-10,3.4400156746239124e-13,3.4400156746239124e-13,2.731138483331247e-23,2.7311384833312474e-25,100.0,2.731138483331247e-23,-2.731138483331247e-23,5.809107665018165e-16,2.498828442173895e-17,7.689499197807341e-14,1.8933032015822777,2.192474849998631e-15,1.8862605197565134e-05,0.018862605197565135
30,100000,100,30,1,100,100,168.89202105698726,5.629734035232908,8.882643960980423e-19,7.963999817393919e-28,0.001083221146957761,55.47289199043955,4.287232735240693e-12,9.288042321484565e-15,9.288042321484565e-15,1.9909999543484796e-26,1.9909999543484798e-28,100.0,1.9909999543484796e-26,-1.9909999543484796e-26,1.5684590695549047e-17,2.498828442173895e-17,7.689499197807341e-14,1.8933032015822777,5.919682094996305e-17,1.8862605197565134e-05,0.06287535065855045
30,1000,100,30,10,0.5,0.5,0.8444601052849363,0.2814867017616454,8.882643960980424e-11,1.9909999543484792e-17,2.1664422939155217,3.922525809846872,1.5157656698068223e-08,6.567637709469379e-08,6.567637709469379e-08,4.977499885871199e-16,4.977499885871198e-18,100.0,4.977499885871199e-16,-4.977499885871199e-16,1.1090680440958157e-12,2.498828442173895e-17,3.844749598903671e-16,0.012363004682238743,5.919682094996305e-09,1.8862605197565134e-05,0.0006287535065855045
30,3000,100,30,10,0.5,0.5,0.8444601052849363,0.2814867017616454,3.2898681336964532e-12,2.731138483331248e-20,2.1664422939155217,3.922525809846872,5.613946925210454e-10,2.432458410914585e-09,2.432458410914585e-09,6.82784620832812e-19,6.82784620832812e-21,100.0,6.82784620832812e-19,-6.82784620832812e-19,4.107659422577096e-14,2.498828442173895e-17,3.844749598903671e-16,0.012363004682238743,2.1924748499986316e-10,1.8862605197565134e-05,0.0018862605197565133
30,10000,100,30,10,0.5,0.5,0.8444601052849363,0.2814867017616454,8.882643960980424e-14,1.990999954348479e-23,2.1664422939155217,3.922525809846872,1.515765669806822e-11,6.567637709469378e-11,6.567637709469378e-11,4.977499885871197e-22,4.977499885871198e-24,100.0,4.977499885871197e-22,-4.977499885871197e-22,1.109068044095816e-15,2.498828442173895e-17,3.844749598903671e-16,0.012363004682238743,5.919682094996304e-12,1.8862605197565134e-05,0.006287535065855044
30,30000,100,30,10,0.5,0.5,0.8444601052849363,0.2814867017616454,3.2898681336964534e-15,2.731138483331248e-26,2.1664422939155217,3.922525809846872,5.613946925210454e-13,2.432458410914585e-12,2.432458410914585e-12,6.82784620832812e-25,6.82784620832812e-27,100.0,6.82784620832812e-25,-6.82784620832812e-25,4.107659422577095e-17,2.498828442173895e-17,3.844749598903671e-16,0.012363004682238743,2.1924748499986315e-13,1.8862605197565134e-05,0.018862605197565135
30,100000,100,30,10,0.5,0.5,0.8444601052849363,0.2814867017616454,8.882643960980424e-17,1.9909999543484798e-29,2.1664422939155217,3.922525809846872,1.5157656698068226e-14,6.56763770946938e-14,6.56763770946938e-14,4.9774998858712e-28,4.9774998858711994e-30,100.0,4.9774998858712e-28,-4.9774998858712e-28,1.1090680440958158e-18,2.498828442173895e-17,3.844749598903671e-16,0.012363004682238743,5.919682094996305e-15,1.8862605197565134e-05,0.06287535065855045
30,1000,100,30,10,2.5,2.5,4.222300526424681,1.407433508808227,8.882643960980424e-11,4.977499885871198e-16,0.43328845878310446,8.77103435431502,1.6946775378242773e-07,1.4685684369964544e-07,1.4685684369964544e-07,1.2443749714677996e-14,1.2443749714677995e-16,99.99999999999999,1.2443749714677993e-14,-1.2443749714677993e-14,2.4799515382709786e-12,2.498828442173895e-17,1.922374799451835e-15,0.05741577893139801,5.919682094996305e-09,1.8862605197565134e-05,0.0006287535065855045
30,3000,100,30,10,2.5,2.5,4.222300526424681,1.407433508808227,3.2898681336964532e-12,6.82784620832812e-19,0.43328845878310435,8.77103435431502,6.276583473423251e-09,5.439142359246128e-09,5.439142359246128e-09,1.7069615520820302e-17,1.70696155208203e-19,100.00000000000001,1.7069615520820302e-17,-1.4227924330722823e-14,9.185005697299921e-14,2.498828442173895e-17,1.9223747994518356e-15,0.05741577893139801,2.1924748499986316e-10,1.8862605197565134e-05,0.0018862605197565133
30,10000,100,30,10,2.5,2.5,4.222300526424681,1.407433508808227,8.882643960980424e-14,4.977499885871198e-22,0.43328845878310435,8.77103435431502,1.6946775378242776e-10,1.4685684369964543e-10,1.4685684369964543e-10,1.2443749714677998e-20,1.2443749714677995e-22,100.00000000000001,1.2443749714677998e-20,-1.421086715895172e-14,2.4799515382709787e-15,2.498828442173895e-17,1.9223747994518356e-15,0.05741577893139801,5.919682094996304e-12,1.8862605197565134e-05,0.006287535065855044
30,30000,100,30,10,2.5,2.5,4.222300526424681,1.407433508808227,3.2898681336964534e-15,6.82784620832812e-25,0.43328845878310435,8.77103435431502,6.276583473423251e-12,5.439142359246128e-12,5.439142359246128e-12,1.7069615520820302e-23,1.70696155208203e-25,100.00000000000001,1.7069615520820302e-23,-1.421085473227162e-14,9.18500569729992e-17,2.498828442173895e-17,1.9223747994518356e-15,0.05741577893139801,2.1924748499986315e-13,1.8862605197565134e-05,0.018862605197565135
30,100000,100,30,10,2.5,2.5,4.222300526424681,1.407433508808227,8.882643960980424e-17,4.9774998858712e-28,0.43328845878310435,8.77103435431502,1.694677537824278e-13,1.4685684369964547e-13,1.4685684369964547e-13,1.2443749714678e-26,1.2443749714678e-28,100.00000000000001,1.2443749714678e-26,-1.421085471521445e-14,2.4799515382709787e-18,2.498828442173895e-17,1.9223747994518356e-15,0.05741577893139801,5.919682094996305e-15,1.8862605197565134e-05,0.06287535065855045
30,1000,100,30,10,10,10,16.889202105698725,5.629734035232908,8.882643960980424e-11,7.963999817393917e-15,0.10832211469577652,17.542068708630005,1.3557420302594168e-06,2.937136873992903e-07,2.937136873992909e-07,1.9909999543484718e-13,1.9909999543484713e-15,99.9999999999996,1.990999954348464e-13,-1.4802942201834428e-16,4.959903076541947e-12,2.498828442173895e-17,7.68949919780731e-15,0.21450590396013774,5.919682094996305e-09,1.8862605197565134e-05,0.0006287535065855045
30,3000,100,30,10,10,10,16.889202105698725,5.629734035232908,3.2898681336964532e-12,1.0924553933324991e-17,0.10832211469577609,17.54206870863004,5.021266778738601e-08,1.0878284718492256e-08,1.0878284718492256e-08,2.7311384833312484e-16,2.731138483331248e-18,100.00000000000001,2.7311384833312484e-16,-1.448396856353513e-14,1.8370011394599843e-13,2.498828442173895e-17,7.689499197807342e-15,0.21450590396013774,2.1924748499986316e-10,1.8862605197565134e-05,0.0018862605197565133
30,10000,100,30,10,10,10,16.889202105698725,5.629734035232908,8.882643960980424e-14,7.963999817393917e-21,0.10832211469577609,17.54206870863004,1.355742030259422e-09,2.9371368739929086e-10,2.9371368739929086e-10,1.9909999543484797e-19,1.9909999543484792e-21,100.00000000000001,1.9909999543484797e-19,-1.421105381519744e-14,4.9599030765419575e-15,2.498828442173895e-17,7.689499197807342e-15,0.21450590396013774,5.919682094996304e-12,1.8862605197565134e-05,0.006287535065855044
30,30000,100,30,10,10,10,16.889202105698725,5.629734035232908,3.2898681336964534e-15,1.0924553933324992e-23,0.10832211469577609,17.54206870863004,5.021266778738601e-11,1.0878284718492257e-11,1.0878284718492257e-11,2.7311384833312483e-22,2.731138483331248e-24,100.00000000000001,2.7311384833312483e-22,-1.421085498831585e-14,1.837001139459984e-16,2.498828442173895e-17,7.689499197807342e-15,0.21450590396013774,2.1924748499986315e-13,1.8862605197565134e-05,0.018862605197565135
30,100000,100,30,10,10,10,16.889202105698725,5.629734035232908,8.882643960980424e-17,7.96399981739392e-27,0.10832211469577609,17.54206870863004,1.3557420302594223e-12,2.9371368739929094e-13,2.9371368739929094e-13,1.99099995434848e-25,1.99099995434848e-27,100.00000000000001,1.99099995434848e-25,-1.4210854715401103e-14,4.959903076541957e-18,2.498828442173895e-17,7.689499197807342e-15,0.21450590396013774,5.919682094996305e-15,1.8862605197565134e-05,0.06287535065855045
30,1000,100,30,10,50,50,84.44601052849363,28.14867017616454,8.882643960980424e-11,1.9909999543484794e-13,0.021664422939157373,39.225258098466774,1.5157656698066713e-05,6.567637709469053e-07,6.567637709469378e-07,4.977499885870702e-12,4.977499885870703e-14,99.99999999999005,4.977499885870208e-12,-3.700735549506597e-15,1.1090680440957608e-11,2.498828442173895e-17,3.844749598903289e-14,0.9845446302047747,5.919682094996305e-09,1.8862605197565134e-05,0.0006287535065855045
30,3000,100,30,10,50,50,84.44601052849363,28.14867017616454,3.2898681336964532e-12,2.731138483331248e-16,0.021664422939155218,39.22525809846872,5.613946925210453e-07,2.4324584109145847e-08,2.4324584109145847e-08,6.827846208328119e-15,6.82784620832812e-17,99.99999999999999,6.827846208328119e-15,7.383008506873885e-15,4.107659422577096e-13,2.498828442173895e-17,3.844749598903671e-14,0.9845446302047747,2.1924748499986316e-10,1.8862605197565134e-05,0.0018862605197565133
30,10000,100,30,10,50,50,84.44601052849363,28.14867017616454,8.882643960980424e-14,1.990999954348479e-19,0.021664422939155218,39.22525809846872,1.5157656698068223e-08,6.567637709469378e-10,6.567637709469378e-10,4.977499885871198e-18,4.9774998858711974e-20,100.0,4.977499885871198e-18,-4.977499885871198e-18,1.1090680440958159e-14,2.498828442173895e-17,3.844749598903671e-14,0.9845446302047747,5.919682094996304e-12,1.8862605197565134e-05,0.006287535065855044
30,30000,100,30,10,50,50,84.44601052849363,28.14867017616454,3.2898681336964534e-15,2.731138483331248e-22,0.021664422939155218,39.22525809846872,5.613946925210454e-10,2.4324584109145848e-11,2.4324584109145848e-11,6.827846208328121e-21,6.82784620832812e-23,100.0,6.827846208328121e-21,-6.827846208328121e-21,4.107659422577095e-16,2.498828442173895e-17,3.844749598903671e-14,0.9845446302047747,2.1924748499986315e-13,1.8862605197565134e-05,0.018862605197565135
30,100000,100,30,10,50,50,84.44601052849363,28.14867017616454,8.882643960980424e-17,1.9909999543484797e-25,0.021664422939155218,39.22525809846872,1.5157656698068227e-11,6.56763770946938e-13,6.56763770946938e-13,4.977499885871201e-24,4.977499885871199e-26,100.0,4.977499885871201e-24,-4.977499885871201e-24,1.1090680440958159e-17,2.498828442173895e-17,3.844749598903671e-14,0.9845446302047747,5.919682094996305e-15,1.8862605197565134e-05,0.06287535065855045
30,1000,100,30,10,100,100,168.89202105698726,56.29734035232908,8.882643960980424e-11,7.963999817393917e-13,0.010832211469581922,55.4728919904285,4.2872327352389863e-05,9.288042321482714e-07,9.288042321484565e-07,1.9909999543476867e-11,1.9909999543476872e-13,99.99999999996018,1.990999954346894e-11,-5.920874709336628e-16,1.568459069554592e-11,2.498828442173895e-17,7.689499197804279e-14,1.8933032015822777,5.919682094996305e-09,1.8862605197565134e-05,0.0006287535065855045
30,3000,100,30,10,100,100,168.89202105698726,56.29734035232908,3.2898681336964532e-12,1.0924553933324992e-15,0.010832211469577614,55.472891990439535,1.587863976015071e-06,3.4400156746239124e-08,3.440015674623913e-08,2.7311384833312472e-14,2.731138483331247e-16,99.99999999999994,2.7311384833312456e-14,1.1103245970915513e-15,5.809107665018163e-13,2.498828442173895e-17,7.689499197807338e-14,1.8933032015822777,2.1924748499986316e-10,1.8862605197565134e-05,0.0018862605197565133
30,10000,100,30,10,100,100,168.89202105698726,56.29734035232908,8.882643960980424e-14,7.963999817393916e-19,0.010832211469577609,55.47289199043955,4.287232735240693e-08,9.288042321484564e-10,9.288042321484564e-10,1.9909999543484792e-17,1.990999954348479e-19,100.0,1.9909999543484792e-17,-1.9909999543484792e-17,1.5684590695549047e-14,2.498828442173895e-17,7.689499197807341e-14,1.8933032015822777,5.919682094996304e-12,1.8862605197565134e-05,0.006287535065855044
30,30000,100,30,10,100,100,168.89202105698726,56.29734035232908,3.2898681336964534e-15,1.0924553933324991e-21,0.010832211469577609,55.47289199043955,1.5878639760150718e-09,3.4400156746239133e-11,3.4400156746239133e-11,2.7311384833312486e-20,2.731138483331248e-22,100.0,2.7311384833312486e-20,-2.7311384833312486e-20,5.809107665018165e-16,2.498828442173895e-17,7.689499197807341e-14,1.8933032015822777,2.1924748499986315e-13,1.8862605197565134e-05,0.018862605197565135
30,100000,100,30,10,100,100,168.89202105698726,56.29734035232908,8.882643960980424e-17,7.963999817393919e-25,0.010832211469577609,55.47289199043955,4.2872327352406944e-11,9.288042321484565e-13,9.288042321484565e-13,1.9909999543484803e-23,1.9909999543484797e-25,100.0,1.9909999543484803e-23,-1.9909999543484803e-23,1.5684590695549047e-17,2.498828442173895e-17,7.689499197807341e-14,1.8933032015822777,5.919682094996305e-15,1.8862605197565134e-05,0.06287535065855045
30,1000,100,30,100,0.5,0.5,0.8444601052849363,2.814867017616455,8.882643960980425e-09,1.99099995434848e-14,21.664422939155433,3.922525809846853,1.5157656698068077e-07,6.567637709469348e-06,6.567637709469379e-06,4.977499885871151e-13,4.977499885871151e-15,99.999999999999,4.977499885871102e-13,-3.7007355504004205e-16,1.1090680440958105e-12,2.498828442173895e-17,3.8447495989036323e-16,0.012363004682238743,5.919682094996305e-07,1.8862605197565134e-05,0.0006287535065855045
30,3000,100,30,100,0.5,0.5,0.8444601052849363,2.814867017616455,3.289868133696453e-10,2.7311384833312483e-17,21.664422939155216,3.922525809846872,5.613946925210454e-09,2.432458410914585e-07,2.432458410914585e-07,6.827846208328121e-16,6.827846208328121e-18,100.0,6.827846208328121e-16,-6.827846208328121e-16,4.107659422577096e-14,2.498828442173895e-17,3.844749598903671e-16,0.012363004682238743,2.1924748499986315e-08,1.8862605197565134e-05,0.0018862605197565133
30,10000,100,30,100,0.5,0.5,0.8444601052849363,2.814867017616455,8.882643960980424e-12,1.99099995434848e-20,21.664422939155216,3.922525809846872,1.5157656698068225e-10,6.567637709469379e-09,6.567637709469379e-09,4.9774998858712e-19,4.9774998858712e-21,100.0,4.9774998858712e-19,-4.9774998858712e-19,1.109068044095816e-15,2.498828442173895e-17,3.844749598903671e-16,0.012363004682238743,5.919682094996306e-10,1.8862605197565134e-05,0.006287535065855044
30,30000,100,30,100,0.5,0.5,0.8444601052849363,2.814867017616455,3.2898681336964533e-13,2.7311384833312477e-23,21.664422939155216,3.922525809846872,5.613946925210453e-12,2.4324584109145845e-10,2.4324584109145845e-10,6.827846208328118e-22,6.827846208328119e-24,100.0,6.827846208328118e-22,-6.827846208328118e-22,4.107659422577095e-17,2.498828442173895e-17,3.844749598903671e-16,0.012363004682238743,2.1924748499986314e-11,1.8862605197565134e-05,0.018862605197565135
30,100000,100,30,100,0.5,0.5,0.8444601052849363,2.814867017616455,8.882643960980424e-15,1.9909999543484799e-26,21.664422939155216,3.922525809846872,1.5157656698068224e-13,6.567637709469379e-12,6.567637709469379e-12,4.977499885871199e-25,4.9774998858711996e-27,100.0,4.977499885871199e-25,-4.977499885871199e-25,1.1090680440958158e-18,2.498828442173895e-17,3.844749598903671e-16,0.012363004682238743,5.919682094996306e-13,1.8862605197565134e-05,0.06287535065855045
30,1000,100,30,100,2.5,2.5,4.222300526424681,14.074335088082274,8.882643960980425e-09,4.977499885871201e-13,4.332884587832122,8.77103435431393,1.694677537823856e-06,1.4685684369962721e-05,1.4685684369964547e-05,1.2443749714674902e-11,1.2443749714674907e-13,99.9999999999751,1.2443749714671805e-11,4.95901584515015e-15,2.47995153827067e-12,2.498828442173895e-17,1.9223747994513567e-15,0.05741577893139801,5.919682094996305e-07,1.8862605197565134e-05,0.0006287535065855045
30,3000,100,30,100,2.5,2.5,4.222300526424681,14.074335088082274,3.289868133696453e-10,6.827846208328121e-16,4.332884587831044,8.77103435431502,6.27658347342325e-08,5.439142359246128e-07,5.439142359246128e-07,1.7069615520820295e-14,1.7069615520820302e-16,99.99999999999997,1.7069615520820292e-14,-2.8587608056182885e-15,9.185005697299921e-14,2.498828442173895e-17,1.9223747994518348e-15,0.05741577893139801,2.1924748499986315e-08,1.8862605197565134e-05,0.0018862605197565133
30,10000,100,30,100,2.5,2.5,4.222300526424681,14.074335088082274,8.882643960980424e-12,4.9774998858712e-19,4.332884587831043,8.77103435431502,1.694677537824278e-09,1.4685684369964546e-08,1.4685684369964546e-08,1.2443749714678e-17,1.2443749714678e-19,100.00000000000001,1.2443749714678e-17,-1.422329846491668e-14,2.4799515382709787e-15,2.498828442173895e-17,1.9223747994518356e-15,0.05741577893139801,5.919682094996306e-10,1.8862605197565134e-05,0.006287535065855044
30,30000,100,30,100,2.5,2.5,4.222300526424681,14.074335088082274,3.2898681336964533e-13,6.827846208328119e-22,4.332884587831043,8.77103435431502,6.27658347342325e-11,5.439142359246128e-10,5.439142359246128e-10,1.70696155208203e-20,1.7069615520820297e-22,100.00000000000001,1.70696155208203e-20,-1.4210871784817524e-14,9.18500569729992e-17,2.498828442173895e-17,1.9223747994518356e-15,0.05741577893139801,2.1924748499986314e-11,1.8862605197565134e-05,0.018862605197565135
30,100000,100,30,100,2.5,2.5,4.222300526424681,14.074335088082274,8.882643960980424e-15,4.977499885871199e-25,4.332884587831043,8.77103435431502,1.6946775378242778e-12,1.4685684369964545e-11,1.4685684369964545e-11,1.2443749714678e-23,1.2443749714677999e-25,100.00000000000001,1.2443749714678e-23,-1.4210854727645754e-14,2.4799515382709787e-18,2.498828442173895e-17,1.9223747994518356e-15,0.05741577893139801,5.919682094996306e-13,1.8862605197565134e-05,0.06287535065855045
30,1000,100,30,100,10,10,16.889202105698725,56.297340352329094,8.882643960980425e-09,7.963999817393921e-12,1.083221146962074,17.542068708595114,1.3557420302540238e-05,2.9371368739870615e-05,2.9371368739929094e-05,1.990999954340552e-10,1.9909999543405526e-12,99.9999999996018,1.9909999543326239e-10,8.289981432887642e-15,4.959903076532082e-12,2.498828442173895e-17,7.689499197776722e-15,0.21450590396013774,5.919682094996305e-07,1.8862605197565134e-05,0.0006287535065855045
30,3000,100,30,100,10,10,16.889202105698725,56.297340352329094,3.289868133696453e-10,1.0924553933324993e-14,1.0832211469577666,17.542068708629994,5.021266778738574e-07,1.0878284718492228e-06,1.0878284718492255e-06,2.731138483331233e-13,2.7311384833312337e-15,99.99999999999946,2.731138483331219e-13,-3.1076087442838274e-15,1.8370011394599795e-13,2.498828442173895e-17,7.6894991978073e-15,0.21450590396013774,2.1924748499986315e-08,1.8862605197565134e-05,0.0018862605197565133
30,10000,100,30,100,10,10,16.889202105698725,56.297340352329094,8.882643960980424e-12,7.96399981739392e-18,1.0832211469577608,17.54206870863004,1.3557420302594224e-08,2.9371368739929092e-08,2.9371368739929092e-08,1.99099995434848e-16,1.99099995434848e-18,100.00000000000001,1.99099995434848e-16,-1.4409954710636853e-14,4.9599030765419575e-15,2.498828442173895e-17,7.689499197807342e-15,0.21450590396013774,5.919682094996306e-10,1.8862605197565134e-05,0.006287535065855044
30,30000,100,30,100,10,10,16.889202105698725,56.297340352329094,3.2898681336964533e-13,1.092455393332499e-20,1.0832211469577608,17.54206870863004,5.0212667787386e-10,1.0878284718492255e-09,1.0878284718492255e-09,2.731138483331248e-19,2.7311384833312475e-21,100.00000000000001,2.731138483331248e-19,-1.4211127829050338e-14,1.837001139459984e-16,2.498828442173895e-17,7.689499197807342e-15,0.21450590396013774,2.1924748499986314e-11,1.8862605197565134e-05,0.018862605197565135
30,100000,100,30,100,10,10,16.889202105698725,56.297340352329094,8.882643960980424e-15,7.963999817393919e-24,1.0832211469577608,17.54206870863004,1.3557420302594223e-11,2.937136873992909e-11,2.937136873992909e-11,1.99099995434848e-22,1.9909999543484798e-24,100.00000000000001,1.99099995434848e-22,-1.4210854914302e-14,4.959903076541957e-18,2.498828442173895e-17,7.689499197807342e-15,0.21450590396013774,5.919682094996306e-13,1.8862605197565134e-05,0.06287535065855045
30,1000,100,30,100,50,50,84.44601052849363,281.48670176164546,8.882643960980425e-09,1.9909999543484801e-10,0.2166442294131191,39.225258096516285,0.00015157656696559283,6.567637709142475e-05,6.56763770946938e-05,4.977499885375691e-09,4.977499885375692e-11,99.99999999004501,4.977499884880182e-09,-5.912333527857351e-15,1.109068044040612e-11,2.498828442173895e-17,3.844749598520926e-14,0.9845446302047747,5.919682094996305e-07,1.8862605197565134e-05,0.0006287535065855045
30,3000,100,30,100,50,50,84.44601052849363,281.48670176164546,3.289868133696453e-10,2.7311384833312483e-13,0.21664422939158176,39.22525809846604,5.613946925209687e-06,2.4324584109144188e-06,2.432458410914585e-06,6.827846208327188e-12,6.827846208327187e-14,99.99999999998633,6.827846208326256e-12,2.1785764401109877e-14,4.107659422576816e-13,2.498828442173895e-17,3.8447495989031456e-14,0.9845446302047747,2.1924748499986315e-08,1.8862605197565134e-05,0.0018862605197565133
30,10000,100,30,100,50,50,84.44601052849363,281.48670176164546,8.882643960980424e-12,1.99099995434848e-16,0.21664422939155217,39.22525809846872,1.5157656698068225e-07,6.567637709469379e-08,6.567637709469379e-08,4.977499885871201e-15,4.9774998858712e-17,100.0,4.977499885871201e-15,-4.977499885871201e-15,1.1090680440958159e-14,2.498828442173895e-17,3.844749598903671e-14,0.9845446302047747,5.919682094996306e-10,1.8862605197565134e-05,0.006287535065855044
30,30000,100,30,100,50,50,84.44601052849363,281.48670176164546,3.2898681336964533e-13,2.7311384833312475e-19,0.21664422939155217,39.22525809846872,5.613946925210453e-09,2.4324584109145845e-09,2.4324584109145845e-09,6.8278462083281185e-18,6.827846208328119e-20,100.0,6.8278462083281185e-18,-6.8278462083281185e-18,4.107659422577095e-16,2.498828442173895e-17,3.844749598903671e-14,0.9845446302047747,2.1924748499986314e-11,1.8862605197565134e-05,0.018862605197565135
30,100000,100,30,100,50,50,84.44601052849363,281.48670176164546,8.882643960980424e-15,1.9909999543484798e-22,0.21664422939155217,39.22525809846872,1.5157656698068225e-10,6.56763770946938e-11,6.56763770946938e-11,4.9774998858712e-21,4.9774998858711994e-23,100.0,4.9774998858712e-21,-4.9774998858712e-21,1.1090680440958159e-17,2.498828442173895e-17,3.844749598903671e-14,0.9845446302047747,5.919682094996306e-13,1.8862605197565134e-05,0.06287535065855045
30,1000,100,30,100,100,100,168.89202105698726,562.9734035232909,8.882643960980425e-09,7.963999817393921e-10,0.10832211473890994,55.472891979394895,0.0004287232733533518,9.288042319635316e-05,9.288042321484566e-05,1.9909999535556636e-08,1.9909999535556645e-10,99.99999996017999,1.9909999527628477e-08,4.784267568909825e-15,1.5684590692426242e-11,2.498828442173895e-17,7.689499194745382e-14,1.8933032015822777,5.919682094996305e-07,1.8862605197565134e-05,0.0006287535065855045
30,3000,100,30,100,100,100,168.89202105698726,562.9734035232909,3.289868133696453e-10,1.0924553933324993e-12,0.10832211469583526,55.4728919904244,1.5878639760142045e-05,3.4400156746229737e-06,3.440015674623913e-06,2.7311384833297566e-11,2.7311384833297564e-13,99.99999999994539,2.7311384833282645e-11,-1.2332925379595406e-14,5.80910766501658e-13,2.498828442173895e-17,7.689499197803142e-14,1.8933032015822777,2.1924748499986315e-08,1.8862605197565134e-05,0.0018862605197565133
30,10000,100,30,100,100,100,168.89202105698726,562.9734035232909,8.882643960980424e-12,7.96399981739392e-16,0.10832211469577613,55.472891990439535,4.287232735240693e-07,9.288042321484563e-08,9.288042321484565e-08,1.9909999543484797e-14,1.990999954348479e-16,99.99999999999996,1.9909999543484787e-14,8.51170988691922e-15,1.568459069554904e-14,2.498828442173895e-17,7.689499197807339e-14,1.8933032015822777,5.919682094996306e-10,1.8862605197565134e-05,0.006287535065855044
30,30000,100,30,100,100,100,168.89202105698726,562.9734035232909,3.2898681336964533e-13,1.092455393332499e-18,0.10832211469577609,55.47289199043955,1.5878639760150717e-08,3.440015674623913e-09,3.440015674623913e-09,2.7311384833312474e-17,2.7311384833312475e-19,100.0,2.7311384833312474e-17,-2.7311384833312474e-17,5.809107665018165e-16,2.498828442173895e-17,7.689499197807341e-14,1.8933032015822777,2.1924748499986314e-11,1.8862605197565134e-05,0.018862605197565135
30,100000,100,30,100,100,100,168.89202105698726,562.9734035232909,8.882643960980424e-15,7.963999817393919e-22,0.10832211469577609,55.47289199043955,4.287232735240694e-10,9.288042321484565e-11,9.288042321484565e-11,1.99099995434848e-20,1.9909999543484798e-22,100.0,1.99099995434848e-20,-1.99099995434848e-20,1.5684590695549047e-17,2.498828442173895e-17,7.689499197807341e-14,1.8933032015822777,5.919682094996306e-13,1.8862605197565134e-05,0.06287535065855045
30,1000,100,100,1,0.5,0.5,2.814867017616455,0.028148670176164545,9.869604401089358e-12,7.374073904994366e-19,0.21664422939155217,2.1484558684493518,9.224656102723597e-09,3.996937025553265e-09,3.996937025553265e-09,1.8435184762485914e-17,1.8435184762485915e-19,100.0,1.8435184762485914e-17,-1.8435184762485914e-17,6.749573172882362e-12,3.0849733853998707e-15,1.4239813329272855e-14,0.013679382449243013,6.577424549995893e-10,6.287535065855045e-05,0.0006287535065855045
30,3000,100,100,1,0.5,0.5,2.814867017616455,0.028148670176164545,3.655409037440503e-13,1.0115327716041653e-21,0.21664422939155217,2.1484558684493518,3.416539297305036e-10,1.4803470465012093e-10,1.4803470465012093e-10,2.5288319290104137e-20,2.5288319290104133e-22,100.0,2.5288319290104137e-20,-2.5288319290104137e-20,2.4998419158823567e-13,3.0849733853998707e-15,1.4239813329272855e-14,0.013679382449243013,2.4360831666651457e-11,6.287535065855045e-05,0.0018862605197565133
30,10000,100,100,1,0.5,0.5,2.814867017616455,0.028148670176164545,9.869604401089359e-15,7.374073904994367e-25,0.21664422939155217,2.1484558684493518,9.224656102723598e-12,3.996937025553266e-12,3.996937025553266e-12,1.843518476248592e-23,1.8435184762485917e-25,100.0,1.843518476248592e-23,-1.843518476248592e-23,6.749573172882363e-15,3.0849733853998707e-15,1.4239813329272855e-14,0.013679382449243013,6.577424549995894e-13,6.287535065855045e-05,0.006287535065855044
30,30000,100,100,1,0.5,0.5,2.814867017616455,0.028148670176164545,3.655409037440503e-16,1.0115327716041655e-27,0.21664422939155217,2.1484558684493518,3.416539297305036e-13,1.4803470465012096e-13,1.4803470465012096e-13,2.528831929010414e-26,2.528831929010414e-28,100.0,2.528831929010414e-26,-2.528831929010414e-26,2.499841915882356e-16,3.0849733853998707e-15,1.4239813329272855e-14,0.013679382449243013,2.436083166665146e-14,6.287535065855045e-05,0.018862605197565135
30,100000,100,100,1,0.5,0.5,2.814867017616455,0.028148670176164545,9.869604401089358e-18,7.374073904994367e-31,0.21664422939155217,2.1484558684493518,9.224656102723598e-15,3.9969370255532656e-15,3.9969370255532656e-15,1.843518476248592e-29,1.8435184762485917e-31,100.0,1.843518476248592e-29,-1.843518476248592e-29,6.7495731728823625e-18,3.0849733853998707e-15,1.4239813329272855e-14,0.013679382449243013,6.577424549995894e-16,6.287535065855045e-05,0.06287535065855045
30,1000,100,100,1,2.5,2.5,14.074335088082274,0.1407433508808227,9.869604401089358e-12,1.8435184762485914e-17,0.043328845878310436,4.804093368511096,1.0313479057374123e-07,8.937422890922915e-09,8.937422890922915e-09,4.608796190621479e-16,4.6087961906214786e-18,100.0,4.608796190621479e-16,-4.608796190621479e-16,1.5092504433673903e-11,3.0849733853998707e-15,7.119906664636428e-14,0.06399766776641935,6.577424549995893e-10,6.287535065855045e-05,0.0006287535065855045
30,3000,100,100,1,2.5,2.5,14.074335088082274,0.1407433508808227,3.655409037440503e-13,2.5288319290104134e-20,0.043328845878310436,4.804093368511096,3.819807058286712e-09,3.3101566262677466e-10,3.3101566262677466e-10,6.322079822526035e-19,6.3220798225260334e-21,100.0,6.322079822526035e-19,-6.322079822526035e-19,5.589816456916261e-13,3.0849733853998707e-15,7.119906664636428e-14,0.06399766776641935,2.4360831666651457e-11,6.287535065855045e-05,0.0018862605197565133
30,10000,100,100,1,2.5,2.5,14.074335088082274,0.1407433508808227,9.869604401089359e-15,1.8435184762485918e-23,0.043328845878310436,4.804093368511096,1.0313479057374124e-10,8.937422890922916e-12,8.937422890922916e-12,4.60879619062148e-22,4.6087961906214795e-24,100.0,4.60879619062148e-22,-4.60879619062148e-22,1.5092504433673906e-14,3.0849733853998707e-15,7.119906664636428e-14,0.06399766776641935,6.577424549995894e-13,6.287535065855045e-05,0.006287535065855044
30,30000,100,100,1,2.5,2.5,14.074335088082274,0.1407433508808227,3.655409037440503e-16,2.528831929010414e-26,0.043328845878310436,4.804093368511096,3.819807058286713e-12,3.310156626267747e-13,3.310156626267747e-13,6.3220798225260355e-25,6.322079822526035e-27,100.0,6.3220798225260355e-25,-6.3220798225260355e-25,5.589816456916261e-16,3.0849733853998707e-15,7.119906664636428e-14,0.06399766776641935,2.436083166665146e-14,6.287535065855045e-05,0.018862605197565135
30,100000,100,100,1,2.5,2.5,14.074335088082274,0.1407433508808227,9.869604401089358e-18,1.8435184762485918e-29,0.043328845878310436,4.804093368511096,1.0313479057374123e-13,8.937422890922916e-15,8.937422890922916e-15,4.608796190621479e-28,4.6087961906214796e-30,100.0,4.608796190621479e-28,-4.608796190621479e-28,1.5092504433673904e-17,3.0849733853998707e-15,7.119906664636428e-14,0.06399766776641935,6.577424549995894e-16,6.287535065855045e-05,0.06287535065855045
30,1000,100,100,1,10,10,56.297340352329094,0.5629734035232908,9.869604401089358e-12,2.9496295619977463e-16,0.010832211469577609,9.60818673702219,8.250783245899297e-07,1.7874845781845827e-08,1.787484578184583e-08,7.374073904994363e-15,7.374073904994366e-17,99.99999999999997,7.374073904994363e-15,6.8367808102076405e-15,3.01850088673478e-11,3.0849733853998707e-15,2.8479626658545703e-13,0.24083345930022312,6.577424549995893e-10,6.287535065855045e-05,0.0006287535065855045
30,3000,100,100,1,10,10,56.297340352329094,0.5629734035232908,3.655409037440503e-13,4.0461310864166614e-19,0.010832211469577609,9.608186737022193,3.0558456466293697e-08,6.620313252535493e-10,6.620313252535493e-10,1.0115327716041655e-17,1.0115327716041653e-19,100.0,1.0115327716041655e-17,-1.0115327716041655e-17,1.1179632913832522e-12,3.0849733853998707e-15,2.8479626658545713e-13,0.24083345930022312,2.4360831666651457e-11,6.287535065855045e-05,0.0018862605197565133
30,10000,100,100,1,10,10,56.297340352329094,0.5629734035232908,9.869604401089359e-15,2.949629561997747e-22,0.010832211469577609,9.608186737022193,8.2507832458993e-10,1.7874845781845833e-11,1.7874845781845833e-11,7.374073904994368e-21,7.374073904994367e-23,100.0,7.374073904994368e-21,-7.374073904994368e-21,3.018500886734781e-14,3.0849733853998707e-15,2.8479626658545713e-13,0.24083345930022312,6.577424549995894e-13,6.287535065855045e-05,0.006287535065855044
30,30000,100,100,1,10,10,56.297340352329094,0.5629734035232908,3.655409037440503e-16,4.0461310864166626e-25,0.010832211469577609,9.608186737022193,3.05584564662937e-11,6.620313252535494e-13,6.620313252535494e-13,1.0115327716041657e-23,1.0115327716041656e-25,100.0,1.0115327716041657e-23,-1.0115327716041657e-23,1.1179632913832521e-15,3.0849733853998707e-15,2.8479626658545713e-13,0.24083345930022312,2.436083166665146e-14,6.287535065855045e-05,0.018862605197565135
30,100000,100,100,1,10,10,56.297340352329094,0.5629734035232908,9.869604401089358e-18,2.949629561997747e-28,0.010832211469577609,9.608186737022193,8.250783245899299e-13,1.7874845781845832e-14,1.7874845781845832e-14,7.374073904994367e-27,7.374073904994367e-29,100.0,7.374073904994367e-27,-7.374073904994367e-27,3.018500886734781e-17,3.0849733853998707e-15,2.8479626658545713e-13,0.24083345930022312,6.577424549995894e-16,6.287535065855045e-05,0.06287535065855045
30,1000,100,100,1,50,50,281.48670176164546,2.814867017616454,9.869604401089358e-12,7.374073904994366e-15,0.0021664422939155297,21.48455868449348,9.224656102723561e-06,3.996937025553258e-08,3.996937025553265e-08,1.8435184762485843e-13,1.843518476248585e-15,99.99999999999963,1.8435184762485775e-13,3.892636727682964e-16,6.749573172882351e-11,3.0849733853998707e-15,1.4239813329272803e-12,1.1161824069052013,6.577424549995893e-10,6.287535065855045e-05,0.0006287535065855045
30,3000,100,100,1,50,50,281.48670176164546,2.814867017616454,3.655409037440503e-13,1.0115327716041654e-17,0.002166442293915522,21.484558684493518,3.4165392973050356e-07,1.4803470465012093e-09,1.4803470465012093e-09,2.528831929010413e-16,2.5288319290104135e-18,100.0,2.528831929010413e-16,-2.528831929010413e-16,2.4998419158823567e-12,3.0849733853998707e-15,1.4239813329272855e-12,1.1161824069052013,2.4360831666651457e-11,6.287535065855045e-05,0.0018862605197565133
30,10000,100,100,1,50,50,281.48670176164546,2.814867017616454,9.869604401089359e-15,7.374073904994367e-21,0.002166442293915522,21.484558684493518,9.224656102723596e-09,3.996937025553266e-11,3.996937025553266e-11,1.8435184762485915e-19,1.8435184762485916e-21,100.0,1.8435184762485915e-19,-1.8435184762485915e-19,6.749573172882364e-14,3.0849733853998707e-15,1.4239813329272855e-12,1.1161824069052013,6.577424549995894e-13,6.287535065855045e-05,0.006287535065855044
30,30000,100,100,1,50,50,281.48670176164546,2.814867017616454,3.655409037440503e-16,1.0115327716041655e-23,0.002166442293915522,21.484558684493518,3.416539297305036e-10,1.4803470465012095e-12,1.4803470465012095e-12,2.528831929010414e-22,2.528831929010414e-24,100.0,2.528831929010414e-22,-2.528831929010414e-22,2.4998419158823564e-15,3.0849733853998707e-15,1.4239813329272855e-12,1.1161824069052013,2.436083166665146e-14,6.287535065855045e-05,0.018862605197565135
30,100000,100,100,1,50,50,281.48670176164546,2.814867017616454,9.869604401089358e-18,7.374073904994367e-27,0.002166442293915522,21.484558684493518,9.224656102723597e-12,3.996937025553266e-14,3.996937025553266e-14,1.8435184762485917e-25,1.8435184762485917e-27,100.0,1.8435184762485917e-25,-1.8435184762485917e-25,6.749573172882363e-17,3.0849733853998707e-15,1.4239813329272855e-12,1.1161824069052013,6.577424549995894e-16,6.287535065855045e-05,0.06287535065855045
30,1000,100,100,1,100,100,562.9734035232909,5.629734035232908,9.869604401089358e-12,2.9496295619977465e-14,0.0010832211469577768,30.38375427321117,2.6091267537398514e-05,5.6525225494885644e-08,5.6525225494886054e-08,7.374073904994256e-13,7.374073904994259e-15,99.99999999999854,7.374073904994149e-13,-1.2653800024112662e-14,9.545337921319771e-11,3.0849733853998707e-15,2.847962665854529e-12,2.1565787549831312,6.577424549995893e-10,6.287535065855045e-05,0.0006287535065855045
30,3000,100,100,1,100,100,562.9734035232909,5.629734035232908,3.655409037440503e-13,4.0461310864166615e-17,0.001083221146957761,30.38375427321139,9.66343242125885e-07,2.093526870180965e-09,2.093526870180965e-09,1.0115327716041652e-15,1.0115327716041654e-17,100.0,1.0115327716041652e-15,-1.0115327716041652e-15,3.53531034122957e-12,3.0849733853998707e-15,2.847962665854571e-12,2.1565787549831312,2.4360831666651457e-11,6.287535065855045e-05,0.0018862605197565133
30,10000,100,100,1,100,100,562.9734035232909,5.629734035232908,9.869604401089359e-15,2.9496295619977466e-20,0.001083221146957761,30.38375427321139,2.6091267537398896e-08,5.652522549488606e-11,5.652522549488606e-11,7.374073904994366e-19,7.374073904994367e-21,100.0,7.374073904994366e-19,-7.374073904994366e-19,9.545337921319838e-14,3.0849733853998707e-15,2.847962665854571e-12,2.1565787549831312,6.577424549995894e-13,6.287535065855045e-05,0.006287535065855044
30,30000,100,100,1,100,100,562.9734035232909,5.629734035232908,3.655409037440503e-16,4.046131086416662e-23,0.001083221146957761,30.38375427321139,9.663432421258851e-10,2.093526870180965e-12,2.093526870180965e-12,1.0115327716041655e-21,1.0115327716041655e-23,100.0,1.0115327716041655e-21,-1.0115327716041655e-21,3.5353103412295693e-15,3.0849733853998707e-15,2.847962665854571e-12,2.1565787549831312,2.436083166665146e-14,6.287535065855045e-05,0.018862605197565135
30,100000,100,100,1,100,100,562.9734035232909,5.629734035232908,9.869604401089358e-18,2.949629561997747e-26,0.001083221146957761,30.38375427321139,2.60912675373989e-11,5.652522549488606e-14,5.652522549488606e-14,7.374073904994367e-25,7.374073904994367e-27,100.0,7.374073904994367e-25,-7.374073904994367e-25,9.545337921319839e-17,3.0849733853998707e-15,2.847962665854571e-12,2.1565787549831312,6.577424549995894e-16,6.287535065855045e-05,0.06287535065855045
30,1000,100,100,10,0.5,0.5,2.814867017616455,0.2814867017616454,9.86960440108936e-10,7.37407390499437e-16,2.166442293915522,2.1484558684493513,9.224656102723596e-08,3.9969370255532654e-07,3.996937025553266e-07,1.8435184762485913e-14,1.8435184762485924e-16,99.99999999999996,1.843518476248591e-14,9.986524667918098e-15,6.749573172882361e-12,3.0849733853998707e-15,1.4239813329272852e-14,0.013679382449243013,6.577424549995894e-08,6.287535065855045e-05,0.0006287535065855045
30,3000,100,100,10,0.5,0.5,2.814867017616455,0.2814867017616454,3.6554090374405037e-11,1.011532771604166e-18,2.1664422939155217,2.1484558684493518,3.4165392973050365e-09,1.4803470465012096e-08,1.4803470465012096e-08,2.5288319290104146e-17,2.528831929010415e-19,100.0,2.5288319290104146e-17,-2.5288319290104146e-17,2.4998419158823567e-13,3.0849733853998707e-15,1.4239813329272855e-14,0.013679382449243013,2.436083166665146e-09,6.287535065855045e-05,0.0018862605197565133
30,10000,100,100,10,0.5,0.5,2.814867017616455,0.2814867017616454,9.869604401089358e-13,7.374073904994367e-22,2.1664422939155217,2.1484558684493518,9.224656102723597e-11,3.9969370255532654e-10,3.9969370255532654e-10,1.8435184762485914e-20,1.8435184762485916e-22,100.0,1.8435184762485914e-20,-1.8435184762485914e-20,6.749573172882363e-15,3.0849733853998707e-15,1.4239813329272855e-14,0.013679382449243013,6.577424549995893e-11,6.287535065855045e-05,0.006287535065855044
30,30000,100,100,10,0.5,0.5,2.814867017616455,0.2814867017616454,3.655409037440503e-14,1.0115327716041657e-24,2.1664422939155217,2.1484558684493518,3.416539297305036e-12,1.4803470465012095e-11,1.4803470465012095e-11,2.528831929010414e-23,2.5288319290104143e-25,100.0,2.528831929010414e-23,-2.528831929010414e-23,2.499841915882356e-16,3.0849733853998707e-15,1.4239813329272855e-14,0.013679382449243013,2.4360831666651457e-12,6.287535065855045e-05,0.018862605197565135
30,100000,100,100,10,0.5,0.5,2.814867017616455,0.2814867017616454,9.869604401089359e-16,7.374073904994366e-28,2.1664422939155217,2.1484558684493518,9.224656102723598e-14,3.9969370255532656e-13,3.9969370255532656e-13,1.8435184762485916e-26,1.8435184762485916e-28,100.0,1.8435184762485916e-26,-1.8435184762485916e-26,6.7495731728823625e-18,3.0849733853998707e-15,1.4239813329272855e-14,0.013679382449243013,6.577424549995893e-14,6.287535065855045e-05,0.06287535065855045
30,1000,100,100,10,2.5,2.5,14.074335088082274,1.407433508808227,9.86960440108936e-10,1.8435184762485922e-14,0.4332884587831083,4.804093368511074,1.0313479057374032e-06,8.937422890922875e-07,8.937422890922917e-07,4.608796190621439e-13,4.6087961906214395e-15,99.99999999999908,4.608796190621397e-13,8.078586539526375e-15,1.5092504433673832e-11,3.0849733853998707e-15,7.119906664636363e-14,0.06399766776641935,6.577424549995894e-08,6.287535065855045e-05,0.0006287535065855045
30,3000,100,100,10,2.5,2.5,14.074335088082274,1.407433508808227,3.6554090374405037e-11,2.5288319290104146e-17,0.43328845878310435,4.804093368511096,3.819807058286713e-08,3.310156626267747e-08,3.310156626267747e-08,6.322079822526037e-16,6.3220798225260365e-18,100.0,6.322079822526037e-16,-6.322079822526037e-16,5.589816456916261e-13,3.0849733853998707e-15,7.119906664636428e-14,0.06399766776641935,2.436083166665146e-09,6.287535065855045e-05,0.0018862605197565133
30,10000,100,100,10,2.5,2.5,14.074335088082274,1.407433508808227,9.869604401089358e-13,1.8435184762485914e-20,0.43328845878310435,4.804093368511096,1.0313479057374123e-09,8.937422890922915e-10,8.937422890922915e-10,4.608796190621479e-19,4.6087961906214785e-21,100.0,4.608796190621479e-19,-4.608796190621479e-19,1.5092504433673906e-14,3.0849733853998707e-15,7.119906664636428e-14,0.06399766776641935,6.577424549995893e-11,6.287535065855045e-05,0.006287535065855044
30,30000,100,100,10,2.5,2.5,14.074335088082274,1.407433508808227,3.655409037440503e-14,2.528831929010414e-23,0.43328845878310435,4.804093368511096,3.8198070582867124e-11,3.3101566262677466e-11,3.3101566262677466e-11,6.322079822526035e-22,6.322079822526035e-24,100.0,6.322079822526035e-22,-6.322079822526035e-22,5.589816456916261e-16,3.0849733853998707e-15,7.119906664636428e-14,0.06399766776641935,2.4360831666651457e-12,6.287535065855045e-05,0.018862605197565135
30,100000,100,100,10,2.5,2.5,14.074335088082274,1.407433508808227,9.869604401089359e-16,1.8435184762485913e-26,0.43328845878310435,4.804093368511096,1.0313479057374122e-12,8.937422890922916e-13,8.937422890922916e-13,4.608796190621479e-25,4.608796190621478e-27,100.0,4.608796190621479e-25,-4.608796190621479e-25,1.5092504433673904e-17,3.0849733853998707e-15,7.119906664636428e-14,0.06399766776641935,6.577424549995893e-14,6.287535065855045e-05,0.06287535065855045
30,1000,100,100,10,10,10,56.297340352329094,5.629734035232908,9.86960440108936e-10,2.9496295619977476e-13,0.10832211469579206,9.608186737021484,8.250783245898084e-06,1.7874845781844516e-06,1.7874845781845833e-06,7.374073904993283e-12,7.374073904993282e-14,99.99999999998526,7.374073904992195e-12,-1.285116251755755e-14,3.0185008867345584e-11,3.0849733853998707e-15,2.8479626658541513e-13,0.24083345930022312,6.577424549995894e-08,6.287535065855045e-05,0.0006287535065855045
30,3000,100,100,10,10,10,56.297340352329094,5.629734035232908,3.6554090374405037e-11,4.0461310864166634e-16,0.10832211469577611,9.60818673702219,3.0558456466293695e-07,6.620313252535493e-08,6.620313252535494e-08,1.0115327716041656e-14,1.0115327716041658e-16,99.99999999999997,1.0115327716041654e-14,4.095526999160349e-15,1.117963291383252e-12,3.0849733853998707e-15,2.8479626658545703e-13,0.24083345930022312,2.436083166665146e-09,6.287535065855045e-05,0.0018862605197565133
30,10000,100,100,10,10,10,56.297340352329094,5.629734035232908,9.869604401089358e-13,2.9496295619977463e-19,0.10832211469577609,9.608186737022193,8.250783245899299e-09,1.787484578184583e-09,1.787484578184583e-09,7.374073904994366e-18,7.374073904994366e-20,100.0,7.374073904994366e-18,-7.374073904994366e-18,3.018500886734781e-14,3.0849733853998707e-15,2.8479626658545713e-13,0.24083345930022312,6.577424549995893e-11,6.287535065855045e-05,0.006287535065855044
30,30000,100,100,10,10,10,56.297340352329094,5.629734035232908,3.655409037440503e-14,4.0461310864166624e-22,0.10832211469577609,9.608186737022193,3.05584564662937e-10,6.620313252535493e-11,6.620313252535493e-11,1.0115327716041657e-20,1.0115327716041656e-22,100.0,1.0115327716041657e-20,-1.0115327716041657e-20,1.1179632913832521e-15,3.0849733853998707e-15,2.8479626658545713e-13,0.24083345930022312,2.4360831666651457e-12,6.287535065855045e-05,0.018862605197565135
30,100000,100,100,10,10,10,56.297340352329094,5.629734035232908,9.869604401089359e-16,2.949629561997746e-25,0.10832211469577609,9.608186737022193,8.250783245899298e-12,1.7874845781845831e-12,1.7874845781845831e-12,7.374073904994366e-24,7.374073904994365e-26,100.0,7.374073904994366e-24,-7.374073904994366e-24,3.018500886734781e-17,3.0849733853998707e-15,2.8479626658545713e-13,0.24083345930022312,6.577424549995893e-14,6.287535065855045e-05,0.06287535065855045
30,1000,100,100,10,50,50,281.48670176164546,28.14867017616454,9.86960440108936e-10,7.37407390499437e-12,0.021664422939235095,21.48455868445391,9.224656102689588e-05,3.996937025545897e-06,3.996937025553266e-06,1.843518476241795e-10,1.8435184762417957e-12,99.99999999963129,1.843518476234998e-10,5.570596815798008e-15,6.749573172869919e-11,3.0849733853998707e-15,1.4239813329220353e-12,1.1161824069052013,6.577424549995894e-08,6.287535065855045e-05,0.0006287535065855045
30,3000,100,100,10,50,50,281.48670176164546,28.14867017616454,3.6554090374405037e-11,1.0115327716041659e-14,0.02166442293915533,21.484558684493464,3.416539297305019e-06,1.480347046501206e-07,1.4803470465012097e-07,2.528831929010402e-13,2.5288319290104014e-15,99.9999999999995,2.528831929010389e-13,-1.1298662742604842e-14,2.4998419158823507e-12,3.0849733853998707e-15,1.4239813329272784e-12,1.1161824069052013,2.436083166665146e-09,6.287535065855045e-05,0.0018862605197565133
30,10000,100,100,10,50,50,281.48670176164546,28.14867017616454,9.869604401089358e-13,7.374073904994366e-18,0.021664422939155218,21.484558684493518,9.224656102723596e-08,3.996937025553265e-09,3.996937025553265e-09,1.8435184762485912e-16,1.8435184762485915e-18,100.0,1.8435184762485912e-16,-1.8435184762485912e-16,6.749573172882364e-14,3.0849733853998707e-15,1.4239813329272855e-12,1.1161824069052013,6.577424549995893e-11,6.287535065855045e-05,0.006287535065855044
30,30000,100,100,10,50,50,281.48670176164546,28.14867017616454,3.655409037440503e-14,1.0115327716041657e-20,0.021664422939155218,21.484558684493518,3.416539297305036e-09,1.4803470465012095e-10,1.4803470465012095e-10,2.528831929010414e-19,2.528831929010414e-21,100.0,2.528831929010414e-19,-2.528831929010414e-19,2.4998419158823564e-15,3.0849733853998707e-15,1.4239813329272855e-12,1.1161824069052013,2.4360831666651457e-12,6.287535065855045e-05,0.018862605197565135
30,100000,100,100,10,50,50,281.48670176164546,28.14867017616454,9.869604401089359e-16,7.374073904994366e-24,0.021664422939155218,21.484558684493518,9.224656102723596e-11,3.996937025553265e-12,3.996937025553265e-12,1.8435184762485912e-22,1.8435184762485916e-24,100.0,1.8435184762485912e-22,-1.8435184762485912e-22,6.749573172882363e-17,3.0849733853998707e-15,1.4239813329272855e-12,1.1161824069052013,6.577424549995893e-14,6.287535065855045e-05,0.06287535065855045
30,1000,100,100,10,100,100,562.9734035232909,56.29734035232908,9.86960440108936e-10,2.949629561997748e-11,0.010832211469737365,30.38375427298734,0.000260912675370141,5.652522549446924e-06,5.652522549488606e-06,7.374073904885612e-10,7.374073904885615e-12,99.99999999852517,7.374073904776857e-10,2.2282403576641277e-14,9.545337921249453e-11,3.0849733853998707e-15,2.8479626658125686e-12,2.1565787549831312,6.577424549995894e-08,6.287535065855045e-05,0.0006287535065855045
30,3000,100,100,10,100,100,562.9734035232909,56.29734035232908,3.6554090374405037e-11,4.0461310864166636e-14,0.010832211469577828,30.383754273211085,9.663432421258659e-06,2.0935268701809444e-07,2.0935268701809653e-07,1.0115327716041453e-12,1.0115327716041452e-14,99.99999999999798,1.011532771604125e-12,-2.562086824782659e-15,3.5353103412295352e-12,3.0849733853998707e-15,2.8479626658545133e-12,2.1565787549831312,2.436083166665146e-09,6.287535065855045e-05,0.0018862605197565133
30,10000,100,100,10,100,100,562.9734035232909,56.29734035232908,9.869604401089358e-13,2.9496295619977464e-17,0.010832211469577609,30.38375427321139,2.6091267537398896e-07,5.652522549488605e-09,5.652522549488605e-09,7.374073904994365e-16,7.374073904994366e-18,100.0,7.374073904994365e-16,-7.374073904994365e-16,9.545337921319838e-14,3.0849733853998707e-15,2.847962665854571e-12,2.1565787549831312,6.577424549995893e-11,6.287535065855045e-05,0.006287535065855044
30,30000,100,100,10,100,100,562.9734035232909,56.29734035232908,3.655409037440503e-14,4.0461310864166627e-20,0.010832211469577609,30.38375427321139,9.663432421258852e-09,2.093526870180965e-10,2.093526870180965e-10,1.0115327716041655e-18,1.0115327716041657e-20,100.0,1.0115327716041655e-18,-1.0115327716041655e-18,3.5353103412295693e-15,3.0849733853998707e-15,2.847962665854571e-12,2.1565787549831312,2.4360831666651457e-12,6.287535065855045e-05,0.018862605197565135
30,100000,100,100,10,100,100,562.9734035232909,56.29734035232908,9.869604401089359e-16,2.9496295619977466e-23,0.010832211469577609,30.38375427321139,2.60912675373989e-10,5.652522549488605e-12,5.652522549488605e-12,7.374073904994365e-22,7.374073904994366e-24,100.0,7.374073904994365e-22,-7.374073904994365e-22,9.545337921319839e-17,3.0849733853998707e-15,2.847962665854571e-12,2.1565787549831312,6.577424549995893e-14,6.287535065855045e-05,0.06287535065855045
30,1000,100,100,100,0.5,0.5,2.814867017616455,2.814867017616455,9.869604401089358e-08,7.374073904994367e-13,21.664422939163202,2.1484558684489556,9.224656102720197e-07,3.9969370255525285e-05,3.996937025553265e-05,1.843518476247912e-11,1.843518476247912e-13,99.99999999996314,1.8435184762472324e-11,-3.70619685532469e-15,6.749573172881119e-12,3.0849733853998707e-15,1.4239813329267607e-14,0.013679382449243013,6.577424549995893e-06,6.287535065855045e-05,0.0006287535065855045
30,3000,100,100,100,0.5,0.5,2.814867017616455,2.814867017616455,3.655409037440503e-09,1.0115327716041656e-15,21.664422939155227,2.1484558684493513,3.416539297305035e-08,1.4803470465012091e-06,1.4803470465012095e-06,2.5288319290104123e-14,2.528831929010413e-16,99.99999999999996,2.528831929010411e-14,-1.1077464574902107e-14,2.499841915882356e-13,3.0849733853998707e-15,1.4239813329272852e-14,0.013679382449243013,2.436083166665146e-07,6.287535065855045e-05,0.0018862605197565133
30,10000,100,100,100,0.5,0.5,2.814867017616455,2.814867017616455,9.869604401089359e-11,7.374073904994368e-19,21.664422939155216,2.1484558684493518,9.224656102723599e-10,3.996937025553266e-08,3.996937025553266e-08,1.843518476248592e-17,1.843518476248592e-19,100.0,1.843518476248592e-17,-1.843518476248592e-17,6.749573172882363e-15,3.0849733853998707e-15,1.4239813329272855e-14,0.013679382449243013,6.5774245499958935e-09,6.287535065855045e-05,0.006287535065855044
30,30000,100,100,100,0.5,0.5,2.814867017616455,2.814867017616455,3.6554090374405035e-12,1.0115327716041657e-21,21.664422939155216,2.1484558684493518,3.4165392973050365e-11,1.4803470465012095e-09,1.4803470465012095e-09,2.528831929010414e-20,2.5288319290104143e-22,100.0,2.528831929010414e-20,-2.528831929010414e-20,2.499841915882356e-16,3.0849733853998707e-15,1.4239813329272855e-14,0.013679382449243013,2.4360831666651457e-10,6.287535065855045e-05,0.018862605197565135
30,100000,100,100,100,0.5,0.5,2.814867017616455,2.814867017616455,9.869604401089359e-14,7.374073904994369e-25,21.664422939155216,2.1484558684493518,9.224656102723599e-13,3.996937025553266e-11,3.996937025553266e-11,1.8435184762485918e-23,1.8435184762485921e-25,100.0,1.8435184762485918e-23,-1.8435184762485918e-23,6.7495731728823625e-18,3.0849733853998707e-15,1.4239813329272855e-14,0.013679382449243013,6.577424549995894e-12,6.287535065855045e-05,0.06287535065855045
30,1000,100,100,100,2.5,2.5,14.074335088082274,14.074335088082274,9.869604401089358e-08,1.8435184762485914e-11,4.332884587870982,4.804093368488955,1.031347905727906e-05,8.937422890881724e-05,8.937422890922915e-05,4.608796190578998e-10,4.6087961905789966e-12,99.99999999907824,4.6087961905365154e-10,-7.389784935355097e-15,1.5092504433604343e-11,3.0849733853998707e-15,7.1199066645708e-14,0.06399766776641935,6.577424549995893e-06,6.287535065855045e-05,0.0006287535065855045
30,3000,100,100,100,2.5,2.5,14.074335088082274,14.074335088082274,3.655409037440503e-09,2.5288319290104136e-14,4.332884587831098,4.804093368511065,3.8198070582866636e-07,3.310156626267725e-06,3.3101566262677464e-06,6.322079822525953e-13,6.322079822525955e-15,99.99999999999874,6.322079822525874e-13,7.280479931502801e-15,5.589816456916226e-13,3.0849733853998707e-15,7.119906664636337e-14,0.06399766776641935,2.436083166665146e-07,6.287535065855045e-05,0.0018862605197565133
30,10000,100,100,100,2.5,2.5,14.074335088082274,14.074335088082274,9.869604401089359e-11,1.8435184762485918e-17,4.332884587831043,4.804093368511096,1.0313479057374124e-08,8.937422890922916e-08,8.937422890922916e-08,4.60879619062148e-16,4.608796190621479e-18,100.0,4.60879619062148e-16,-4.60879619062148e-16,1.5092504433673906e-14,3.0849733853998707e-15,7.119906664636428e-14,0.06399766776641935,6.5774245499958935e-09,6.287535065855045e-05,0.006287535065855044
30,30000,100,100,100,2.5,2.5,14.074335088082274,14.074335088082274,3.6554090374405035e-12,2.528831929010414e-20,4.332884587831043,4.804093368511096,3.8198070582867124e-10,3.3101566262677468e-09,3.3101566262677468e-09,6.322079822526035e-19,6.322079822526035e-21,100.0,6.322079822526035e-19,-6.322079822526035e-19,5.589816456916261e-16,3.0849733853998707e-15,7.119906664636428e-14,0.06399766776641935,2.4360831666651457e-10,6.287535065855045e-05,0.018862605197565135
30,100000,100,100,100,2.5,2.5,14.074335088082274,14.074335088082274,9.869604401089359e-14,1.8435184762485918e-23,4.332884587831043,4.804093368511096,1.0313479057374126e-11,8.937422890922916e-11,8.937422890922916e-11,4.608796190621481e-22,4.6087961906214795e-24,100.0,4.608796190621481e-22,-4.608796190621481e-22,1.5092504433673904e-17,3.0849733853998707e-15,7.119906664636428e-14,0.06399766776641935,6.577424549995894e-12,6.287535065855045e-05,0.06287535065855045
30,1000,100,100,100,10,10,56.297340352329094,56.297340352329094,9.869604401089358e-08,2.949629561997746e-10,1.0832211471175157,9.608186736313677,8.250783244682462e-05,0.00017874845780527725,0.0001787484578184583,7.374073903906827e-09,7.374073903906829e-11,99.99999998525185,7.374073902819289e-09,9.663172607004047e-15,3.0185008865121935e-11,3.0849733853998707e-15,2.8479626654345495e-13,0.24083345930022312,6.577424549995893e-06,6.287535065855045e-05,0.0006287535065855045
30,3000,100,100,100,10,10,56.297340352329094,56.297340352329094,3.655409037440503e-09,4.046131086416662e-13,1.08322114695798,9.60818673702122,3.055845646628752e-06,6.6203132525348235e-06,6.620313252535493e-06,1.011532771603961e-11,1.0115327716039606e-13,99.99999999997976,1.0115327716037562e-11,2.800841186264188e-15,1.1179632913831393e-12,3.0849733853998707e-15,2.847962665853995e-13,0.24083345930022312,2.436083166665146e-07,6.287535065855045e-05,0.0018862605197565133
30,10000,100,100,100,10,10,56.297340352329094,56.297340352329094,9.869604401089359e-11,2.949629561997747e-16,1.0832211469577608,9.60818673702219,8.250783245899298e-08,1.787484578184583e-07,1.7874845781845831e-07,7.374073904994366e-15,7.374073904994367e-17,99.99999999999997,7.374073904994366e-15,6.836780810207637e-15,3.01850088673478e-14,3.0849733853998707e-15,2.8479626658545703e-13,0.24083345930022312,6.5774245499958935e-09,6.287535065855045e-05,0.006287535065855044
30,30000,100,100,100,10,10,56.297340352329094,56.297340352329094,3.6554090374405035e-12,4.0461310864166623e-19,1.0832211469577608,9.608186737022193,3.05584564662937e-09,6.6203132525354935e-09,6.6203132525354935e-09,1.0115327716041655e-17,1.0115327716041656e-19,100.0,1.0115327716041655e-17,-1.0115327716041655e-17,1.1179632913832521e-15,3.0849733853998707e-15,2.8479626658545713e-13,0.24083345930022312,2.4360831666651457e-10,6.287535065855045e-05,0.018862605197565135
30,100000,100,100,100,10,10,56.297340352329094,56.297340352329094,9.869604401089359e-14,2.949629561997747e-22,1.0832211469577608,9.608186737022193,8.2507832458993e-11,1.7874845781845831e-10,1.7874845781845831e-10,7.37407390499437e-21,7.374073904994367e-23,100.0,7.37407390499437e-21,-7.37407390499437e-21,3.018500886734781e-17,3.0849733853998707e-15,2.8479626658545713e-13,0.24083345930022312,6.577424549995894e-12,6.287535065855045e-05,0.06287535065855045
30,1000,100,100,100,50,50,281.48670176164546,281.48670176164546,9.869604401089358e-08,7.374073904994366e-09,0.21664423019032744,21.484558644886338,0.000922465606871195,0.0003996937018184838,0.00039969370255532653,1.843518469451471e-07,1.843518469451471e-09,99.99999963129632,1.8435184626543504e-07,-1.2911022518301025e-14,6.7495731604394e-11,3.0849733853998707e-15,1.4239813276770139e-12,1.1161824069052013,6.577424549995893e-06,6.287535065855045e-05,0.0006287535065855045
30,3000,100,100,100,50,50,281.48670176164546,281.48670176164546,3.655409037440503e-09,1.0115327716041655e-11,0.21664422939264785,21.484558684439186,3.416539297287757e-05,1.4803470464974658e-05,1.4803470465012094e-05,2.528831928997624e-10,2.5288319289976247e-12,99.99999999949424,2.528831928984834e-10,-1.0332414637613424e-15,2.4998419158760345e-12,3.0849733853998707e-15,1.4239813329200836e-12,1.1161824069052013,2.436083166665146e-07,6.287535065855045e-05,0.0018862605197565133
30,10000,100,100,100,50,50,281.48670176164546,281.48670176164546,9.869604401089359e-11,7.374073904994368e-15,0.21664422939155295,21.48455868449348,9.224656102723565e-07,3.9969370255532585e-07,3.996937025553266e-07,1.8435184762485853e-13,1.8435184762485853e-15,99.99999999999963,1.8435184762485785e-13,3.892636727681954e-16,6.749573172882351e-14,3.0849733853998707e-15,1.4239813329272803e-12,1.1161824069052013,6.5774245499958935e-09,6.287535065855045e-05,0.006287535065855044
30,30000,100,100,100,50,50,281.48670176164546,281.48670176164546,3.6554090374405035e-12,1.0115327716041655e-17,0.21664422939155217,21.484558684493518,3.416539297305036e-08,1.4803470465012094e-08,1.4803470465012094e-08,2.528831929010414e-16,2.528831929010414e-18,100.0,2.528831929010414e-16,-2.528831929010414e-16,2.4998419158823564e-15,3.0849733853998707e-15,1.4239813329272855e-12,1.1161824069052013,2.4360831666651457e-10,6.287535065855045e-05,0.018862605197565135
30,100000,100,100,100,50,50,281.48670176164546,281.48670176164546,9.869604401089359e-14,7.374073904994368e-21,0.21664422939155217,21.484558684493518,9.224656102723598e-10,3.996937025553266e-10,3.996937025553266e-10,1.8435184762485917e-19,1.843518476248592e-21,100.0,1.8435184762485917e-19,-1.8435184762485917e-19,6.749573172882363e-17,3.0849733853998707e-15,1.4239813329272855e-12,1.1161824069052013,6.577424549995894e-12,6.287535065855045e-05,0.06287535065855045
30,1000,100,100,100,100,100,562.9734035232909,562.9734035232909,9.869604401089358e-08,2.9496295619977464e-08,0.10832211629332665,30.383754049159347,0.0026091267152601036,0.0005652522507806487,0.0005652522549488606,7.374073796240436e-07,7.3740737962404376e-09,99.99999852518525,7.374073687486507e-07,7.301563554010129e-15,9.545337850931815e-11,3.0849733853998707e-15,2.8479626238523974e-12,2.1565787549831312,6.577424549995893e-06,6.287535065855045e-05,0.0006287535065855045
30,3000,100,100,100,100,100,562.9734035232909,562.9734035232909,3.655409037440503e-09,4.046131086416662e-11,0.10832211469796751,30.383754272904053,9.663432421063353e-05,2.0935268701597883e-05,2.0935268701809648e-05,1.0115327715837012e-09,1.0115327715837012e-11,99.99999999797693,1.0115327715632374e-09,1.0077919556415576e-14,3.53531034119381e-12,3.0849733853998707e-15,2.8479626657969548e-12,2.1565787549831312,2.436083166665146e-07,6.287535065855045e-05,0.0018862605197565133
30,10000,100,100,100,100,100,562.9734035232909,562.9734035232909,9.869604401089359e-11,2.949629561997747e-14,0.10832211469577767,30.38375427321117,2.609126753739852e-06,5.652522549488565e-07,5.652522549488605e-07,7.374073904994259e-13,7.37407390499426e-15,99.99999999999854,7.374073904994151e-13,-1.2653800024112864e-14,9.545337921319772e-14,3.0849733853998707e-15,2.847962665854529e-12,2.1565787549831312,6.5774245499958935e-09,6.287535065855045e-05,0.006287535065855044
30,30000,100,100,100,100,100,562.9734035232909,562.9734035232909,3.6554090374405035e-12,4.046131086416662e-17,0.10832211469577609,30.38375427321139,9.663432421258853e-08,2.093526870180965e-08,2.093526870180965e-08,1.0115327716041656e-15,1.0115327716041655e-17,100.0,1.0115327716041656e-15,-1.0115327716041656e-15,3.5353103412295693e-15,3.0849733853998707e-15,2.847962665854571e-12,2.1565787549831312,2.4360831666651457e-10,6.287535065855045e-05,0.018862605197565135
30,100000,100,100,100,100,100,562.9734035232909,562.9734035232909,9.869604401089359e-14,2.949629561997747e-20,0.10832211469577609,30.38375427321139,2.60912675373989e-09,5.652522549488606e-10,5.652522549488606e-10,7.374073904994367e-19,7.374073904994368e-21,100.0,7.374073904994367e-19,-7.374073904994367e-19,9.545337921319839e-17,3.0849733853998707e-15,2.847962665854571e-12,2.1565787549831312,6.577424549995894e-12,6.287535065855045e-05,0.06287535065855045
30,3000,100,300,1,0.5,0.5,8.444601052849363,0.028148670176164545,3.289868133696453e-12,2.731138483331247e-20,0.21664422939155217,1.2404115739912644,1.7752858946963976e-09,7.692108892123867e-10,7.692108892123867e-10,6.827846208328118e-19,6.827846208328117e-21,100.0,6.827846208328118e-19,-6.827846208328118e-19,1.2989559627595698e-12,2.4988284421738953e-13,3.844749598903671e-13,0.014880563062429738,2.192474849998631e-10,0.00018862605197565133,0.0018862605197565133
30,10000,100,300,1,0.5,0.5,8.444601052849363,0.028148670176164545,8.882643960980422e-14,1.990999954348479e-23,0.21664422939155217,1.2404115739912644,4.793271915680274e-11,2.076869400873444e-11,2.076869400873444e-11,4.977499885871198e-22,4.977499885871198e-24,100.0,4.977499885871198e-22,-4.977499885871198e-22,3.5071810994508384e-14,2.4988284421738953e-13,3.844749598903671e-13,0.014880563062429738,5.919682094996304e-12,0.00018862605197565133,0.006287535065855044
30,30000,100,300,1,0.5,0.5,8.444601052849363,0.028148670176164545,3.289868133696453e-15,2.731138483331247e-26,0.21664422939155217,1.2404115739912644,1.7752858946963977e-12,7.692108892123867e-13,7.692108892123867e-13,6.827846208328117e-25,6.827846208328117e-27,100.0,6.827846208328117e-25,-6.827846208328117e-25,1.2989559627595696e-15,2.4988284421738953e-13,3.844749598903671e-13,0.014880563062429738,2.1924748499986312e-13,0.00018862605197565133,0.018862605197565135
30,100000,100,300,1,0.5,0.5,8.444601052849363,0.028148670176164545,8.882643960980423e-17,1.9909999543484792e-29,0.21664422939155217,1.2404115739912644,4.793271915680274e-14,2.076869400873444e-14,2.076869400873444e-14,4.977499885871198e-28,4.977499885871198e-30,100.0,4.977499885871198e-28,-4.977499885871198e-28,3.5071810994508386e-17,2.4988284421738953e-13,3.844749598903671e-13,0.014880563062429738,5.9196820949963046e-15,0.00018862605197565133,0.06287535065855045
30,3000,100,300,1,2.5,2.5,42.223005264246815,0.1407433508808227,3.289868133696453e-12,6.827846208328116e-19,0.043328845878310436,2.7736445995219774,1.9848299700188393e-08,1.7200078373119563e-09,1.7200078373119563e-09,1.7069615520820293e-17,1.706961552082029e-19,100.0,1.7069615520820293e-17,-1.7069615520820293e-17,2.904553832509083e-12,2.4988284421738953e-13,1.9223747994518353e-12,0.07000357083235298,2.192474849998631e-10,0.00018862605197565133,0.0018862605197565133
30,10000,100,300,1,2.5,2.5,42.223005264246815,0.1407433508808227,8.882643960980422e-14,4.977499885871197e-22,0.043328845878310436,2.7736445995219774,5.359040919050866e-10,4.644021160742282e-11,4.644021160742282e-11,1.2443749714677993e-20,1.2443749714677993e-22,100.0,1.2443749714677993e-20,-1.2443749714677993e-20,7.842295347774523e-14,2.4988284421738953e-13,1.9223747994518353e-12,0.07000357083235298,5.919682094996304e-12,0.00018862605197565133,0.006287535065855044
30,30000,100,300,1,2.5,2.5,42.223005264246815,0.1407433508808227,3.289868133696453e-15,6.827846208328116e-25,0.043328845878310436,2.7736445995219774,1.9848299700188392e-11,1.7200078373119562e-12,1.7200078373119562e-12,1.7069615520820293e-23,1.706961552082029e-25,100.0,1.7069615520820293e-23,-1.7069615520820293e-23,2.9045538325090825e-15,2.4988284421738953e-13,1.9223747994518353e-12,0.07000357083235298,2.1924748499986312e-13,0.00018862605197565133,0.018862605197565135
30,100000,100,300,1,2.5,2.5,42.223005264246815,0.1407433508808227,8.882643960980423e-17,4.977499885871197e-28,0.043328845878310436,2.7736445995219774,5.359040919050865e-13,4.644021160742282e-14,4.644021160742282e-14,1.2443749714677992e-26,1.2443749714677992e-28,100.0,1.2443749714677992e-26,-1.2443749714677992e-26,7.842295347774524e-17,2.4988284421738953e-13,1.9223747994518353e-12,0.07000357083235298,5.9196820949963046e-15,0.00018862605197565133,0.06287535065855045
30,3000,100,300,1,10,10,168.89202105698726,0.5629734035232908,3.289868133696453e-12,1.0924553933324985e-17,0.010832211469577609,5.547289199043955,1.5878639760150715e-07,3.4400156746239126e-09,3.4400156746239126e-09,2.731138483331247e-16,2.7311384833312463e-18,100.0,2.731138483331247e-16,-2.731138483331247e-16,5.809107665018166e-12,2.4988284421738953e-13,7.689499197807341e-12,0.26485707156395766,2.192474849998631e-10,0.00018862605197565133,0.0018862605197565133
30,10000,100,300,1,10,10,168.89202105698726,0.5629734035232908,8.882643960980422e-14,7.963999817393915e-21,0.010832211469577609,5.547289199043955,4.287232735240693e-09,9.288042321484564e-11,9.288042321484564e-11,1.990999954348479e-19,1.990999954348479e-21,100.0,1.990999954348479e-19,-1.990999954348479e-19,1.5684590695549047e-13,2.4988284421738953e-13,7.689499197807341e-12,0.26485707156395766,5.919682094996304e-12,0.00018862605197565133,0.006287535065855044
30,30000,100,300,1,10,10,168.89202105698726,0.5629734035232908,3.289868133696453e-15,1.0924553933324986e-23,0.010832211469577609,5.547289199043955,1.5878639760150714e-10,3.4400156746239124e-12,3.4400156746239124e-12,2.731138483331247e-22,2.7311384833312466e-24,100.0,2.731138483331247e-22,-2.731138483331247e-22,5.809107665018165e-15,2.4988284421738953e-13,7.689499197807341e-12,0.26485707156395766,2.1924748499986312e-13,0.00018862605197565133,0.018862605197565135
30,100000,100,300,1,10,10,168.89202105698726,0.5629734035232908,8.882643960980423e-17,7.963999817393915e-27,0.010832211469577609,5.547289199043955,4.287232735240692e-12,9.288042321484563e-14,9.288042321484563e-14,1.9909999543484788e-25,1.9909999543484788e-27,100.0,1.9909999543484788e-25,-1.9909999543484788e-25,1.5684590695549048e-16,2.4988284421738953e-13,7.689499197807341e-12,0.26485707156395766,5.9196820949963046e-15,0.00018862605197565133,0.06287535065855045
30,3000,100,300,1,50,50,844.4601052849363,2.814867017616454,3.289868133696453e-12,2.7311384833312464e-16,0.002166442293915522,12.404115739912642,1.7752858946963975e-06,7.692108892123864e-09,7.692108892123866e-09,6.8278462083281164e-15,6.827846208328116e-17,99.99999999999999,6.8278462083281164e-15,7.383008506873888e-15,1.2989559627595695e-11,2.4988284421738953e-13,3.8447495989036706e-11,1.236300468223874,2.192474849998631e-10,0.00018862605197565133,0.0018862605197565133
30,10000,100,300,1,50,50,844.4601052849363,2.814867017616454,8.882643960980422e-14,1.9909999543484787e-19,0.002166442293915522,12.404115739912644,4.7932719156802735e-08,2.076869400873444e-10,2.076869400873444e-10,4.977499885871197e-18,4.977499885871197e-20,100.0,4.977499885871197e-18,-4.977499885871197e-18,3.507181099450838e-13,2.4988284421738953e-13,3.844749598903671e-11,1.236300468223874,5.919682094996304e-12,0.00018862605197565133,0.006287535065855044
30,30000,100,300,1,50,50,844.4601052849363,2.814867017616454,3.289868133696453e-15,2.731138483331247e-22,0.002166442293915522,12.404115739912644,1.7752858946963976e-09,7.692108892123866e-12,7.692108892123866e-12,6.827846208328117e-21,6.827846208328117e-23,100.0,6.827846208328117e-21,-6.827846208328117e-21,1.2989559627595696e-14,2.4988284421738953e-13,3.844749598903671e-11,1.236300468223874,2.1924748499986312e-13,0.00018862605197565133,0.018862605197565135
30,100000,100,300,1,50,50,844.4601052849363,2.814867017616454,8.882643960980423e-17,1.9909999543484788e-25,0.002166442293915522,12.404115739912644,4.793271915680274e-11,2.076869400873444e-13,2.076869400873444e-13,4.977499885871198e-24,4.977499885871197e-26,100.0,4.977499885871198e-24,-4.977499885871198e-24,3.5071810994508385e-16,2.4988284421738953e-13,3.844749598903671e-11,1.236300468223874,5.9196820949963046e-15,0.00018862605197565133,0.06287535065855045
30,3000,100,300,1,100,100,1688.9202105698726,5.629734035232908,3.289868133696453e-12,1.0924553933324986e-15,0.0010832211469577614,17.542068708630037,5.0212667787385976e-06,1.0878284718492253e-08,1.0878284718492254e-08,2.7311384833312456e-14,2.7311384833312454e-16,99.99999999999996,2.7311384833312443e-14,-1.310053011811044e-14,1.8370011394599842e-11,2.4988284421738953e-13,7.689499197807337e-11,2.3968148776204767,2.192474849998631e-10,0.00018862605197565133,0.0018862605197565133
30,10000,100,300,1,100,100,1688.9202105698726,5.629734035232908,8.882643960980422e-14,7.963999817393915e-19,0.001083221146957761,17.54206870863004,1.3557420302594217e-07,2.9371368739929086e-10,2.9371368739929086e-10,1.990999954348479e-17,1.9909999543484787e-19,100.0,1.990999954348479e-17,-1.990999954348479e-17,4.959903076541958e-13,2.4988284421738953e-13,7.689499197807342e-11,2.3968148776204767,5.919682094996304e-12,0.00018862605197565133,0.006287535065855044
30,30000,100,300,1,100,100,1688.9202105698726,5.629734035232908,3.289868133696453e-15,1.0924553933324987e-21,0.001083221146957761,17.54206870863004,5.021266778738599e-09,1.0878284718492255e-11,1.0878284718492255e-11,2.731138483331247e-20,2.731138483331247e-22,100.0,2.731138483331247e-20,-2.731138483331247e-20,1.837001139459984e-14,2.4988284421738953e-13,7.689499197807342e-11,2.3968148776204767,2.1924748499986312e-13,0.00018862605197565133,0.018862605197565135
30,100000,100,300,1,100,100,1688.9202105698726,5.629734035232908,8.882643960980423e-17,7.963999817393915e-25,0.001083221146957761,17.54206870863004,1.355742030259422e-10,2.937136873992909e-13,2.937136873992909e-13,1.990999954348479e-23,1.9909999543484788e-25,100.0,1.990999954348479e-23,-1.990999954348479e-23,4.959903076541957e-16,2.4988284421738953e-13,7.689499197807342e-11,2.3968148776204767,5.9196820949963046e-15,0.00018862605197565133,0.06287535065855045
30,3000,100,300,10,0.5,0.5,8.444601052849363,0.2814867017616454,3.289868133696453e-10,2.7311384833312483e-17,2.1664422939155217,1.2404115739912644,1.775285894696398e-08,7.692108892123868e-08,7.692108892123868e-08,6.82784620832812e-16,6.827846208328121e-18,100.0,6.82784620832812e-16,-6.82784620832812e-16,1.2989559627595698e-12,2.4988284421738953e-13,3.844749598903671e-13,0.014880563062429738,2.1924748499986315e-08,0.00018862605197565133,0.0018862605197565133
30,10000,100,300,10,0.5,0.5,8.444601052849363,0.2814867017616454,8.882643960980424e-12,1.99099995434848e-20,2.1664422939155217,1.2404115739912644,4.793271915680275e-10,2.0768694008734443e-09,2.0768694008734443e-09,4.9774998858712e-19,4.9774998858712e-21,100.0,4.9774998858712e-19,-4.9774998858712e-19,3.5071810994508384e-14,2.4988284421738953e-13,3.844749598903671e-13,0.014880563062429738,5.919682094996306e-10,0.00018862605197565133,0.006287535065855044
30,30000,100,300,10,0.5,0.5,8.444601052849363,0.2814867017616454,3.2898681336964533e-13,2.7311384833312477e-23,2.1664422939155217,1.2404115739912644,1.7752858946963977e-11,7.692108892123867e-11,7.692108892123867e-11,6.827846208328118e-22,6.827846208328119e-24,100.0,6.827846208328118e-22,-6.827846208328118e-22,1.2989559627595696e-15,2.4988284421738953e-13,3.844749598903671e-13,0.014880563062429738,2.1924748499986314e-11,0.00018862605197565133,0.018862605197565135
30,100000,100,300,10,0.5,0.5,8.444601052849363,0.2814867017616454,8.882643960980424e-15,1.9909999543484799e-26,2.1664422939155217,1.2404115739912644,4.793271915680274e-13,2.0768694008734444e-12,2.0768694008734444e-12,4.9774998858711985e-25,4.9774998858711996e-27,100.0,4.9774998858711985e-25,-4.9774998858711985e-25,3.5071810994508386e-17,2.4988284421738953e-13,3.844749598903671e-13,0.014880563062429738,5.919682094996306e-13,0.00018862605197565133,0.06287535065855045
30,3000,100,300,10,2.5,2.5,42.223005264246815,1.407433508808227,3.289868133696453e-10,6.82784620832812e-16,0.43328845878310446,2.773644599521977,1.9848299700188391e-07,1.7200078373119562e-07,1.7200078373119565e-07,1.7069615520820292e-14,1.70696155208203e-16,99.99999999999997,1.706961552082029e-14,-2.8587608056182853e-15,2.9045538325090826e-12,2.4988284421738953e-13,1.922374799451835e-12,0.07000357083235298,2.1924748499986315e-08,0.00018862605197565133,0.0018862605197565133
30,10000,100,300,10,2.5,2.5,42.223005264246815,1.407433508808227,8.882643960980424e-12,4.9774998858712e-19,0.43328845878310435,2.7736445995219774,5.359040919050867e-09,4.644021160742283e-09,4.644021160742283e-09,1.2443749714677997e-17,1.2443749714678e-19,100.0,1.2443749714677997e-17,-1.2443749714677997e-17,7.842295347774523e-14,2.4988284421738953e-13,1.9223747994518353e-12,0.07000357083235298,5.919682094996306e-10,0.00018862605197565133,0.006287535065855044
30,30000,100,300,10,2.5,2.5,42.223005264246815,1.407433508808227,3.2898681336964533e-13,6.827846208328118e-22,0.43328845878310435,2.7736445995219774,1.9848299700188394e-10,1.7200078373119563e-10,1.7200078373119563e-10,1.7069615520820294e-20,1.7069615520820295e-22,100.0,1.7069615520820294e-20,-1.7069615520820294e-20,2.9045538325090825e-15,2.4988284421738953e-13,1.9223747994518353e-12,0.07000357083235298,2.1924748499986314e-11,0.00018862605197565133,0.018862605197565135
30,100000,100,300,10,2.5,2.5,42.223005264246815,1.407433508808227,8.882643960980424e-15,4.9774998858711985e-25,0.43328845878310435,2.7736445995219774,5.3590409190508664e-12,4.644021160742283e-12,4.644021160742283e-12,1.2443749714677996e-23,1.2443749714677996e-25,100.0,1.2443749714677996e-23,-1.2443749714677996e-23,7.842295347774524e-17,2.4988284421738953e-13,1.9223747994518353e-12,0.07000357083235298,5.919682094996306e-13,0.00018862605197565133,0.06287535065855045
30,3000,100,300,10,10,10,168.89202105698726,5.629734035232908,3.289868133696453e-10,1.0924553933324992e-14,0.10832211469577667,5.54728919904394,1.587863976015063e-06,3.4400156746239034e-07,3.440015674623913e-07,2.7311384833312326e-13,2.7311384833312333e-15,99.99999999999946,2.731138483331218e-13,-3.1076087442837264e-15,5.8091076650181506e-12,2.4988284421738953e-13,7.689499197807299e-12,0.26485707156395766,2.1924748499986315e-08,0.00018862605197565133,0.0018862605197565133
30,10000,100,300,10,10,10,168.89202105698726,5.629734035232908,8.882643960980424e-12,7.96399981739392e-18,0.10832211469577609,5.547289199043955,4.2872327352406936e-08,9.288042321484566e-09,9.288042321484566e-09,1.9909999543484796e-16,1.99099995434848e-18,100.0,1.9909999543484796e-16,-1.9909999543484796e-16,1.5684590695549047e-13,2.4988284421738953e-13,7.689499197807341e-12,0.26485707156395766,5.919682094996306e-10,0.00018862605197565133,0.006287535065855044
30,30000,100,300,10,10,10,168.89202105698726,5.629734035232908,3.2898681336964533e-13,1.0924553933324989e-20,0.10832211469577609,5.547289199043955,1.5878639760150715e-09,3.4400156746239126e-10,3.4400156746239126e-10,2.731138483331247e-19,2.731138483331247e-21,100.0,2.731138483331247e-19,-2.731138483331247e-19,5.809107665018165e-15,2.4988284421738953e-13,7.689499197807341e-12,0.26485707156395766,2.1924748499986314e-11,0.00018862605197565133,0.018862605197565135
30,100000,100,300,10,10,10,168.89202105698726,5.629734035232908,8.882643960980424e-15,7.963999817393918e-24,0.10832211469577609,5.547289199043955,4.287232735240693e-11,9.288042321484566e-12,9.288042321484566e-12,1.9909999543484793e-22,1.9909999543484794e-24,100.0,1.9909999543484793e-22,-1.9909999543484793e-22,1.5684590695549048e-16,2.4988284421738953e-13,7.689499197807341e-12,0.26485707156395766,5.919682094996306e-13,0.00018862605197565133,0.06287535065855045
30,3000,100,300,10,50,50,844.4601052849363,28.14867017616454,3.289868133696453e-10,2.731138483331248e-13,0.021664422939158177,12.404115739911797,1.7752858946961553e-05,7.692108892123342e-07,7.692108892123867e-07,6.8278462083271865e-12,6.827846208327185e-14,99.99999999998636,6.827846208326254e-12,-6.635945029292515e-15,1.2989559627594808e-11,2.4988284421738953e-13,3.8447495989031465e-11,1.236300468223874,2.1924748499986315e-08,0.00018862605197565133,0.0018862605197565133
30,10000,100,300,10,50,50,844.4601052849363,28.14867017616454,8.882643960980424e-12,1.9909999543484796e-16,0.021664422939155218,12.404115739912642,4.793271915680275e-07,2.076869400873444e-08,2.0768694008734442e-08,4.977499885871199e-15,4.977499885871199e-17,99.99999999999999,4.977499885871199e-15,9.233354829330805e-15,3.5071810994508376e-13,2.4988284421738953e-13,3.8447495989036706e-11,1.236300468223874,5.919682094996306e-10,0.00018862605197565133,0.006287535065855044
30,30000,100,300,10,50,50,844.4601052849363,28.14867017616454,3.2898681336964533e-13,2.731138483331247e-19,0.021664422939155218,12.404115739912644,1.7752858946963977e-08,7.692108892123867e-10,7.692108892123867e-10,6.827846208328118e-18,6.827846208328118e-20,100.0,6.827846208328118e-18,-6.827846208328118e-18,1.2989559627595696e-14,2.4988284421738953e-13,3.844749598903671e-11,1.236300468223874,2.1924748499986314e-11,0.00018862605197565133,0.018862605197565135
30,100000,100,300,10,50,50,844.4601052849363,28.14867017616454,8.882643960980424e-15,1.9909999543484793e-22,0.021664422939155218,12.404115739912644,4.793271915680275e-10,2.076869400873444e-11,2.076869400873444e-11,4.9774998858711995e-21,4.977499885871198e-23,100.0,4.9774998858711995e-21,-4.9774998858711995e-21,3.5071810994508385e-16,2.4988284421738953e-13,3.844749598903671e-11,1.236300468223874,5.919682094996306e-13,0.00018862605197565133,0.06287535065855045
30,3000,100,300,10,100,100,1688.9202105698726,56.29734035232908,3.289868133696453e-10,1.0924553933324991e-12,0.010832211469583526,17.542068708625248,5.021266778735858e-05,1.0878284718489284e-06,1.0878284718492255e-06,2.7311384833297563e-11,2.731138483329756e-13,99.99999999994536,2.7311384833282645e-11,1.6088784050808602e-14,1.8370011394594827e-11,2.4988284421738953e-13,7.68949919780314e-11,2.3968148776204767,2.1924748499986315e-08,0.00018862605197565133,0.0018862605197565133
30,10000,100,300,10,100,100,1688.9202105698726,56.29734035232908,8.882643960980424e-12,7.963999817393918e-16,0.010832211469577614,17.542068708630037,1.3557420302594218e-06,2.937136873992909e-08,2.9371368739929092e-08,1.9909999543484794e-14,1.9909999543484786e-16,99.99999999999997,1.9909999543484784e-14,-5.6991448282827804e-15,4.959903076541957e-13,2.4988284421738953e-13,7.689499197807339e-11,2.3968148776204767,5.919682094996306e-10,0.00018862605197565133,0.006287535065855044
30,30000,100,300,10,100,100,1688.9202105698726,56.29734035232908,3.2898681336964533e-13,1.0924553933324988e-18,0.010832211469577609,17.54206870863004,5.0212667787385996e-08,1.0878284718492255e-09,1.0878284718492255e-09,2.731138483331247e-17,2.731138483331247e-19,100.0,2.731138483331247e-17,-2.731138483331247e-17,1.837001139459984e-14,2.4988284421738953e-13,7.689499197807342e-11,2.3968148776204767,2.1924748499986314e-11,0.00018862605197565133,0.018862605197565135
30,100000,100,300,10,100,100,1688.9202105698726,56.29734035232908,8.882643960980424e-15,7.963999817393917e-22,0.010832211469577609,17.54206870863004,1.355742030259422e-09,2.937136873992909e-11,2.937136873992909e-11,1.9909999543484798e-20,1.9909999543484793e-22,100.0,1.9909999543484798e-20,-1.9909999543484798e-20,4.959903076541957e-16,2.4988284421738953e-13,7.689499197807342e-11,2.3968148776204767,5.919682094996306e-13,0.00018862605197565133,0.06287535065855045
30,3000,100,300,100,0.5,0.5,8.444601052849363,2.814867017616455,3.289868133696453e-08,2.7311384833312478e-14,21.66442293915551,1.240411573991256,1.7752858946963738e-07,7.692108892123815e-06,7.692108892123868e-06,6.827846208328026e-13,6.827846208328029e-15,99.99999999999864,6.827846208327933e-13,-6.635945030971312e-16,1.298955962759561e-12,2.4988284421738953e-13,3.844749598903619e-13,0.014880563062429738,2.1924748499986314e-06,0.00018862605197565133,0.0018862605197565133
30,10000,100,300,100,0.5,0.5,8.444601052849363,2.814867017616455,8.882643960980423e-10,1.990999954348479e-17,21.664422939155216,1.2404115739912644,4.793271915680274e-09,2.076869400873444e-07,2.076869400873444e-07,4.977499885871198e-16,4.977499885871197e-18,100.0,4.977499885871198e-16,-4.977499885871198e-16,3.5071810994508384e-14,2.4988284421738953e-13,3.844749598903671e-13,0.014880563062429738,5.919682094996304e-08,0.00018862605197565133,0.006287535065855044
30,30000,100,300,100,0.5,0.5,8.444601052849363,2.814867017616455,3.289868133696453e-11,2.731138483331248e-20,21.664422939155216,1.2404115739912644,1.775285894696398e-10,7.692108892123868e-09,7.692108892123868e-09,6.827846208328119e-19,6.82784620832812e-21,100.0,6.827846208328119e-19,-6.827846208328119e-19,1.2989559627595696e-15,2.4988284421738953e-13,3.844749598903671e-13,0.014880563062429738,2.1924748499986317e-09,0.00018862605197565133,0.018862605197565135
30,100000,100,300,100,0.5,0.5,8.444601052849363,2.814867017616455,8.882643960980423e-13,1.9909999543484794e-23,21.664422939155216,1.2404115739912644,4.7932719156802745e-12,2.076869400873444e-10,2.076869400873444e-10,4.977499885871199e-22,4.9774998858711985e-24,100.0,4.977499885871199e-22,-4.977499885871199e-22,3.5071810994508386e-17,2.4988284421738953e-13,3.844749598903671e-13,0.014880563062429738,5.919682094996305e-11,0.00018862605197565133,0.06287535065855045
30,3000,100,300,100,2.5,2.5,42.223005264246815,14.074335088082274,3.289868133696453e-08,6.827846208328118e-13,4.332884587832522,2.773644599521504,1.9848299700181618e-06,1.720007837311663e-05,1.7200078373119563e-05,1.7069615520814465e-11,1.7069615520814474e-13,99.99999999996587,1.706961552080864e-11,-2.3790078510329837e-15,2.9045538325085874e-12,2.4988284421738953e-13,1.922374799451179e-12,0.07000357083235298,2.1924748499986314e-06,0.00018862605197565133,0.0018862605197565133
30,10000,100,300,100,2.5,2.5,42.223005264246815,14.074335088082274,8.882643960980423e-10,4.977499885871196e-16,4.332884587831044,2.773644599521977,5.359040919050864e-08,4.644021160742281e-07,4.6440211607422815e-07,1.2443749714677987e-14,1.244374971467799e-16,99.99999999999997,1.2443749714677983e-14,1.7671050005240203e-15,7.842295347774523e-14,2.4988284421738953e-13,1.922374799451835e-12,0.07000357083235298,5.919682094996304e-08,0.00018862605197565133,0.006287535065855044
30,30000,100,300,100,2.5,2.5,42.223005264246815,14.074335088082274,3.289868133696453e-11,6.827846208328119e-19,4.332884587831043,2.7736445995219774,1.9848299700188396e-09,1.7200078373119565e-08,1.7200078373119565e-08,1.70696155208203e-17,1.7069615520820297e-19,100.0,1.70696155208203e-17,-1.70696155208203e-17,2.9045538325090825e-15,2.4988284421738953e-13,1.9223747994518353e-12,0.07000357083235298,2.1924748499986317e-09,0.00018862605197565133,0.018862605197565135
30,100000,100,300,100,2.5,2.5,42.223005264246815,14.074335088082274,8.882643960980423e-13,4.977499885871198e-22,4.332884587831043,2.7736445995219774,5.359040919050867e-11,4.644021160742282e-10,4.644021160742282e-10,1.2443749714677995e-20,1.2443749714677995e-22,100.0,1.2443749714677995e-20,-1.2443749714677995e-20,7.842295347774524e-17,2.4988284421738953e-13,1.9223747994518353e-12,0.07000357083235298,5.919682094996305e-11,0.00018862605197565133,0.06287535065855045
30,3000,100,300,100,10,10,168.89202105698726,56.297340352329094,3.289868133696453e-08,1.0924553933324989e-11,1.0832211469636777,5.547289199028804,1.5878639760063982e-05,3.440015674614517e-05,3.4400156746239126e-05,2.7311384833163294e-10,2.731138483316329e-12,99.99999999945376,2.731138483301411e-10,4.568441326189513e-15,5.8091076650023e-12,2.4988284421738953e-13,7.689499197765339e-12,0.26485707156395766,2.1924748499986314e-06,0.00018862605197565133,0.0018862605197565133
30,10000,100,300,100,10,10,168.89202105698726,56.297340352329094,8.882643960980423e-10,7.963999817393914e-15,1.083221146957765,5.547289199043943,4.287232735240676e-07,9.288042321484544e-07,9.288042321484563e-07,1.9909999543484713e-13,1.9909999543484705e-15,99.9999999999996,1.9909999543484635e-13,-1.480294220182938e-16,1.5684590695549016e-13,2.4988284421738953e-13,7.68949919780731e-12,0.26485707156395766,5.919682094996304e-08,0.00018862605197565133,0.006287535065855044
30,30000,100,300,100,10,10,168.89202105698726,56.297340352329094,3.289868133696453e-11,1.092455393332499e-17,1.0832211469577608,5.547289199043955,1.5878639760150717e-08,3.440015674623913e-08,3.440015674623913e-08,2.731138483331248e-16,2.7311384833312475e-18,100.0,2.731138483331248e-16,-2.731138483331248e-16,5.809107665018165e-15,2.4988284421738953e-13,7.689499197807341e-12,0.26485707156395766,2.1924748499986317e-09,0.00018862605197565133,0.018862605197565135
30,100000,100,300,100,10,10,168.89202105698726,56.297340352329094,8.882643960980423e-13,7.963999817393917e-21,1.0832211469577608,5.547289199043955,4.2872327352406934e-10,9.288042321484564e-10,9.288042321484564e-10,1.9909999543484792e-19,1.9909999543484792e-21,100.0,1.9909999543484792e-19,-1.9909999543484792e-19,1.5684590695549048e-16,2.4988284421738953e-13,7.689499197807341e-12,0.26485707156395766,5.919682094996305e-11,0.00018862605197565133,0.06287535065855045
30,3000,100,300,100,50,50,844.4601052849363,281.48670176164546,3.289868133696453e-08,2.731138483331247e-10,0.2166442294211364,12.404115739065709,0.00017752858944539705,7.692108891598661e-05,7.692108892123868e-05,6.827846207395728e-09,6.82784620739573e-11,99.9999999863443,6.82784620646334e-09,5.259856210223879e-16,1.2989559626708789e-11,2.4988284421738953e-13,3.8447495983786435e-11,1.236300468223874,2.1924748499986314e-06,0.00018862605197565133,0.0018862605197565133
30,10000,100,300,100,50,50,844.4601052849363,281.48670176164546,8.882643960980423e-10,1.9909999543484786e-13,0.2166442293915737,12.404115739912026,4.793271915679797e-06,2.0768694008733404e-06,2.0768694008734438e-06,4.977499885870701e-12,4.977499885870701e-14,99.99999999999005,4.9774998858702055e-12,-3.7007355495041736e-15,3.507181099450663e-13,2.4988284421738953e-13,3.844749598903288e-11,1.236300468223874,5.919682094996304e-08,0.00018862605197565133,0.006287535065855044
30,30000,100,300,100,50,50,844.4601052849363,281.48670176164546,3.289868133696453e-11,2.7311384833312474e-16,0.21664422939155217,12.404115739912642,1.775285894696398e-07,7.692108892123866e-08,7.692108892123868e-08,6.827846208328118e-15,6.827846208328119e-17,99.99999999999999,6.827846208328118e-15,7.383008506873885e-15,1.2989559627595693e-14,2.4988284421738953e-13,3.8447495989036706e-11,1.236300468223874,2.1924748499986317e-09,0.00018862605197565133,0.018862605197565135
30,100000,100,300,100,50,50,844.4601052849363,281.48670176164546,8.882643960980423e-13,1.990999954348479e-19,0.21664422939155217,12.404115739912644,4.793271915680274e-09,2.076869400873444e-09,2.076869400873444e-09,4.977499885871199e-18,4.9774998858711974e-20,100.0,4.977499885871199e-18,-4.977499885871199e-18,3.5071810994508385e-16,2.4988284421738953e-13,3.844749598903671e-11,1.236300468223874,5.919682094996305e-11,0.00018862605197565133,0.06287535065855045
30,3000,100,300,100,100,100,1688.9202105698726,562.9734035232909,3.289868133696453e-08,1.0924553933324988e-09,0.10832211475494463,17.542068703839057,0.0005021266775995846,0.00010878284715521245,0.00010878284718492256,2.731138481839425e-08,2.7311384818394227e-10,99.99999994537724,2.731138480347601e-08,-1.2084534881269247e-14,1.8370011389582737e-11,2.4988284421738953e-13,7.689499193607125e-11,2.3968148776204767,2.1924748499986314e-06,0.00018862605197565133,0.0018862605197565133
30,10000,100,300,100,100,100,1688.9202105698726,562.9734035232909,8.882643960980423e-10,7.963999817393914e-13,0.10832211469581922,17.542068708626548,1.3557420302588819e-05,2.9371368739923237e-06,2.9371368739929086e-06,1.9909999543476857e-11,1.9909999543476865e-13,99.99999999996018,1.9909999543468928e-11,-5.920874709207381e-16,4.95990307654097e-13,2.4988284421738953e-13,7.689499197804279e-11,2.3968148776204767,5.919682094996304e-08,0.00018862605197565133,0.006287535065855044
30,30000,100,300,100,100,100,1688.9202105698726,562.9734035232909,3.289868133696453e-11,1.092455393332499e-15,0.10832211469577613,17.542068708630037,5.021266778738599e-07,1.0878284718492254e-07,1.0878284718492257e-07,2.7311384833312466e-14,2.7311384833312464e-16,99.99999999999996,2.7311384833312456e-14,-1.3100530118110452e-14,1.8370011394599836e-14,2.4988284421738953e-13,7.689499197807337e-11,2.3968148776204767,2.1924748499986317e-09,0.00018862605197565133,0.018862605197565135
30,100000,100,300,100,100,100,1688.9202105698726,562.9734035232909,8.882643960980423e-13,7.963999817393916e-19,0.10832211469577609,17.54206870863004,1.355742030259422e-08,2.937136873992909e-09,2.937136873992909e-09,1.9909999543484795e-17,1.990999954348479e-19,100.0,1.9909999543484795e-17,-1.9909999543484795e-17,4.959903076541957e-16,2.4988284421738953e-13,7.689499197807342e-11,2.3968148776204767,5.919682094996305e-11,0.00018862605197565133,0.06287535065855045
30,10000,100,1000,1,0.5,0.5,28.148670176164543,0.028148670176164545,9.869604401089358e-13,7.3740739049943675e-22,0.21664422939155217,0.679401399665504,2.917092391637874e-10,1.2639424665006943e-10,1.2639424665006943e-10,1.8435184762485917e-20,1.8435184762485919e-22,100.0,1.8435184762485917e-20,-1.8435184762485917e-20,2.13440244602777e-13,3.08497338539987e-11,1.4239813329272857e-11,0.016196940829434008,6.577424549995893e-11,0.0006287535065855045,0.006287535065855044
30,30000,100,1000,1,0.5,0.5,28.148670176164543,0.028148670176164545,3.655409037440503e-14,1.0115327716041659e-24,0.21664422939155217,0.679401399665504,1.080404589495509e-11,4.681268394447016e-12,4.681268394447016e-12,2.5288319290104146e-23,2.5288319290104148e-25,100.0,2.5288319290104146e-23,-2.5288319290104146e-23,7.905194244547296e-15,3.08497338539987e-11,1.4239813329272857e-11,0.016196940829434008,2.4360831666651457e-12,0.0006287535065855045,0.018862605197565135
30,100000,100,1000,1,0.5,0.5,28.148670176164543,0.028148670176164545,9.869604401089359e-16,7.374073904994368e-28,0.21664422939155217,0.679401399665504,2.917092391637874e-13,1.263942466500694e-13,1.263942466500694e-13,1.8435184762485916e-26,1.843518476248592e-28,100.0,1.8435184762485916e-26,-1.8435184762485916e-26,2.13440244602777e-16,3.08497338539987e-11,1.4239813329272857e-11,0.016196940829434008,6.577424549995893e-14,0.0006287535065855045,0.06287535065855045
30,10000,100,1000,1,2.5,2.5,140.7433508808227,0.1407433508808227,9.869604401089358e-13,1.8435184762485914e-20,0.043328845878310436,1.5191877136605696,3.2614084421748624e-09,2.8262612747443025e-10,2.8262612747443025e-10,4.608796190621479e-19,4.6087961906214785e-21,100.0,4.608796190621479e-19,-4.608796190621479e-19,4.77266896065992e-13,3.08497338539987e-11,7.119906664636427e-11,0.07658545966737433,6.577424549995893e-11,0.0006287535065855045,0.006287535065855044
30,30000,100,1000,1,2.5,2.5,140.7433508808227,0.1407433508808227,3.655409037440503e-14,2.528831929010414e-23,0.043328845878310436,1.5191877136605696,1.2079290526573564e-10,1.0467634350904826e-11,1.0467634350904826e-11,6.322079822526035e-22,6.322079822526035e-24,100.0,6.322079822526035e-22,-6.322079822526035e-22,1.7676551706147848e-14,3.08497338539987e-11,7.119906664636427e-11,0.07658545966737433,2.4360831666651457e-12,0.0006287535065855045,0.018862605197565135
30,100000,100,1000,1,2.5,2.5,140.7433508808227,0.1407433508808227,9.869604401089359e-16,1.8435184762485913e-26,0.043328845878310436,1.5191877136605696,3.2614084421748624e-12,2.826261274744303e-13,2.826261274744303e-13,4.608796190621479e-25,4.608796190621478e-27,100.0,4.608796190621479e-25,-4.608796190621479e-25,4.77266896065992e-16,3.08497338539987e-11,7.119906664636427e-11,0.07658545966737433,6.577424549995893e-14,0.0006287535065855045,0.06287535065855045
30,10000,100,1000,1,10,10,562.9734035232908,0.5629734035232908,9.869604401089358e-13,2.9496295619977463e-19,0.010832211469577609,3.038375427321139,2.60912675373989e-08,5.652522549488605e-10,5.652522549488605e-10,7.374073904994366e-18,7.374073904994366e-20,100.0,7.374073904994366e-18,-7.374073904994366e-18,9.54533792131984e-13,3.08497338539987e-11,2.847962665854571e-10,0.291184626904043,6.577424549995893e-11,0.0006287535065855045,0.006287535065855044
30,30000,100,1000,1,10,10,562.9734035232908,0.5629734035232908,3.655409037440503e-14,4.0461310864166624e-22,0.010832211469577609,3.038375427321139,9.663432421258851e-10,2.093526870180965e-11,2.093526870180965e-11,1.0115327716041657e-20,1.0115327716041656e-22,100.0,1.0115327716041657e-20,-1.0115327716041657e-20,3.5353103412295696e-14,3.08497338539987e-11,2.847962665854571e-10,0.291184626904043,2.4360831666651457e-12,0.0006287535065855045,0.018862605197565135
30,100000,100,1000,1,10,10,562.9734035232908,0.5629734035232908,9.869604401089359e-16,2.949629561997746e-25,0.010832211469577609,3.038375427321139,2.60912675373989e-11,5.652522549488606e-13,5.652522549488606e-13,7.374073904994366e-24,7.374073904994365e-26,100.0,7.374073904994366e-24,-7.374073904994366e-24,9.54533792131984e-16,3.08497338539987e-11,2.847962665854571e-10,0.291184626904043,6.577424549995893e-14,0.0006287535065855045,0.06287535065855045
30,10000,100,1000,1,50,50,2814.867017616454,2.814867017616454,9.869604401089358e-13,7.374073904994366e-18,0.002166442293915522,6.79401399665504,2.917092391637874e-07,1.2639424665006942e-09,1.2639424665006942e-09,1.8435184762485914e-16,1.8435184762485915e-18,100.0,1.8435184762485914e-16,-1.8435184762485914e-16,2.1344024460277705e-12,3.08497338539987e-11,1.4239813329272855e-09,1.367938244924301,6.577424549995893e-11,0.0006287535065855045,0.006287535065855044
30,30000,100,1000,1,50,50,2814.867017616454,2.814867017616454,3.655409037440503e-14,1.0115327716041657e-20,0.002166442293915522,6.79401399665504,1.0804045894955088e-08,4.681268394447016e-11,4.681268394447016e-11,2.528831929010414e-19,2.528831929010414e-21,100.0,2.528831929010414e-19,-2.528831929010414e-19,7.905194244547296e-14,3.08497338539987e-11,1.4239813329272855e-09,1.367938244924301,2.4360831666651457e-12,0.0006287535065855045,0.018862605197565135
30,100000,100,1000,1,50,50,2814.867017616454,2.814867017616454,9.869604401089359e-16,7.374073904994366e-24,0.002166442293915522,6.79401399665504,2.9170923916378734e-10,1.2639424665006943e-12,1.2639424665006943e-12,1.8435184762485914e-22,1.8435184762485916e-24,100.0,1.8435184762485914e-22,-1.8435184762485914e-22,2.1344024460277703e-15,3.08497338539987e-11,1.4239813329272855e-09,1.367938244924301,6.577424549995893e-14,0.0006287535065855045,0.06287535065855045
30,10000,100,1000,1,100,100,5629.734035232908,5.629734035232908,9.869604401089358e-13,2.9496295619977464e-17,0.001083221146957761,9.608186737022193,8.250783245899298e-07,1.787484578184583e-09,1.787484578184583e-09,7.374073904994366e-16,7.374073904994366e-18,100.0,7.374073904994366e-16,-7.374073904994366e-16,3.018500886734781e-12,3.08497338539987e-11,2.847962665854571e-09,2.6600904310213305,6.577424549995893e-11,0.0006287535065855045,0.006287535065855044
30,30000,100,1000,1,100,100,5629.734035232908,5.629734035232908,3.655409037440503e-14,4.0461310864166627e-20,0.001083221146957761,9.608186737022193,3.0558456466293697e-08,6.620313252535493e-11,6.620313252535493e-11,1.0115327716041655e-18,1.0115327716041657e-20,100.0,1.0115327716041655e-18,-1.0115327716041655e-18,1.117963291383252e-13,3.08497338539987e-11,2.847962665854571e-09,2.6600904310213305,2.4360831666651457e-12,0.0006287535065855045,0.018862605197565135
30,100000,100,1000,1,100,100,5629.734035232908,5.629734035232908,9.869604401089359e-16,2.9496295619977466e-23,0.001083221146957761,9.608186737022193,8.250783245899298e-10,1.7874845781845831e-12,1.7874845781845831e-12,7.374073904994366e-22,7.374073904994366e-24,100.0,7.374073904994366e-22,-7.374073904994366e-22,3.0185008867347807e-15,3.08497338539987e-11,2.847962665854571e-09,2.6600904310213305,6.577424549995893e-14,0.0006287535065855045,0.06287535065855045
30,10000,100,1000,10,0.5,0.5,28.148670176164543,0.2814867017616454,9.869604401089359e-11,7.374073904994369e-19,2.1664422939155217,0.679401399665504,2.9170923916378743e-09,1.2639424665006943e-08,1.2639424665006943e-08,1.843518476248592e-17,1.8435184762485922e-19,100.0,1.843518476248592e-17,-1.843518476248592e-17,2.13440244602777e-13,3.08497338539987e-11,1.4239813329272857e-11,0.016196940829434008,6.5774245499958935e-09,0.0006287535065855045,0.006287535065855044
30,30000,100,1000,10,0.5,0.5,28.148670176164543,0.2814867017616454,3.6554090374405035e-12,1.0115327716041657e-21,2.1664422939155217,0.679401399665504,1.080404589495509e-10,4.681268394447016e-10,4.681268394447016e-10,2.5288319290104143e-20,2.5288319290104143e-22,100.0,2.5288319290104143e-20,-2.5288319290104143e-20,7.905194244547296e-15,3.08497338539987e-11,1.4239813329272857e-11,0.016196940829434008,2.4360831666651457e-10,0.0006287535065855045,0.018862605197565135
30,100000,100,1000,10,0.5,0.5,28.148670176164543,0.2814867017616454,9.869604401089359e-14,7.3740739049943695e-25,2.1664422939155217,0.679401399665504,2.9170923916378743e-12,1.2639424665006943e-11,1.2639424665006943e-11,1.843518476248592e-23,1.8435184762485924e-25,100.0,1.843518476248592e-23,-1.843518476248592e-23,2.13440244602777e-16,3.08497338539987e-11,1.4239813329272857e-11,0.016196940829434008,6.577424549995894e-12,0.0006287535065855045,0.06287535065855045
30,10000,100,1000,10,2.5,2.5,140.7433508808227,1.407433508808227,9.869604401089359e-11,1.8435184762485918e-17,0.43328845878310435,1.5191877136605696,3.261408442174863e-08,2.826261274744303e-08,2.826261274744303e-08,4.608796190621479e-16,4.608796190621479e-18,100.0,4.608796190621479e-16,-4.608796190621479e-16,4.77266896065992e-13,3.08497338539987e-11,7.119906664636427e-11,0.07658545966737433,6.5774245499958935e-09,0.0006287535065855045,0.006287535065855044
30,30000,100,1000,10,2.5,2.5,140.7433508808227,1.407433508808227,3.6554090374405035e-12,2.528831929010414e-20,0.43328845878310435,1.5191877136605696,1.2079290526573567e-09,1.0467634350904825e-09,1.0467634350904825e-09,6.322079822526036e-19,6.322079822526035e-21,100.0,6.322079822526036e-19,-6.322079822526036e-19,1.7676551706147848e-14,3.08497338539987e-11,7.119906664636427e-11,0.07658545966737433,2.4360831666651457e-10,0.0006287535065855045,0.018862605197565135
30,100000,100,1000,10,2.5,2.5,140.7433508808227,1.407433508808227,9.869604401089359e-14,1.8435184762485918e-23,0.43328845878310435,1.5191877136605696,3.261408442174863e-11,2.826261274744303e-11,2.826261274744303e-11,4.60879619062148e-22,4.6087961906214795e-24,100.0,4.60879619062148e-22,-4.60879619062148e-22,4.77266896065992e-16,3.08497338539987e-11,7.119906664636427e-11,0.07658545966737433,6.577424549995894e-12,0.0006287535065855045,0.06287535065855045
30,10000,100,1000,10,10,10,562.9734035232908,5.629734035232908,9.869604401089359e-11,2.949629561997747e-16,0.10832211469577609,3.038375427321139,2.60912675373989e-07,5.652522549488606e-08,5.652522549488606e-08,7.374073904994366e-15,7.374073904994367e-17,99.99999999999999,7.374073904994366e-15,-7.374073904994366e-15,9.54533792131984e-13,3.08497338539987e-11,2.84796266585457e-10,0.291184626904043,6.5774245499958935e-09,0.0006287535065855045,0.006287535065855044
30,30000,100,1000,10,10,10,562.9734035232908,5.629734035232908,3.6554090374405035e-12,4.0461310864166623e-19,0.10832211469577609,3.038375427321139,9.663432421258854e-09,2.093526870180965e-09,2.093526870180965e-09,1.0115327716041657e-17,1.0115327716041656e-19,100.0,1.0115327716041657e-17,-1.0115327716041657e-17,3.5353103412295696e-14,3.08497338539987e-11,2.847962665854571e-10,0.291184626904043,2.4360831666651457e-10,0.0006287535065855045,0.018862605197565135
30,100000,100,1000,10,10,10,562.9734035232908,5.629734035232908,9.869604401089359e-14,2.949629561997747e-22,0.10832211469577609,3.038375427321139,2.6091267537398904e-10,5.652522549488606e-11,5.652522549488606e-11,7.374073904994368e-21,7.374073904994367e-23,100.0,7.374073904994368e-21,-7.374073904994368e-21,9.54533792131984e-16,3.08497338539987e-11,2.847962665854571e-10,0.291184626904043,6.577424549995894e-12,0.0006287535065855045,0.06287535065855045
30,10000,100,1000,10,50,50,2814.867017616454,28.14867017616454,9.869604401089359e-11,7.374073904994368e-15,0.021664422939155294,6.794013996655027,2.9170923916378637e-06,1.2639424665006918e-07,1.2639424665006944e-07,1.8435184762485853e-13,1.8435184762485853e-15,99.99999999999963,1.8435184762485788e-13,3.892636727681702e-16,2.134402446027766e-12,3.08497338539987e-11,1.4239813329272801e-09,1.367938244924301,6.5774245499958935e-09,0.0006287535065855045,0.006287535065855044
30,30000,100,1000,10,50,50,2814.867017616454,28.14867017616454,3.6554090374405035e-12,1.0115327716041655e-17,0.021664422939155218,6.79401399665504,1.080404589495509e-07,4.681268394447016e-09,4.681268394447016e-09,2.528831929010414e-16,2.528831929010414e-18,100.0,2.528831929010414e-16,-2.528831929010414e-16,7.905194244547296e-14,3.08497338539987e-11,1.4239813329272855e-09,1.367938244924301,2.4360831666651457e-10,0.0006287535065855045,0.018862605197565135
30,100000,100,1000,10,50,50,2814.867017616454,28.14867017616454,9.869604401089359e-14,7.374073904994368e-21,0.021664422939155218,6.79401399665504,2.9170923916378743e-09,1.2639424665006943e-10,1.2639424665006943e-10,1.8435184762485922e-19,1.843518476248592e-21,100.0,1.8435184762485922e-19,-1.8435184762485922e-19,2.1344024460277703e-15,3.08497338539987e-11,1.4239813329272855e-09,1.367938244924301,6.577424549995894e-12,0.0006287535065855045,0.06287535065855045
30,10000,100,1000,10,100,100,5629.734035232908,56.29734035232908,9.869604401089359e-11,2.949629561997747e-14,0.010832211469577769,9.608186737022121,8.250783245899176e-06,1.78748457818457e-07,1.7874845781845831e-07,7.374073904994258e-13,7.37407390499426e-15,99.99999999999852,7.374073904994149e-13,1.5570546910893414e-15,3.0185008867347584e-12,3.08497338539987e-11,2.847962665854529e-09,2.6600904310213305,6.5774245499958935e-09,0.0006287535065855045,0.006287535065855044
30,30000,100,1000,10,100,100,5629.734035232908,56.29734035232908,3.6554090374405035e-12,4.046131086416662e-17,0.010832211469577609,9.608186737022193,3.05584564662937e-07,6.6203132525354935e-09,6.6203132525354935e-09,1.0115327716041656e-15,1.0115327716041655e-17,100.0,1.0115327716041656e-15,-1.0115327716041656e-15,1.117963291383252e-13,3.08497338539987e-11,2.847962665854571e-09,2.6600904310213305,2.4360831666651457e-10,0.0006287535065855045,0.018862605197565135
30,100000,100,1000,10,100,100,5629.734035232908,56.29734035232908,9.869604401089359e-14,2.949629561997747e-20,0.010832211469577609,9.608186737022193,8.2507832458993e-09,1.7874845781845831e-10,1.7874845781845831e-10,7.374073904994369e-19,7.374073904994368e-21,100.0,7.374073904994369e-19,-7.374073904994369e-19,3.0185008867347807e-15,3.08497338539987e-11,2.847962665854571e-09,2.6600904310213305,6.577424549995894e-12,0.0006287535065855045,0.06287535065855045
30,10000,100,1000,100,0.5,0.5,28.148670176164543,2.814867017616455,9.869604401089358e-09,7.374073904994369e-16,21.66442293915522,0.6794013996655038,2.9170923916378736e-08,1.263942466500694e-06,1.2639424665006943e-06,1.8435184762485916e-14,1.8435184762485922e-16,99.99999999999996,1.8435184762485913e-14,9.986524667918095e-15,2.13440244602777e-13,3.08497338539987e-11,1.423981332927285e-11,0.016196940829434008,6.577424549995894e-07,0.0006287535065855045,0.006287535065855044
30,30000,100,1000,100,0.5,0.5,28.148670176164543,2.814867017616455,3.6554090374405033e-10,1.0115327716041655e-18,21.664422939155216,0.679401399665504,1.0804045894955088e-09,4.681268394447016e-08,4.681268394447016e-08,2.528831929010414e-17,2.528831929010414e-19,100.0,2.528831929010414e-17,-2.528831929010414e-17,7.905194244547296e-15,3.08497338539987e-11,1.4239813329272857e-11,0.016196940829434008,2.4360831666651456e-08,0.0006287535065855045,0.018862605197565135
30,100000,100,1000,100,0.5,0.5,28.148670176164543,2.814867017616455,9.869604401089358e-12,7.3740739049943675e-22,21.664422939155216,0.679401399665504,2.917092391637874e-11,1.2639424665006942e-09,1.2639424665006942e-09,1.8435184762485917e-20,1.8435184762485919e-22,100.0,1.8435184762485917e-20,-1.8435184762485917e-20,2.13440244602777e-16,3.08497338539987e-11,1.4239813329272857e-11,0.016196940829434008,6.577424549995893e-10,0.0006287535065855045,0.06287535065855045
30,10000,100,1000,100,2.5,2.5,140.7433508808227,14.074335088082274,9.869604401089358e-09,1.843518476248592e-14,4.332884587831082,1.5191877136605627,3.261408442174833e-07,2.8262612747442903e-06,2.826261274744303e-06,4.608796190621437e-13,4.608796190621439e-15,99.99999999999908,4.608796190621395e-13,8.078586539526577e-15,4.772668960659899e-13,3.08497338539987e-11,7.119906664636361e-11,0.07658545966737433,6.577424549995894e-07,0.0006287535065855045,0.006287535065855044
30,30000,100,1000,100,2.5,2.5,140.7433508808227,14.074335088082274,3.6554090374405033e-10,2.5288319290104137e-17,4.332884587831043,1.5191877136605696,1.2079290526573564e-08,1.0467634350904825e-07,1.0467634350904825e-07,6.322079822526034e-16,6.322079822526034e-18,100.0,6.322079822526034e-16,-6.322079822526034e-16,1.7676551706147848e-14,3.08497338539987e-11,7.119906664636427e-11,0.07658545966737433,2.4360831666651456e-08,0.0006287535065855045,0.018862605197565135
30,100000,100,1000,100,2.5,2.5,140.7433508808227,14.074335088082274,9.869604401089358e-12,1.8435184762485917e-20,4.332884587831043,1.5191877136605696,3.261408442174863e-10,2.8262612747443025e-09,2.8262612747443025e-09,4.608796190621479e-19,4.608796190621479e-21,100.0,4.608796190621479e-19,-4.608796190621479e-19,4.77266896065992e-16,3.08497338539987e-11,7.119906664636427e-11,0.07658545966737433,6.577424549995893e-10,0.0006287535065855045,0.06287535065855045
30,10000,100,1000,100,10,10,562.9734035232908,56.297340352329094,9.869604401089358e-09,2.949629561997747e-13,1.0832211469579205,3.0383754273209154,2.609126753739506e-06,5.652522549488189e-06,5.652522549488606e-06,7.374073904993283e-12,7.374073904993281e-14,99.99999999998526,7.374073904992195e-12,-1.285116251755755e-14,9.545337921319137e-13,3.08497338539987e-11,2.847962665854151e-10,0.291184626904043,6.577424549995894e-07,0.0006287535065855045,0.006287535065855044
30,30000,100,1000,100,10,10,562.9734035232908,56.297340352329094,3.6554090374405033e-10,4.046131086416662e-16,1.083221146957761,3.038375427321139,9.663432421258849e-08,2.093526870180965e-07,2.093526870180965e-07,1.0115327716041651e-14,1.0115327716041655e-16,99.99999999999999,1.0115327716041648e-14,-1.0115327716041648e-14,3.5353103412295696e-14,3.08497338539987e-11,2.84796266585457e-10,0.291184626904043,2.4360831666651456e-08,0.0006287535065855045,0.018862605197565135
30,100000,100,1000,100,10,10,562.9734035232908,56.297340352329094,9.869604401089358e-12,2.9496295619977467e-19,1.0832211469577608,3.038375427321139,2.60912675373989e-09,5.652522549488605e-09,5.652522549488605e-09,7.374073904994366e-18,7.374073904994367e-20,100.0,7.374073904994366e-18,-7.374073904994366e-18,9.54533792131984e-16,3.08497338539987e-11,2.847962665854571e-10,0.291184626904043,6.577424549995893e-10,0.0006287535065855045,0.06287535065855045
30,10000,100,1000,100,50,50,2814.867017616454,281.48670176164546,9.869604401089358e-09,7.374073904994367e-12,0.21664422939235095,6.794013996642514,2.9170923916271184e-05,1.2639424664983641e-05,1.2639424665006944e-05,1.8435184762417945e-10,1.843518476241795e-12,99.99999999963129,1.8435184762349974e-10,5.5705968158497066e-15,2.134402446023835e-12,3.08497338539987e-11,1.423981332922035e-09,1.367938244924301,6.577424549995894e-07,0.0006287535065855045,0.006287535065855044
30,30000,100,1000,100,50,50,2814.867017616454,281.48670176164546,3.6554090374405033e-10,1.0115327716041653e-14,0.21664422939155328,6.794013996655022,1.0804045894955031e-06,4.6812683944470036e-07,4.681268394447016e-07,2.5288319290104007e-13,2.5288319290103998e-15,99.99999999999949,2.5288319290103875e-13,2.9121919725973136e-15,7.905194244547277e-14,3.08497338539987e-11,1.423981332927278e-09,1.367938244924301,2.4360831666651456e-08,0.0006287535065855045,0.018862605197565135
30,100000,100,1000,100,50,50,2814.867017616454,281.48670176164546,9.869604401089358e-12,7.374073904994366e-18,0.21664422939155217,6.79401399665504,2.9170923916378736e-08,1.2639424665006943e-08,1.2639424665006943e-08,1.8435184762485914e-16,1.8435184762485915e-18,100.0,1.8435184762485914e-16,-1.8435184762485914e-16,2.1344024460277703e-15,3.08497338539987e-11,1.4239813329272855e-09,1.367938244924301,6.577424549995893e-10,0.0006287535065855045,0.06287535065855045
30,10000,100,1000,100,100,100,5629.734035232908,562.9734035232909,9.869604401089358e-09,2.949629561997747e-11,0.10832211469737364,9.60818673695134,8.250783245777615e-05,1.7874845781714022e-05,1.7874845781845834e-05,7.374073904885613e-10,7.374073904885612e-12,99.99999999852518,7.374073904776858e-10,8.071548861335875e-15,3.0185008867125223e-12,3.08497338539987e-11,2.8479626658125684e-09,2.6600904310213305,6.577424549995894e-07,0.0006287535065855045,0.006287535065855044
30,30000,100,1000,100,100,100,5629.734035232908,562.9734035232909,3.6554090374405033e-10,4.046131086416661e-14,0.10832211469577828,9.608186737022095,3.0558456466293076e-06,6.620313252535426e-07,6.620313252535492e-07,1.011532771604145e-12,1.0115327716041446e-14,99.99999999999797,1.0115327716041243e-12,1.164876789041995e-14,1.1179632913832405e-13,3.08497338539987e-11,2.847962665854513e-09,2.6600904310213305,2.4360831666651456e-08,0.0006287535065855045,0.018862605197565135
30,100000,100,1000,100,100,100,5629.734035232908,562.9734035232909,9.869604401089358e-12,2.9496295619977464e-17,0.10832211469577609,9.608186737022193,8.250783245899298e-08,1.787484578184583e-08,1.787484578184583e-08,7.374073904994366e-16,7.374073904994366e-18,100.0,7.374073904994366e-16,-7.374073904994366e-16,3.0185008867347807e-15,3.08497338539987e-11,2.847962665854571e-09,2.6600904310213305,6.577424549995893e-10,0.0006287535065855045,0.06287535065855045
